Gene symbol	B cells naive	B cells memory	Plasma cells	T cells CD8	T cells CD4 naive	T cells CD4 memory resting	T cells CD4 memory activated	T cells follicular helper	T cells regulatory (Tregs)	T cells gamma delta	NK cells resting	NK cells activated	Monocytes	Macrophages M0	Macrophages M1	Macrophages M2	Dendritic cells resting	Dendritic cells activated	Mast cells resting	Mast cells activated	Eosinophils	Neutrophils
ABCB9	0.0	0.010178	1.0	0.013516	0.031465	0.022648	0.03583	0.003138	0.047775	0.006448	0.009815	0.001243	0.007378	0.063733	0.021602	0.038864	0.169946	0.0122	0.059366	0.012562	0.022238	0.028341
ACAP1	0.059259	0.092029	0.004797	0.318273	0.544668	0.277135	0.097966	0.334358	0.607975	0.079223	0.150907	0.112361	0.05173	0.007989	0.002441	0.0	0.011815	0.001035	0.025012	0.015582	0.207563	0.176611
ACHE	0.001243	0.002369	0.006395	0.0	0.01012	0.00369	1e-05	0.001013	0.008255	0.014879	0.002372	1e-05	0.002167	0.000195	1.0	0.025858	0.002418	0.132191	0.000383	0.005202	0.019848	0.006868
ACP5	0.026986	0.124831	0.064835	0.004934	0.037199	0.023447	0.000682	0.034792	0.05297	0.018747	0.007474	0.0	0.020143	0.986686	0.060593	0.544296	1.0	0.276067	0.001783	0.006191	0.045731	0.004995
ADAM28	1.0	0.589345	0.164384	0.008462	0.017429	0.007711	0.004602	0.009284	0.035341	0.00933	0.096681	0.045478	0.026848	0.025122	0.138505	0.182915	0.015999	0.02422	0.067903	0.057078	0.278568	0.063172
ADAMDEC1	0.042843	0.036673	0.014307	0.004522	0.008789	0.004853	0.002871	0.007354	0.017681	0.0265	0.0073	0.004966	0.011764	0.523386	1.0	0.586865	0.018636	0.208797	0.085008	0.183573	0.019849	0.021062
ADAMTS3	0.220183	0.158069	0.108999	0.059565	0.116585	0.082768	0.07662	0.048766	0.112003	0.094964	0.042614	0.072608	0.078762	0.06447	0.044014	0.045579	0.069325	0.062407	1.0	0.622538	0.149843	0.186392
ADRB2	0.089902	0.095117	0.046719	0.180707	0.0	0.11382	0.01443	0.004399	0.030739	0.50561	0.413133	0.50166	0.129128	0.014471	0.156095	0.062843	0.021637	0.001265	1.0	0.617533	0.415657	0.144679
AIF1	0.000361	9e-05	0.000209	0.052271	0.050523	0.001162	0.001476	0.0	0.000743	0.077127	0.006259	0.000296	0.623771	0.131606	0.114992	0.837165	0.235924	0.000567	0.132318	0.119426	0.002318	0.450791
AIM2	0.060438	1.0	0.306252	0.052969	0.0	0.043111	0.72623	0.236194	0.057691	0.078206	0.006726	0.017273	0.106881	0.027862	0.649011	0.020349	0.026748	0.189642	0.008119	0.001126	0.013482	0.164469
ALOX15	0.00241	0.002934	0.001321	0.001563	0.004589	0.002333	0.0	0.002727	0.005907	0.003175	0.008593	0.001563	0.001572	0.000476	6e-05	0.146479	1.0	0.00865	0.002033	0.001866	0.120607	0.008556
ALOX5	0.177044	0.239847	0.015584	0.004383	0.004006	0.009733	0.002417	0.0	0.010836	0.040788	0.012243	0.008728	0.195064	0.0756	0.004846	0.021407	0.008375	0.003823	0.060812	0.055774	0.143041	0.289167
AMPD1	0.086978	0.071705	1.0	0.021337	0.022185	0.027717	0.022119	0.017301	0.025707	0.03726	0.019023	0.019533	0.032007	0.024803	0.020105	0.019293	0.02901	0.019522	0.018049	0.024437	0.038737	0.057097
ANGPT4	0.092906	0.084997	1.0	0.187141	0.088265	0.186225	0.427111	0.435203	0.120626	0.119724	0.032852	0.106255	0.065795	0.16375	0.084585	0.043467	0.070059	0.04438	0.137873	0.128775	0.05659	0.143586
ANKRD55	0.149544	0.114041	0.058904	0.072184	1.0	0.231942	0.038618	0.579356	0.062526	0.09091	0.040575	0.043325	0.063733	0.062374	0.047523	0.021694	0.053932	0.067772	0.078434	0.051912	0.574458	0.220462
APOBEC3A	0.0174	0.0151	0.016891	0.010575	0.018261	0.008493	0.009397	0.011834	0.005562	0.128659	0.044444	0.022739	0.43195	0.014319	0.805844	0.025711	0.018383	0.471757	0.011931	0.005018	0.202927	1.0
APOBEC3G	0.124255	0.107209	0.21067	0.217146	0.015324	0.245889	0.15386	0.021009	0.08931	0.599597	0.703109	1.0	0.076197	0.008666	0.0959	0.006311	0.0	0.136899	0.048745	0.014237	0.011834	0.030027
APOL3	0.011402	0.039609	0.060182	0.101815	0.078138	0.139016	0.093599	0.023179	0.082049	0.098529	0.098476	0.082909	0.082724	0.012866	1.0	0.031098	0.011125	0.069951	0.015256	0.0	0.000879	0.000752
APOL6	0.011812	0.00588	0.001954	0.002596	0.00625	0.002586	0.053619	0.001274	0.007711	0.003916	0.007178	0.378961	0.006102	0.007442	1.0	0.001905	0.00331	0.1597	0.017862	0.002333	0.0	0.013642
AQP9	0.00064	0.000185	0.000225	8e-05	0.000118	0.000169	3.9e-05	0.000445	0.003775	0.012875	0.005907	0.0	0.148356	0.333812	0.31379	0.028255	0.081798	0.105332	0.041187	0.136104	0.008489	1.0
ARHGAP22	0.008096	0.012693	0.004466	0.011585	0.020608	0.004061	0.001649	0.004995	0.007401	0.000654	0.02416	0.005664	0.014877	0.055428	0.11463	0.08821	0.103935	1.0	0.012167	0.014116	0.023895	0.003315
ARRB1	0.005597	0.005086	0.007729	0.007798	0.007534	0.012042	0.010559	0.007348	0.0	0.005028	0.034481	0.091317	0.301161	0.226738	0.653477	0.270037	0.024527	0.017253	0.025474	0.016296	0.012662	0.017312
ASGR1	0.006271	0.006557	0.006577	0.00124	0.001001	0.00143	0.000539	0.0	0.002532	0.052573	0.001	0.001776	0.170451	0.018175	0.003529	0.02638	0.012465	0.005017	0.008753	0.010658	0.006188	0.012272
ASGR2	0.010758	0.012445	0.012447	0.010536	0.013815	0.016104	0.012702	0.011277	0.049123	0.074035	0.010431	0.01058	0.683413	0.013467	0.008961	0.348526	0.019312	0.00763	0.007857	0.006259	0.020432	0.019841
ATHL1	0.064361	0.09598	0.142382	0.14691	1.0	0.144809	0.03859	0.32768	0.042233	0.035915	0.10253	0.047239	0.029565	0.004879	0.026593	0.020022	0.000897	0.0	0.008665	0.00643	0.057115	0.228851
ATP8B4	0.04555	0.027819	0.026335	0.019624	0.014854	0.010578	0.023264	0.0	0.014247	0.037292	0.281169	0.484977	0.091662	0.037099	0.00207	0.546341	0.294873	0.038682	0.852118	1.0	0.172034	0.032102
ATXN8OS	0.132506	0.12129	1.0	0.079057	0.075216	0.083311	0.085847	0.081488	0.115116	0.177663	0.065463	0.058143	0.065992	0.070493	0.088591	0.073611	0.065476	0.0811	0.156996	0.051761	0.13562	0.105692
AZU1	0.015702	0.026664	0.043441	0.063926	0.0	0.034301	0.01006	0.002055	0.001771	0.022052	0.392009	0.106261	0.084432	0.040606	0.150211	0.298496	0.052383	0.047812	0.575846	1.0	0.1018	0.070638
BACH2	1.0	0.26994	0.02137	0.151358	0.312423	0.090448	0.088921	0.043952	0.089424	0.124154	0.097036	0.104557	0.0	0.001964	0.005974	0.00095	0.001539	0.006994	0.006113	0.003688	0.030939	0.018372
BANK1	0.831735	1.0	0.011321	0.002416	0.003776	0.003334	0.0	0.001533	0.003111	0.005542	0.003061	0.003518	0.008902	0.000227	0.001209	0.002645	0.00483	0.001579	0.008164	0.009551	0.107725	0.003735
BARX2	0.032898	0.048945	0.029813	0.028928	0.026959	0.019401	0.037045	0.041684	1.0	0.331041	0.039873	0.057705	0.037685	0.035129	0.031159	0.062671	0.049008	0.046763	0.113323	0.058285	0.157254	0.14704
BCL11B	0.012697	0.009084	0.010855	0.454312	0.783392	0.539971	0.086971	0.344687	0.296491	0.278195	0.084332	0.0507	0.004062	0.00296	0.001864	0.0	0.004918	0.00279	0.000306	0.000119	0.028133	0.012732
BCL2A1	0.003671	0.018935	0.000924	0.038718	0.029462	0.052423	0.086579	0.048087	0.008099	0.027875	0.036059	0.035045	0.166533	0.416581	0.52861	0.009986	0.005411	0.415883	0.06101	0.244588	1.0	0.661385
BCL7A	1.0	0.381318	0.159791	0.082347	0.08133	0.044117	0.019473	0.036626	0.141753	0.020915	0.0	0.026953	0.020487	0.022796	0.093687	0.144712	0.234394	0.16917	0.117107	0.149209	0.045265	0.084241
BEND5	1.0	0.441325	0.312664	0.242375	0.352639	0.068048	0.04316	0.048278	0.0	0.051834	0.08583	0.016932	0.05516	0.071845	0.053558	0.043434	0.070084	0.094471	0.048265	0.064734	0.099682	0.136483
BFSP1	0.010074	0.026975	0.016001	0.063778	0.601975	0.011507	0.026961	0.256578	0.038836	0.509644	0.136453	0.062748	0.072114	0.044424	0.147811	0.117923	0.062479	0.027501	0.133577	0.209709	0.032446	0.060973
BIRC3	0.161326	0.095493	0.02791	0.028589	0.057881	0.100185	0.268781	0.031606	0.226869	0.015995	0.020266	0.105197	0.008462	0.015217	0.181244	0.01586	0.035438	1.0	0.0	0.179379	0.144145	0.005876
BLK	0.543413	1.0	0.01034	0.039141	0.018264	0.003358	0.000689	0.024936	0.000432	0.003831	0.000577	0.001249	0.007927	0.002246	0.001116	0.001908	0.002174	0.002619	0.00073	0.0	0.009321	0.000519
BMP2K	0.091031	0.067461	0.027538	0.032158	0.029132	0.005074	0.042503	0.07028	0.017688	0.032535	0.028322	0.031956	0.115462	0.1058	0.224533	0.337729	0.143043	0.212021	1.0	0.874834	0.312123	0.200729
BPI	0.004226	0.007908	0.009166	0.059714	0.0361	0.006333	0.0	0.009112	0.004546	0.013497	0.858978	0.165092	0.282893	0.008932	0.010495	0.020241	0.007341	0.00882	1.0	0.851285	0.397228	0.056262
BRAF	1.0	0.377353	0.189391	0.067248	0.036976	0.058228	0.067115	0.037405	0.228856	0.169497	0.11403	0.097839	0.10084	0.119569	0.141723	0.072048	0.087282	0.13794	0.057421	0.115248	0.358336	0.278729
BRSK2	0.030708	0.0	0.153135	0.030792	0.017778	0.060163	0.184829	0.257777	0.052851	0.293082	0.070828	0.065443	0.03744	0.027646	0.03112	0.022713	0.015596	0.12487	0.214221	0.056531	0.019461	0.037968
BST1	0.032194	0.033554	0.01413	0.034283	0.06904	0.033619	0.035987	0.030512	0.020181	0.179944	0.081699	0.044208	0.894885	0.219045	0.037104	0.115043	0.083346	0.060202	0.240274	0.249847	0.000571	1.0
BTNL8	0.008416	0.006565	0.003349	0.006781	0.015941	0.010543	0.014093	0.009761	0.027279	0.035743	0.004938	0.006991	0.013043	0.018358	0.011651	0.004144	0.009573	0.011976	0.006435	0.009798	0.088284	1.0
C11ORF80	0.23045	0.166472	1.0	0.059353	0.026409	0.057467	0.04842	0.04748	0.026664	0.053219	0.030581	0.049356	0.023716	0.030046	0.0	0.024952	0.032099	0.049752	0.052411	0.050232	0.056797	0.031123
C1ORF54	0.0	0.000549	0.015085	0.042754	0.05301	0.052101	0.014397	0.009612	0.00203	0.017745	0.025559	0.006635	0.074662	0.290836	0.235841	0.421532	1.0	0.231013	0.049779	0.055683	0.080478	0.001606
C3AR1	0.003578	0.0	0.014796	0.01289	0.000309	0.010778	0.001221	0.001361	0.045357	0.061036	0.070242	0.040204	0.132734	0.07516	0.444372	0.284463	0.083666	0.017302	0.480734	0.510476	1.0	0.069421
C5AR1	0.00546	0.00327	0.000125	0.003781	0.001224	6.2e-05	0.0	0.000283	0.001474	0.031727	0.024784	0.011713	0.3354	0.395292	0.019024	0.150984	0.093299	0.068943	0.04084	0.058352	0.208855	1.0
CA8	0.087639	0.090376	0.081999	0.064264	0.095351	0.079774	0.074302	1.0	0.21525	0.309071	0.06846	0.070016	0.067721	0.060292	0.154946	0.06393	0.055252	0.158683	0.358512	0.720281	0.075207	0.125583
CAMP	0.00774	0.007051	0.013043	0.01945	0.038769	0.026278	0.007842	0.031506	0.007965	0.009857	0.440709	0.033906	0.032797	0.049118	0.02092	0.027265	0.024433	0.010215	0.058688	0.045862	0.140379	0.401255
CASP5	0.029328	0.047089	0.012424	0.038019	0.02042	0.015489	0.012332	0.084344	0.225885	0.024603	0.065949	0.108481	0.230384	0.095449	1.0	0.059312	0.03939	0.099528	0.015597	0.134051	0.112438	0.933133
CCDC102B	0.029116	0.022508	0.0226	0.07871	0.037516	0.057261	0.001087	0.022353	0.020847	0.075632	0.096183	0.008381	0.020121	1.0	0.0	0.004952	0.706009	0.034211	0.172217	0.024147	0.142141	0.023728
CCL1	0.001502	0.002508	0.002222	0.002799	0.012169	0.001914	0.006917	0.004254	0.001465	0.003169	0.003394	0.017744	0.003068	0.00401	0.00487	0.002341	0.002576	0.284998	0.0	1.0	0.002085	0.001706
CCL13	0.027805	0.024163	0.013496	0.016478	0.004408	0.016091	0.00812	0.0	0.009561	0.009078	0.012531	0.012782	0.011323	0.023479	0.025816	1.0	0.564005	0.837466	0.013446	0.100958	0.016635	0.014099
CCL14	0.024051	0.019517	0.058175	0.024479	0.008198	0.032937	0.027152	0.008965	0.057558	0.057945	0.023041	0.025267	0.03837	0.063268	0.499205	1.0	0.11106	0.065986	0.035605	0.056448	0.044063	0.096888
CCL17	0.006145	0.008761	0.012372	0.011804	0.002599	0.004287	0.026126	0.005492	0.060996	0.008882	0.011259	0.005607	0.010128	0.017471	0.008202	0.096286	0.395907	1.0	0.003712	0.006727	0.013897	0.004908
CCL18	0.000895	0.001037	0.00387	0.002143	0.001253	0.000318	0.005865	0.001815	0.000946	0.008161	0.002453	0.005728	0.002578	0.228073	0.100898	1.0	0.137037	0.141242	0.033605	0.074794	0.003157	0.003296
CCL19	0.002256	0.004137	0.007774	0.002229	0.000977	0.001716	0.002602	0.001349	0.000919	0.000495	0.003221	0.004344	0.003394	0.003358	1.0	0.004055	0.005093	0.093515	0.001013	0.000432	0.004538	0.003447
CCL20	0.004889	0.002719	0.000417	0.008708	0.000307	0.003136	0.268864	0.030749	0.000184	0.001182	0.001235	0.001562	0.001307	0.0	0.123664	0.000259	0.000557	0.259786	0.00046	0.946959	0.003436	0.00193
CCL22	0.00143	0.000953	0.000582	0.000718	0.001215	0.000842	0.000851	0.000727	0.018042	0.000685	0.000811	0.002428	0.001011	0.084096	0.014965	0.028382	0.133165	1.0	0.000733	0.003622	0.002995	0.001877
CCL23	0.002504	0.001931	0.008627	0.0017	0.002496	0.003943	0.0	0.001358	0.011763	0.003095	0.010664	0.006894	0.005822	0.043371	0.110852	1.0	0.057428	0.067567	0.119421	0.098043	0.096054	0.009586
CCL4	0.04253	0.020855	0.007766	0.065716	0.006817	0.011225	0.287273	0.009016	0.012221	0.213278	0.287565	1.0	0.076928	0.050416	0.305088	0.080475	0.053077	0.109853	0.028971	0.907435	0.16856	0.068689
CCL5	0.0	0.002958	0.000463	0.491708	0.007319	0.134581	0.078845	0.002162	0.006523	0.821051	0.741698	0.505043	0.003587	0.003475	0.725481	0.009958	0.001711	0.27945	0.001147	0.02759	0.012098	0.004902
CCL7	0.083286	0.047072	0.059799	0.05581	0.049475	0.039283	0.023011	0.054818	0.057035	0.07696	0.034086	0.021305	0.036876	0.680708	0.251284	0.088726	0.024356	0.075335	0.143147	1.0	0.112088	0.100856
CCL8	0.045988	0.016675	0.018605	0.002945	0.002141	0.009408	0.013565	0.004184	0.012438	0.018634	0.006172	0.006045	0.023264	0.028925	1.0	0.62195	0.014108	0.332701	0.008366	0.290523	0.000539	0.016139
CCND2	0.024918	0.04193	0.068278	0.068792	0.032321	0.123797	0.261957	0.043421	0.118802	0.028554	0.112672	0.679624	0.013208	0.034052	0.0	0.003064	0.039704	0.025988	0.029276	0.044114	0.04214	0.026638
CCR10	0.004047	0.058384	1.0	0.11148	0.019679	0.321741	0.024236	0.070014	0.006055	0.000974	0.043881	0.0	0.026042	0.018056	0.010397	0.032707	0.00654	0.036171	0.00112	0.031854	0.123382	0.0656
CCR2	0.12521	0.104114	0.578757	0.087452	0.000393	0.243497	0.082012	0.011125	0.068568	0.382201	0.009944	0.011662	1.0	0.020719	0.006023	0.003759	0.018252	0.018739	0.017991	0.0	0.052781	0.06306
CCR3	0.019919	0.004112	0.007358	0.007166	0.00121	0.012852	0.007588	0.002489	0.039085	0.005078	0.018881	0.01171	0.012064	0.011432	0.008486	0.005321	0.012108	0.009431	0.004421	0.010395	1.0	0.217776
CCR5	0.03662	0.034256	0.015284	0.403535	0.027025	0.185882	0.169963	0.21395	0.202667	1.0	0.233665	0.581689	0.197315	0.896393	0.609446	0.319436	0.618585	0.252593	0.057408	0.103075	0.049487	0.03132
CCR6	0.018999	0.019219	0.001392	0.009521	0.003135	0.02875	0.008452	0.008171	0.005157	0.015032	0.001747	0.006443	0.000713	0.0	0.000467	0.000733	0.00074	0.001486	0.000592	0.000843	0.001044	0.001698
CCR7	0.216452	0.108229	0.007877	0.289449	0.504151	0.151842	0.162915	0.103575	0.362613	0.024517	0.035017	0.024033	0.005698	0.015117	1.0	0.0033	0.01294	0.818283	0.0	0.000843	0.033601	0.01789
CD160	0.060107	0.035971	0.013605	0.162821	0.01146	0.012982	0.017955	0.005392	0.031167	0.476866	0.361746	0.09571	0.008359	0.007706	0.004561	0.0	0.005142	0.006157	0.003988	0.008612	0.019546	0.028644
CD180	0.535004	0.804753	0.397963	0.020121	0.0	0.005357	0.021684	0.009299	0.056452	0.039157	0.005026	0.00282	0.200143	0.064464	0.035061	1.0	0.030876	0.025362	0.014831	0.010703	0.030759	0.03161
CD19	1.0	0.723615	0.237491	0.017008	0.016456	0.006522	0.011697	0.019282	0.028682	0.019136	0.011294	0.012378	0.021478	0.012437	0.013478	0.018976	0.015743	0.020989	0.015489	0.016789	0.052714	0.034203
CD1A	0.085639	0.053388	0.032033	0.011979	0.007025	0.010826	0.00732	0.008457	0.032564	0.015839	0.008189	0.007741	0.019009	0.013104	0.00876	0.008488	1.0	0.087067	0.005359	0.009694	0.015521	0.02632
CD1B	0.083889	0.020416	0.020752	0.002703	0.00061	0.011281	0.002065	0.000563	0.002531	0.015032	0.008796	0.006081	0.01164	0.009614	0.003982	0.0075	1.0	0.146459	0.006987	0.009171	0.006615	0.021579
CD1C	0.140155	0.303194	0.00152	0.002871	0.006352	0.01974	0.00176	0.002532	0.0	0.00358	0.002048	0.001454	0.053646	0.001368	0.000632	0.015847	1.0	0.103706	0.001683	0.001902	0.000819	0.025389
CD1D	0.074055	0.127977	0.06093	0.003298	0.007443	0.001384	0.0	0.013193	0.014381	0.088121	0.003088	0.00344	0.867516	0.013423	0.114477	0.010349	0.026371	0.014034	0.019861	0.005483	0.014106	0.04076
CD1E	0.002318	0.001944	0.001865	0.00224	0.005443	0.002616	2.8e-05	0.003311	0.004884	0.0	0.00237	0.000138	0.006622	0.001786	0.000866	0.009066	1.0	0.157896	0.001943	0.002149	0.001907	0.000976
CD2	0.022003	0.021297	0.019023	0.578734	0.56581	0.678842	0.556036	1.0	0.797005	0.414834	0.43997	0.214048	0.007871	0.002676	0.0	0.005421	0.005379	0.002464	0.015778	0.001863	0.036021	0.03329
CD209	0.023648	0.008372	0.007153	0.006513	0.034823	0.00467	0.006511	0.007433	0.05487	0.041031	0.014135	0.010237	0.029225	0.1131	0.067986	1.0	0.892129	0.081578	0.022983	0.061588	0.031927	0.046182
CD22	1.0	0.544835	0.0	0.00563	0.010489	0.010792	0.006615	0.008055	0.033146	0.018804	0.006996	0.004118	0.0037	0.041125	0.013231	0.061901	0.041465	0.005425	0.082054	0.05707	0.02618	0.016273
CD244	0.016886	0.008224	0.004268	0.247357	0.06377	0.020728	0.001989	0.042904	0.027295	0.448336	0.737672	0.688317	0.331022	0.001609	0.011594	0.031831	0.002233	0.0	0.035516	0.008153	1.0	0.013681
CD247	0.0	0.001133	0.00158	0.206966	0.2647	0.199804	0.080476	0.199198	0.366788	0.343598	0.606606	0.569204	0.000438	1e-05	0.000123	0.002195	0.000755	0.000333	0.003954	0.003084	0.016432	0.001365
CD27	0.041226	0.557644	1.0	0.746007	0.544394	0.564473	0.142745	0.774193	0.948925	0.302816	0.014736	0.005214	0.006464	0.000191	0.006606	0.006468	0.004915	0.003101	0.004743	0.0	0.0522	0.029008
CD28	0.05054	0.056473	0.039412	0.209995	0.181209	0.404146	1.0	0.56726	0.695761	0.208543	0.009108	0.006348	0.00964	0.002076	0.003083	0.066902	0.013315	0.003779	0.002165	0.00786	0.014124	0.053618
CD300A	0.000847	0.009737	0.014584	0.133937	0.031441	0.073038	0.005308	0.003881	0.010895	0.421927	1.0	0.873458	0.406723	0.125145	0.034792	0.321946	0.006264	0.0	0.141407	0.197426	0.447953	0.772323
CD33	0.003791	0.001889	0.004694	0.002904	0.002135	0.000785	0.000521	0.001733	0.010399	0.030395	0.001145	0.001337	0.326545	0.083471	0.051351	0.121717	0.158974	0.001617	0.176475	0.189544	0.006211	0.006289
CD37	1.0	0.875472	0.05346	0.332599	0.220458	0.318537	0.058266	0.266423	0.359932	0.131114	0.151441	0.114483	0.335313	0.102993	0.018307	0.170249	0.023482	0.0	0.052052	0.076467	0.137578	0.236171
CD38	0.043352	0.0493	1.0	0.021001	0.019127	0.011577	0.035417	0.089576	0.052333	0.013129	0.112219	0.066498	0.014265	0.002081	0.990991	0.047861	0.0	0.274295	0.062138	0.107962	0.019327	0.027772
CD3D	0.004813	0.008577	0.004027	0.760719	0.788216	0.634459	0.393698	1.0	0.672097	0.628376	0.012621	0.01225	0.003541	0.003284	0.000729	0.0	0.00497	0.006364	0.00151	5.2e-05	0.041398	0.012628
CD3E	0.176838	0.100504	0.165635	0.906578	0.5488	1.0	0.436048	0.45893	0.828904	0.259477	0.053219	0.034056	0.015333	0.00942	0.006881	0.007327	0.010553	0.023493	0.002372	0.0	0.047475	0.108886
CD3G	0.009478	0.016881	0.003715	0.780205	0.665704	0.714122	0.265561	0.561967	0.300214	0.258898	0.055576	0.023864	0.003858	0.003741	0.00166	0.0	0.003358	0.005319	0.000969	0.000564	0.023291	0.033848
CD4	0.012698	0.010706	0.033754	0.015322	0.24616	0.366526	0.169899	0.431175	0.546248	0.03856	0.007014	0.006508	0.330224	0.053693	0.154934	1.0	0.131795	0.068432	0.020168	0.02749	0.015192	0.035095
CD40	0.112656	0.099888	0.062001	0.012864	0.006426	0.010227	0.010255	0.007176	0.023352	0.017996	0.009856	0.013	0.020252	0.085838	1.0	0.046939	0.120781	0.379476	0.005799	0.029338	0.012942	0.018474
CD40LG	0.034291	0.024938	0.013074	0.117953	0.309777	0.577793	0.445558	0.548282	0.01058	0.299823	0.009375	0.025231	0.006231	0.00976	0.007363	0.011283	0.003062	0.0008	0.0	0.003939	0.014296	0.024568
CD5	0.095338	0.026464	0.08937	0.213675	0.25273	0.413934	0.206372	0.345286	0.866883	0.101824	0.044553	0.023784	0.052105	0.038439	0.045019	0.02037	0.041323	0.038535	0.018796	0.028329	0.048035	0.0294
CD6	0.004034	0.005865	0.029938	0.198331	0.082304	0.367155	0.317898	0.211973	0.242315	0.03553	0.068782	0.036242	0.00582	0.006263	0.011275	0.005579	0.00651	0.005729	2.8e-05	0.0	0.034033	0.013461
CD68	0.0	0.000497	0.000571	0.004634	0.001732	0.00121	0.002677	0.002295	0.001991	0.009103	0.008775	0.001031	0.077819	0.164953	0.072226	0.268204	0.109946	0.066331	0.016393	0.021593	0.0041	0.00319
CD69	0.692999	0.422323	0.00863	0.317873	0.368353	0.46045	0.087958	0.510367	0.043055	0.383134	0.147776	0.458974	0.003145	0.000239	0.002547	0.0	0.000885	0.003427	0.034707	0.122763	0.534146	0.034372
CD7	0.000361	0.000534	0.000611	0.232318	0.211172	0.156333	0.13167	0.221638	0.826382	0.042194	0.172943	0.218952	0.000869	0.000401	0.000125	0.007154	0.001557	0.001028	0.0	0.000823	0.003805	0.001361
CD70	0.095268	0.282691	0.219134	0.070314	0.000777	0.080222	0.144937	0.052602	1.0	0.098862	0.059185	0.037872	0.039566	0.024937	0.132774	0.000927	0.025694	0.313292	0.048227	0.0	0.087727	0.103059
CD72	1.0	0.131289	0.001187	0.00851	0.025488	0.001072	0.00635	0.002498	0.021706	0.003376	0.042512	0.010067	0.001703	0.001969	0.002047	0.082171	0.012335	0.000976	0.0	0.006226	0.004702	0.001826
CD79A	1.0	0.810715	0.315081	0.030153	0.010075	0.008269	0.00298	0.031116	0.030044	0.011185	0.007264	0.006411	0.009378	0.005197	0.00389	0.000138	0.006387	0.010594	0.0	0.004716	0.037284	0.016593
CD79B	0.982541	0.774777	0.142676	0.031568	0.040653	0.050129	0.025408	0.063985	0.136535	0.039608	0.053915	0.035745	0.01991	0.00489	0.004234	0.006757	0.003823	0.00557	0.0	0.003843	0.028341	0.032117
CD80	0.024505	0.071985	0.076863	0.011692	0.018031	0.015879	0.038746	0.019722	0.082544	0.039008	0.031593	0.026281	0.028317	0.073164	0.805693	0.030992	0.127754	1.0	0.022182	0.034699	0.01973	0.024812
CD86	0.072883	0.127826	0.062724	0.017777	0.001246	0.01477	0.013609	0.0	0.032912	0.069882	0.018056	0.013042	0.306816	0.164725	0.317149	0.61911	0.380965	1.0	0.029628	0.039009	0.01755	0.02957
CD8A	0.035961	0.021095	0.000216	0.683595	0.0	0.007289	0.008252	0.009028	0.002723	0.074674	0.063107	0.078965	0.011165	0.006521	0.000331	0.001539	0.009316	0.008407	0.003161	0.004243	0.009294	0.039997
CD8B	0.003032	0.002295	0.003196	0.914888	0.033303	0.001796	0.000782	0.027072	0.000776	0.024652	0.002675	0.00183	0.001287	0.001359	0.0	0.000165	0.001214	0.00104	0.000165	0.000408	0.005878	0.005488
CD96	0.017426	0.024315	0.008285	0.274273	0.227744	0.250352	0.035917	0.071586	0.471816	0.483478	0.259764	0.340773	0.000447	0.000697	0.005101	0.0	0.002816	0.003878	0.011455	0.001568	0.065083	0.009418
CDA	0.0	0.000231	0.003176	0.000729	0.000622	0.00203	0.000755	0.000864	0.001151	0.044554	0.025296	0.000194	0.288137	0.094713	0.00038	0.005958	0.093712	0.007973	0.022482	0.020827	0.09457	1.0
CDC25A	0.024798	0.019186	0.043406	0.003965	0.020251	0.0	1.0	0.102724	0.094427	0.074502	0.019394	0.611468	0.026195	0.045575	0.059676	0.026171	0.026412	0.017126	0.086264	0.2992	0.02677	0.040111
CDH12	0.036553	0.075342	0.017828	0.022534	0.019328	0.026069	0.087703	0.031929	0.655042	1.0	0.121399	0.031929	0.03044	0.047287	0.046319	0.02861	0.152802	0.101425	0.41875	0.179519	0.303176	0.109299
CDK6	0.00722	0.00413	0.00126	0.021135	0.005233	0.035212	0.01314	0.004601	0.022912	0.004699	0.00575	0.111806	0.003329	0.004312	0.00157	0.0	0.025461	0.022051	0.014197	0.000518	0.020831	0.00266
CEACAM3	0.030019	0.026833	0.047443	0.030319	0.0258	0.023795	0.01961	0.028421	0.061076	0.054973	0.088107	0.049683	0.113067	0.071925	0.056398	0.05172	0.067823	0.0978	0.086376	0.07692	0.060436	1.0
CEACAM8	0.031997	0.03576	0.008848	0.05965	0.002362	0.030241	0.014111	0.001305	0.015818	0.005924	0.400446	0.06732	0.002095	0.001442	0.005224	0.004196	0.005258	0.007298	1.0	0.769311	0.098016	0.062185
CEMP1	0.112921	0.099234	0.0	0.01828	0.191356	0.012049	0.014523	0.299279	1.0	0.635717	0.09304	0.203601	0.032473	0.037452	0.065208	0.190223	0.001282	0.009835	0.026624	0.169024	0.238403	0.119976
CFP	0.0	2e-05	0.000219	0.002654	0.099315	0.012409	0.000327	0.002535	0.011543	0.126167	0.007956	0.000651	1.0	0.0061	0.058037	0.531795	0.000804	0.120791	0.011697	0.056878	0.002707	0.555881
CHI3L1	0.000196	0.000316	0.000312	0.000656	0.000569	0.0	0.000632	0.000298	0.001408	0.00101	0.037691	0.005852	0.000545	1.0	0.37848	0.228262	0.009226	0.052122	0.052473	0.070316	0.009164	0.422676
CHI3L2	0.092136	0.06409	0.037122	0.046291	0.111217	0.035322	0.003726	1.0	0.079285	0.055219	0.037453	0.0046	0.011259	0.007109	0.349828	0.005717	0.007605	0.013331	0.0	0.004797	0.036465	0.044999
CHST15	0.077158	0.078335	0.486242	0.003434	0.00757	0.004377	0.002726	0.004371	0.013362	0.069313	0.004728	0.0	0.723336	0.312325	0.017869	0.224876	0.064647	0.017062	0.240067	0.190714	0.236776	1.0
CHST7	0.0	0.000578	0.029329	0.003579	0.01788	0.114672	0.071227	0.125886	0.020664	0.013266	0.004731	0.00252	0.08981	0.09749	0.109293	0.132203	0.057954	1.0	0.044591	0.114882	0.003889	0.253326
CLC	0.01111	0.009109	0.005141	0.002626	0.0	0.003335	0.00613	0.002648	0.000638	0.011895	0.018363	0.008136	0.002445	0.001794	0.007714	0.005672	0.002905	0.003034	0.14649	0.115699	1.0	0.172348
CLEC10A	0.013736	0.011163	0.006267	0.008474	0.004452	0.007995	0.000958	0.006106	0.016019	0.021374	0.004297	0.005276	0.078415	0.022335	0.006617	1.0	0.888452	0.019874	0.013207	0.020714	0.000664	0.0199
CLEC2D	0.079086	0.045084	0.007605	0.11962	0.114135	0.13598	0.149335	0.134168	0.225249	0.023694	0.076352	0.024685	0.004234	0.003055	0.115949	0.011954	0.002066	0.159608	0.000359	0.0	0.00419	0.002252
CLEC4A	0.033947	0.011586	0.0	0.003269	0.010188	6.9e-05	0.002173	0.006474	0.007576	0.041452	0.006313	0.002647	0.376059	0.151146	0.004351	0.908596	0.566249	0.072908	0.040776	0.071502	0.029113	0.377697
CLEC7A	0.022311	0.021198	0.007652	0.012104	0.015456	0.012745	0.006333	0.150272	0.013424	0.100219	0.021383	0.012646	1.0	0.609118	0.04414	0.497189	0.869007	0.189613	0.101213	0.214244	0.024045	0.850764
CLIC2	0.000649	0.000549	0.021288	0.000294	0.001197	0.0	0.000546	0.000117	0.000298	0.001878	0.003799	0.004887	0.018865	0.082567	0.265246	0.42566	0.42774	1.0	0.000617	0.006111	0.000697	0.001073
CMA1	0.040026	0.033902	0.038585	0.007248	0.017733	0.020556	0.039006	0.01006	0.016484	0.039682	0.027205	0.024524	0.028097	0.020392	0.032446	0.031421	0.0194	0.024588	0.848743	1.0	0.093938	0.021562
COL8A2	0.092326	0.041284	0.0	0.030612	0.046225	0.031634	0.026323	0.031975	0.08155	0.043885	0.053327	0.037161	0.208545	1.0	0.008557	0.105827	0.087402	0.070822	0.038496	0.029949	0.054958	0.13463
COLQ	0.005057	0.004208	0.001964	0.077372	0.027231	0.06719	0.009337	0.016426	0.083779	0.227628	0.225473	0.193057	0.007963	0.002716	0.038511	0.063006	0.00666	0.0	0.018374	0.009748	0.004271	0.011833
CPA3	0.026938	0.022231	0.014388	0.004334	0.0	0.007716	0.007129	0.004351	0.004257	0.008714	0.015317	0.01001	0.00389	0.00404	0.007871	0.006429	0.003796	0.004395	1.0	0.789092	0.037722	0.017598
CR2	1.0	0.373442	0.084971	0.157382	0.185167	0.035028	0.001104	0.006335	0.006309	0.00411	0.006178	0.033076	0.012972	0.007539	0.027076	0.015946	0.0	0.024108	0.000295	3.1e-05	0.072714	0.011533
CREB5	0.012911	0.009402	0.013483	0.002757	0.019706	0.0	0.001973	0.001195	0.001093	0.004552	0.003101	0.003854	0.193385	0.008475	0.002403	0.02836	0.120437	0.136794	0.009075	0.008734	0.00426	0.75373
CRISP3	0.037456	0.020653	0.005077	0.0	0.001502	0.006744	0.010816	0.003064	1.0	0.048427	0.24946	0.059736	0.002787	0.01251	0.011524	0.0036	0.004212	0.003288	0.212505	0.046966	0.112562	0.019706
CRTAM	0.03232	0.040138	0.03174	1.0	0.209099	0.073555	0.454899	0.023444	0.027358	0.572248	0.176067	0.449032	0.141836	0.524416	0.020706	0.053798	0.083716	0.101361	0.004905	0.068049	0.048656	0.052582
CRYBB1	0.016775	0.020805	0.068056	0.018504	0.089485	0.029981	0.015324	0.027163	0.029445	0.011238	0.022307	0.013436	0.022268	0.024197	0.039216	1.0	0.019914	0.018544	0.202108	0.068146	0.0229	0.025247
CSF1	0.019168	0.018737	0.008147	0.020474	0.018921	0.034141	0.333628	0.022218	0.221915	0.044236	0.018598	0.022671	0.022794	1.0	0.038586	0.020663	0.152456	0.124395	0.028169	0.077709	0.095018	0.019787
CSF2	0.00468	0.001161	0.015881	0.00478	0.014467	0.005631	0.742512	0.003807	0.0	0.026958	0.018174	0.424846	0.006347	0.007188	0.001501	1.8e-05	0.010431	0.012755	0.007896	1.0	0.002755	0.001953
CSF3R	0.007338	0.001233	0.000634	0.000778	0.007974	0.001803	0.000889	0.002044	0.006092	0.028144	0.00872	0.002592	0.2016	0.017309	0.073529	0.06287	0.006704	0.004508	0.014851	0.017128	0.020273	0.797168
CST7	0.001298	0.000605	0.0	0.427475	0.015207	0.120447	0.060573	0.025482	0.108301	1.0	0.951363	0.840937	0.004107	0.019924	0.014293	0.023042	0.122133	0.334647	0.187891	0.20462	0.049815	0.19305
CTLA4	0.002599	0.000835	0.000918	0.002527	0.065796	0.143625	0.446415	0.483465	0.978024	0.003462	0.000585	0.002435	0.002413	0.001379	0.0	0.002273	0.001899	0.000941	0.002283	0.001495	0.012846	0.007238
CTSG	0.037443	0.029752	0.029872	0.013448	0.017215	0.007705	0.006358	0.0	0.033372	0.021211	0.048391	0.012004	0.008935	0.004862	0.00903	0.018388	0.005695	0.000698	1.0	0.971042	0.017694	0.026235
CTSW	0.000354	0.000118	0.000323	0.452039	0.043916	0.088016	0.00095	0.000167	0.0	0.382566	0.645265	1.0	0.00038	0.000289	2.3e-05	0.00129	0.000315	0.000281	0.009875	0.024043	0.002682	0.000709
CXCL10	0.022686	0.01097	0.006185	0.003334	0.002158	0.003198	0.015258	0.002395	0.006518	0.013946	0.00474	0.046693	0.014343	0.003525	1.0	0.007213	0.003542	0.360316	0.001911	0.008353	0.008955	0.013896
CXCL11	0.009237	0.007198	0.004215	0.001783	0.0	0.00085	0.005012	0.001862	0.003963	0.003945	0.00242	0.019515	0.003511	0.001135	1.0	0.00251	0.0016	0.436294	0.002343	0.002998	0.003008	0.007466
CXCL13	0.004613	0.001749	0.001172	0.001706	0.0	0.000306	0.028675	1.0	0.000781	0.000162	0.000418	0.001055	0.000448	0.000598	0.064965	0.001121	0.000699	0.001557	0.002056	0.000514	0.000531	0.002483
CXCL3	0.007078	0.001425	0.004979	0.001224	0.0	0.001642	0.00124	0.001348	0.015103	0.003647	4.6e-05	0.001666	0.02006	0.186857	0.032102	0.027314	0.008083	0.017678	0.016787	1.0	0.003407	0.007418
CXCL5	0.01628	0.014185	0.006709	0.002009	0.0	0.006304	0.003237	0.002106	0.012454	0.013402	0.003263	0.004016	0.004743	1.0	0.015868	0.007277	0.005583	0.07153	0.007878	0.115683	0.00405	0.011654
CXCL9	0.015231	0.011139	0.006778	0.003117	0.001874	0.003776	0.006548	0.003572	0.003974	0.005558	0.004685	0.015046	0.006693	0.004212	1.0	0.005007	0.004507	0.074843	0.003058	0.002447	0.004865	0.010236
CXCR1	0.038973	0.025773	0.018523	0.030733	0.049815	0.03776	0.005897	0.005022	0.031129	0.116386	0.084819	0.067092	0.007051	0.005116	0.003188	0.001743	0.003953	0.0037	0.03955	0.0403	0.035185	1.0
CXCR5	0.123805	0.09961	0.0	0.007788	0.006781	0.059265	0.067999	0.862316	0.007711	0.007523	0.002032	0.00172	0.001541	0.002491	0.069777	0.001479	0.002551	0.005786	0.001237	0.003016	0.015779	0.003157
CXCR6	0.118132	0.112782	0.105255	0.202759	0.07238	0.158987	1.0	0.156685	0.799976	0.909276	0.145852	0.113869	0.070262	0.044258	0.051388	0.040346	0.045182	0.073697	0.042191	0.037744	0.067474	0.138166
CXORF57	0.09269	0.038408	0.014257	0.264969	0.633567	0.289813	0.402827	0.024162	0.019387	0.763671	0.134717	0.197092	0.007134	0.016096	0.003491	0.013764	0.005503	0.0	0.005423	0.003229	0.187455	0.018456
CYP27A1	0.001006	0.001198	0.002381	0.001762	0.004151	0.0	0.000225	0.004501	0.004022	0.007535	0.001957	0.001249	0.080784	1.0	0.005841	0.006177	0.085786	0.212241	0.077502	0.090727	0.005728	0.003703
CYP27B1	0.124648	0.057535	0.080327	0.016986	0.011849	0.015366	0.036486	0.007866	0.066259	0.02834	0.012841	0.016163	0.012968	0.176152	1.0	0.020341	0.029022	0.337136	0.011778	0.033245	0.025404	0.042197
DACH1	0.017992	0.011458	0.013227	0.009093	0.098961	0.010229	0.0	0.004101	0.055722	0.044797	0.132889	0.063618	0.257912	0.013938	0.001234	0.018526	0.006235	0.008881	0.116014	0.033653	1.0	0.334712
DAPK2	0.028937	0.030935	0.005117	0.016305	0.015532	0.031327	0.001834	0.001035	0.048591	0.033836	0.051686	0.043205	0.028823	0.015861	0.014801	0.053038	0.029086	0.035691	0.222148	0.099007	1.0	0.438144
DEFA4	0.097971	0.067873	0.053249	0.16157	0.008604	0.064741	0.039206	0.016862	0.002968	0.075963	0.920677	0.056655	0.022346	0.007985	0.012796	0.016412	0.013804	0.021072	0.063183	0.041698	0.251523	0.12419
DENND5B	0.136192	0.238834	1.0	0.008311	0.009553	0.01198	0.019315	0.0	0.099152	0.011257	0.079104	0.00829	0.008557	0.036992	0.016845	0.102762	0.031911	0.078191	0.0118	0.031945	0.021693	0.026538
DEPDC5	0.0	0.019003	0.012746	0.034765	0.307554	0.034296	0.028262	0.206519	0.12498	0.055758	0.093771	0.21883	0.031252	0.133955	0.264364	0.304233	0.151123	0.027613	0.158915	0.016401	1.0	0.007889
DGKA	0.060704	0.067442	0.014547	0.426965	0.598923	0.5222	0.146125	0.760899	0.575961	0.085849	0.053865	0.035039	0.035007	0.008319	0.008103	0.017662	0.014079	0.021816	0.00392	0.0	0.061241	0.037704
DHRS11	0.033021	0.04754	0.048116	0.065331	0.0983	0.008507	0.122014	0.050185	0.038006	0.01509	0.040144	0.062472	0.026461	0.231308	0.0	0.209091	1.0	0.261902	0.047835	0.047583	0.008195	0.033338
DHX58	0.000672	0.002652	0.0	0.036149	0.187149	0.011904	0.001077	0.04834	0.04741	0.00405	0.07466	0.011019	0.035134	0.00598	0.905724	0.144726	0.013884	1.0	0.009544	0.005911	0.003423	0.004759
DPEP2	0.158211	0.103797	0.000496	0.106022	0.279174	0.143419	0.0	0.073427	0.076681	0.112342	0.144523	0.003026	0.337072	0.024718	0.001656	0.55343	0.113832	0.006609	0.03435	0.028215	0.95018	1.0
DPP4	0.007429	0.00463	0.003868	0.655251	0.658126	1.0	0.854515	0.010418	0.829557	0.360926	0.030353	0.36894	0.007627	0.005561	0.159061	0.020393	0.0	0.122682	0.055294	0.01356	0.006575	0.00755
DSC1	0.096703	0.052883	0.048742	0.514464	1.0	0.011386	0.004493	0.001183	0.021278	0.097136	0.018573	0.021897	0.015541	0.010535	0.00635	0.0	0.049782	0.010239	0.035587	0.037116	0.082371	0.045341
DUSP2	0.0	0.017578	0.002657	0.567984	0.042518	0.277965	0.320791	0.319104	0.042758	0.639441	0.067103	0.041109	0.05464	0.066574	0.077352	0.034631	0.038932	0.07303	0.003712	0.104003	0.139534	0.010531
EAF2	0.627221	0.387952	1.0	0.01667	0.021198	0.0	0.026184	0.012166	0.014415	0.008867	0.012341	0.009473	0.112502	0.029448	0.030091	0.029532	0.019102	0.068004	0.054329	0.053949	0.124575	0.021171
EBI3	0.000104	0.000419	2.6e-05	0.000188	0.000327	0.000155	0.00542	0.00016	0.007619	0.0	8.1e-05	0.000415	0.000202	0.000236	1.0	0.014824	0.000414	0.317577	2.9e-05	0.006197	5.5e-05	0.000159
EFNA5	0.0	0.015705	0.014922	0.028114	0.474628	0.080335	0.036318	0.303221	1.0	0.307789	0.103972	0.163331	0.048725	0.039389	0.250468	0.218715	0.061385	0.12815	0.23206	0.028287	0.325723	0.141158
EGR2	0.022016	0.016671	0.006962	0.00273	0.002697	0.002917	0.460721	0.364722	0.023963	0.028427	0.029313	0.290321	0.098377	0.864264	0.0	0.4775	1.0	0.243667	0.059973	0.417825	0.312237	0.038815
ELANE	0.000921	0.000445	0.000539	0.021481	0.001295	0.00123	0.0	0.000656	0.002066	0.00258	0.161782	0.035812	0.004906	0.001819	0.021451	0.044351	0.001286	0.001359	1.0	0.991465	0.02514	0.005554
EMR1	0.027003	0.019877	0.008281	0.008374	0.022642	0.015559	0.020931	0.007577	0.016974	0.023866	0.017727	0.00792	0.107913	0.008829	0.213174	0.021188	0.007316	0.010926	0.013996	0.011587	1.0	0.07338
EMR2	0.031697	0.021551	0.011671	0.005543	0.008878	0.01576	0.013034	0.0	0.019065	0.036555	0.038876	0.016821	0.329904	0.260176	0.380062	0.087056	0.213914	0.085477	0.205334	0.390654	0.978528	1.0
EMR3	0.010336	0.024786	0.02708	0.020572	0.017481	0.012013	0.017515	0.028007	0.022333	0.027381	0.012153	0.012364	0.078114	0.006932	0.001639	0.0	0.002536	0.002846	0.037663	0.066112	1.0	0.628845
EPB41	0.0296	0.119479	0.016077	0.455491	0.010256	0.755509	0.466428	0.165258	0.0765	0.004959	0.195218	0.18095	0.035829	0.089349	1.9e-05	0.036732	0.021474	0.131857	0.005095	0.0	0.194581	0.018603
EPHA1	0.015474	0.015116	0.022352	0.500636	1.0	0.353358	0.0	0.030391	0.011218	0.035815	0.164937	0.087189	0.038525	0.030714	0.013537	0.004306	0.034466	0.031441	0.004664	0.00402	0.028813	0.048995
EPN2	0.054119	0.045381	0.170561	0.025439	0.087108	0.145924	0.060097	0.069955	0.0	0.082903	0.026311	0.018862	0.027166	0.026771	0.02401	0.008627	0.076894	0.025551	0.048653	0.097604	1.0	0.062225
ETS1	0.077458	0.060786	0.028399	0.045628	0.018013	0.154903	0.100577	0.053094	0.081046	0.002057	0.058027	0.052646	0.00087	0.0018	0.00464	0.0	0.003834	0.003417	0.006082	0.00686	0.013174	0.014263
ETV3	0.011399	0.01085	0.04274	0.016741	0.003053	0.212239	0.003455	0.008592	0.00352	0.0	0.009098	0.011409	0.012828	0.004893	0.036602	0.009368	0.012621	1.0	0.001696	0.003944	0.02239	0.012732
FAIM3	1.0	0.746182	0.018745	0.509483	0.78913	0.456607	0.098706	0.658141	0.415886	0.163427	0.224627	0.038871	0.006524	0.024211	0.000767	0.010072	0.009163	0.000352	0.001214	0.0	0.039771	0.061894
FAM124B	0.030677	0.017231	0.024774	0.014311	0.021037	0.028167	0.019077	0.018651	0.012448	0.007248	0.027146	0.023202	0.046759	0.025656	0.003749	0.033085	0.019824	0.008334	1.0	0.256585	0.191465	0.026511
FAM174B	0.122001	0.092399	0.080475	0.094394	0.144619	0.10602	0.092917	0.175205	0.172277	0.065909	0.031296	0.028297	0.030727	0.046615	0.051823	0.064419	0.034182	0.031924	1.0	0.441428	0.070507	0.10475
FAM65B	0.530823	0.593617	0.017268	0.376874	0.500435	0.311801	0.019439	0.066264	0.094414	0.262361	0.17185	0.069853	0.268342	0.000682	0.012162	0.0	0.005652	0.004515	0.011526	0.009618	0.305716	0.944395
FASLG	0.146366	0.115306	0.076307	0.067329	0.055886	0.054416	0.208343	0.047994	0.068367	0.263548	0.690302	1.0	0.039637	0.036344	0.026948	0.029348	0.022459	0.036306	0.048732	0.057338	0.04297	0.104191
FBXL8	0.011709	0.0	0.032189	0.244517	0.139328	0.863259	0.175063	0.13879	0.267858	0.122458	0.025931	0.081136	0.11041	0.030637	0.403588	0.31017	0.178058	0.145385	0.011855	0.007818	0.003029	0.014116
FCER1A	0.017284	0.011589	0.01336	0.018455	0.009172	0.022617	0.007763	0.0	0.009829	0.058244	0.031511	0.015484	0.134222	0.003581	0.006049	0.174934	0.495215	0.013241	1.0	0.950034	0.565564	0.017457
FCER2	0.826211	0.169643	0.014937	0.0	0.009048	0.001281	0.007763	0.001474	0.018809	0.000965	0.003306	0.003991	0.003399	0.171798	0.001599	0.289774	0.922038	0.075434	0.004135	0.006428	0.019276	0.002209
FCGR2B	0.747208	1.0	0.585061	0.012753	0.0	0.004959	0.011416	0.022163	0.026262	0.024915	0.024679	0.038277	0.061733	0.217364	0.066965	0.340434	0.336079	0.028493	0.13671	0.354013	0.140902	0.285897
FCGR3B	0.013579	0.004747	0.00217	0.004247	0.0	0.00263	0.001638	9.6e-05	0.00518	0.013999	0.015764	0.011213	0.012406	0.007089	0.00337	0.003427	0.003535	0.002315	0.008332	0.002261	0.009444	1.0
FCN1	0.002499	0.00076	0.001197	0.001716	0.002089	0.000909	0.0	0.001369	0.001515	0.129405	0.010336	0.001503	0.764829	0.034405	0.006262	0.013624	0.001501	0.001481	0.010805	0.012842	0.0027	0.136494
FCRL2	1.0	0.789835	0.159579	0.012815	0.003759	0.008706	0.014079	0.006675	0.001552	0.031949	0.008374	0.007157	0.006846	0.004221	0.00302	0.0	0.009936	0.004728	0.005676	0.003002	0.014788	0.022539
FES	0.000769	0.000809	0.001318	0.001066	0.000612	0.0	0.000555	0.000377	0.000756	0.027784	0.062787	0.077126	0.250311	0.01087	0.004551	0.297797	0.103536	0.001433	0.035367	0.021621	0.117	0.161244
FFAR2	0.000265	0.000939	0.002088	0.0	3.8e-05	0.001026	0.001287	0.000799	0.00411	0.00316	0.015493	0.000415	0.022243	0.004792	0.110308	0.018944	0.001486	0.001182	0.016085	0.01933	0.258177	1.0
FLJ13197	0.48682	0.181487	0.042174	0.635064	1.0	0.410771	0.056995	0.142754	0.09862	0.097647	0.555656	0.123887	0.03879	0.008704	0.038585	0.02169	0.018572	0.012525	0.066838	0.043869	0.278794	0.024702
FLT3LG	0.001652	0.007836	0.003091	0.256531	0.507584	0.298484	0.044432	0.059895	0.128677	0.04187	0.042849	0.071734	0.010495	0.000138	0.0	0.008665	2.9e-05	0.009154	0.000963	0.006019	0.028391	0.001678
FLVCR2	0.01049	0.018156	0.0	0.016738	0.019719	0.04425	0.086574	0.093135	0.075639	0.043783	0.041776	0.018924	0.22962	0.482905	0.855788	0.398769	1.0	0.445282	0.097537	0.067532	0.013407	0.027781
FOSB	0.015889	0.019774	0.258578	0.001715	0.03393	0.003331	0.000865	0.520119	0.000223	0.001346	0.000871	0.000828	0.304329	0.000612	6e-05	0.0	0.000566	0.002089	0.006295	0.055681	0.6537	0.005161
FOXP3	0.056961	0.035511	0.009084	0.021163	0.053693	0.084361	0.230227	0.062451	1.0	0.040785	0.004404	0.016833	0.026726	0.019656	0.07503	0.020477	0.020219	0.020598	0.023362	0.0	0.059399	0.071464
FPR1	0.011548	0.012487	0.010917	0.006073	0.004326	0.007163	0.004299	0.00745	0.006517	0.031496	0.01285	0.009448	0.353527	0.030372	0.027509	0.013258	0.00864	0.006515	0.0224	0.024433	0.136474	1.0
FPR2	0.057764	0.040732	0.024418	0.012227	0.013774	0.012778	0.00415	0.012631	0.023579	0.042295	0.020999	0.015954	0.252229	0.045852	0.070297	0.022922	0.014308	0.010559	0.049243	0.088636	0.037531	1.0
FPR3	0.056402	0.042139	0.014399	0.018164	0.016684	0.020041	0.017152	0.022108	0.02638	0.034013	0.019355	0.016232	0.035141	0.522295	0.105552	0.409785	1.0	0.729218	0.034561	0.056816	0.036479	0.04801
FRK	1.0	0.904749	0.420771	0.176306	0.064877	0.023585	0.027503	0.005712	0.03057	0.405799	0.008985	0.031352	0.036785	0.062191	0.009777	0.005117	0.080861	0.114979	0.0	0.024588	0.02931	0.432277
FRMD4A	0.047174	0.061647	0.00981	0.03936	0.016115	0.060118	0.038455	0.188247	0.029859	0.015303	0.036439	0.03375	0.042506	0.142835	0.229556	1.0	0.20474	0.046679	0.034429	0.047261	0.063977	0.013892
FRMD8	0.079574	0.059269	0.028557	0.006251	0.0	0.055083	0.102181	0.09299	0.437539	0.024441	0.102132	0.064526	0.101291	0.048421	0.112044	0.067992	0.098754	0.120205	0.007198	0.052193	0.051177	0.068641
FZD2	0.044915	0.009397	0.026815	0.013141	0.025062	0.004228	0.009557	0.007824	0.013958	0.07867	0.022375	0.010415	0.545762	0.114682	0.490577	0.934442	1.0	0.281586	0.249814	0.20338	0.04524	0.016195
FZD3	0.228918	0.26842	0.369185	0.061098	0.170202	0.034681	0.264166	1.0	0.092497	0.081678	0.012071	0.034178	0.036251	0.016547	0.019596	0.402578	0.126099	0.0	0.081293	0.103393	0.008701	0.114628
GAL3ST4	0.039269	0.042997	0.016298	0.332127	1.0	0.224712	0.098524	0.244808	0.149282	0.018088	0.001971	0.002798	0.011256	0.055415	0.007239	0.117995	0.11818	0.025858	0.181555	0.07147	0.304538	0.047881
GALR1	0.002684	0.023351	0.042387	0.017953	0.472458	0.046171	0.017206	0.055758	0.029315	0.198335	0.02186	0.015391	0.02128	0.0	0.030072	0.079937	0.000621	0.012649	0.02182	0.193565	0.159185	0.044453
GFI1	0.006282	0.004429	0.01591	0.208749	0.021845	0.086458	0.518549	0.412383	0.432428	0.242031	0.3725	0.28538	0.0	0.007345	0.004021	0.005499	0.011359	0.025792	0.833648	0.463885	0.015903	0.016787
GGT5	0.014737	0.008777	0.027494	0.018469	0.047159	0.009176	0.014935	0.011353	0.003335	0.022952	0.0283	0.020161	0.013822	0.012512	0.707677	1.0	0.040774	0.017548	0.023807	0.11637	0.234022	0.027899
GIPR	0.02885	0.033143	0.003554	0.054047	0.142762	0.0	0.038366	0.243223	0.260621	0.59008	0.078118	0.061797	0.031325	0.019417	0.251	0.174581	0.032087	0.057419	0.112239	0.192151	1.0	0.045949
GNG7	0.330613	0.665896	1.0	0.037728	0.021972	0.024204	0.011146	0.005457	0.074995	0.0	0.003983	0.000583	0.027986	0.014119	0.019696	0.088477	0.062638	0.008755	0.05467	0.029326	0.067374	0.18631
GNLY	0.0	0.000175	0.000326	0.118518	0.004007	0.037857	0.007143	0.000116	0.000489	0.260765	0.692342	0.739282	0.000348	0.000241	0.000363	0.000214	0.000425	0.000396	0.000546	0.000298	0.000494	0.003477
GPC4	0.107155	0.060837	0.088753	0.03442	0.048655	0.064788	0.043752	0.049228	0.050008	0.077083	0.064379	0.034037	0.045826	1.0	0.10944	0.12383	0.137203	0.072192	0.059813	0.066264	0.024449	0.093751
GPR1	0.003286	0.005335	0.002505	0.001358	0.053906	0.000971	0.0	0.020507	0.063395	0.017859	0.020624	0.001732	0.005884	0.00075	0.000637	0.0	0.000703	0.003101	0.045463	0.01452	0.001739	0.004433
GPR171	0.003272	0.001751	0.000435	0.131969	0.128345	0.13845	0.387552	0.031347	1.0	0.699522	0.062439	0.148837	0.000551	0.000174	0.002117	0.006346	0.001209	0.079389	0.010582	0.005136	0.155358	0.002862
GPR18	1.0	0.594015	0.0	0.33594	0.403249	0.217971	0.136812	0.495222	0.065909	0.271425	0.390881	0.661025	0.03103	0.002574	0.011944	0.012937	0.002153	0.006135	0.01217	0.008093	0.08243	0.046365
GPR183	0.032817	0.438489	0.036963	0.103618	0.148241	0.579139	0.429896	0.170423	0.068455	0.07276	0.02092	0.017999	0.017077	0.065022	0.303483	0.471682	0.065156	0.366087	0.038352	0.136558	1.0	0.006515
GPR19	0.042509	0.065897	0.174302	0.077591	0.162071	0.158272	0.935959	0.842774	1.0	0.049587	0.08209	0.142251	0.023884	0.023513	0.0	0.001135	0.024016	0.010807	0.017551	0.014068	0.587166	0.101795
GPR25	0.0	0.183769	1.0	0.178591	0.047422	0.978986	0.06187	0.128206	0.273818	0.048554	0.050264	0.125337	0.07131	0.030719	0.16866	0.074021	0.054614	0.002986	0.135445	0.084443	0.102149	0.092264
GPR65	0.044737	0.042541	0.000982	0.173048	0.052953	0.170682	0.088223	0.012337	0.057539	0.29903	0.251704	0.251565	0.167284	0.069416	0.013792	0.106415	0.057418	0.0	0.196197	0.171689	1.0	0.301437
GPR97	0.029624	0.026779	0.041294	0.018781	0.008307	0.026128	0.016473	0.004507	0.025592	0.017027	0.060475	0.087424	0.0114	0.017341	0.025929	0.015987	0.021921	0.026175	0.053088	0.096796	1.0	0.488276
GRAP2	0.012202	0.018429	0.0096	0.715689	0.815293	0.685007	0.377539	0.506826	0.476786	0.416378	0.505506	0.784734	0.010099	0.003851	0.021031	0.031869	0.0	0.005615	0.594978	0.346527	0.014964	0.007557
GSTT1	0.0	0.008818	0.008219	0.018629	0.057621	0.01281	0.011377	0.122312	0.028232	0.012382	0.014305	0.014046	0.016505	0.070269	0.120469	0.818809	1.0	0.091987	0.545875	0.613599	0.053326	0.025576
GYPE	0.222684	0.366934	0.203311	0.147402	0.027404	0.0	0.007214	0.020394	0.459692	0.370046	0.077624	0.133881	0.018624	0.022225	0.021446	0.059734	0.010623	0.029808	0.035208	0.000294	0.027493	0.067008
GZMA	0.006936	0.007484	0.001871	0.279969	0.017504	0.178433	0.05033	0.003612	0.012007	0.633134	0.609506	1.0	0.003671	0.002029	0.002671	0.000804	0.001935	0.003521	0.0	0.000815	0.004501	0.012754
GZMB	0.003085	0.001622	0.001381	0.088345	0.002357	0.001217	0.945073	0.001438	0.00099	0.258047	0.65703	1.0	0.001338	0.004576	0.005543	0.003463	0.0	0.002219	0.039492	0.240032	0.008459	0.005329
GZMH	0.000413	0.001217	0.001683	0.545068	0.011746	0.039305	0.056277	0.000729	0.004112	0.664576	0.757786	0.472571	0.001405	0.000634	6.5e-05	0.0	0.000184	0.000732	0.000198	0.000302	0.0024	0.001722
GZMK	0.010037	0.015965	0.004795	0.553543	0.088103	0.23299	0.010268	0.005994	0.001712	1.0	0.122333	0.013163	0.002675	0.002826	0.00519	0.0	0.00345	0.00361	0.000852	0.003242	0.007972	0.024973
GZMM	0.0	0.001698	0.001004	0.174383	0.202237	0.146792	0.08744	0.171244	0.106658	0.148425	0.629674	0.436522	0.001154	0.001872	0.003859	0.000674	0.00067	0.002416	0.000702	0.004297	0.021947	0.009955
HAL	0.118622	0.095421	0.030861	0.02286	0.015559	0.020048	0.021068	0.172927	0.021426	0.057575	0.02785	0.026725	0.279363	0.02888	0.025055	0.020294	0.01982	0.013137	0.037785	0.025217	0.05776	1.0
HCK	0.028688	0.055309	0.011048	0.008071	0.008173	0.004846	0.005029	0.000337	0.004201	0.085913	0.043262	0.017658	0.903944	0.436138	1.0	0.588574	0.534147	0.460343	0.070952	0.097944	0.455221	0.913217
HDC	0.013844	0.017031	0.031146	0.01127	0.0	0.010747	0.00688	0.000531	0.007861	0.007693	0.019433	0.014146	0.011878	0.010246	0.0195	0.016438	0.013993	0.009772	0.990383	1.0	0.117557	0.014125
HESX1	0.001925	0.001469	0.002874	0.002001	0.002486	0.001538	0.002141	0.002571	0.015267	0.002259	0.002601	0.002927	0.002569	0.002104	1.0	0.042169	0.004162	0.461736	0.001754	0.003861	0.003444	0.002103
HHEX	1.0	0.613033	0.008462	0.018749	0.006204	0.011077	0.007378	0.005184	0.0	0.046851	0.042851	0.033142	0.419126	0.097754	0.00239	0.115125	0.196995	0.00869	0.284531	0.131007	0.212798	0.200821
HIC1	0.006355	0.0	0.017192	0.025875	0.093557	0.01195	0.018863	0.016163	0.534474	0.046809	0.07375	0.240078	0.018608	0.014883	0.053987	0.013555	0.022247	0.051301	0.030824	0.025194	0.055588	0.021527
HIST1H2AE	0.10706	0.05755	1.0	0.08734	0.088933	0.145293	0.018603	0.384106	0.216161	0.035559	0.031857	0.0	0.007673	0.001602	0.000495	0.011321	0.043088	0.129439	0.039553	0.085304	0.26921	0.058627
HIST1H2BG	0.012786	0.049298	1.0	0.102185	0.191136	0.266287	0.064242	0.254674	0.159015	0.092978	0.087587	0.003637	0.021523	0.004048	0.002056	0.0	0.043513	0.189584	0.059795	0.030896	0.079154	0.05354
HK3	0.000944	0.0	0.00104	0.003339	0.0043	0.000909	0.00336	0.001598	0.002798	0.035433	0.057519	0.006199	0.835204	1.0	0.006082	0.040408	0.292708	0.076867	0.007685	0.060685	0.32133	0.33648
HLA-DOB	1.0	0.729902	0.646913	0.026635	0.002596	0.001626	0.001023	0.012326	0.012142	0.001047	0.029397	0.022989	0.009878	0.001885	0.233774	0.000654	0.0	0.299795	0.00399	0.001741	0.029005	0.009072
HLA-DQA1	0.114409	0.171492	0.012231	0.013759	0.007125	0.005063	0.01293	0.00274	0.072346	0.037742	0.019751	0.019191	0.027096	0.105442	0.536561	0.674728	1.0	0.830595	0.015968	0.042095	0.0	0.01962
HNMT	0.015973	0.014077	0.005922	0.003218	0.000598	0.000628	0.00688	0.0	0.004727	0.021374	0.005427	0.001391	0.24422	0.231956	0.046126	0.284623	0.189935	0.081801	0.037178	0.034372	0.005124	0.006351
HOXA1	0.008016	0.004465	0.0037	0.007945	0.008484	6.7e-05	0.005545	0.01596	0.00602	0.010154	0.006501	0.003638	0.005067	0.008025	0.0	0.004011	0.006181	0.001907	1.0	0.588674	0.002448	0.014266
HPGDS	0.008799	0.009754	0.00522	0.003279	0.003482	0.007804	0.003695	0.002036	0.009531	0.0049	0.007599	0.00625	0.001119	0.010454	0.002412	0.005805	0.008416	0.005182	1.0	0.815288	0.011224	0.009505
HPSE	0.002473	0.001504	0.004018	0.021982	0.083168	0.142727	0.370829	0.164712	0.103212	0.218763	0.001814	0.021618	1.0	0.02722	0.646509	0.688982	0.0	0.002504	0.108898	0.060572	0.009211	0.751674
HRH1	0.08303	0.064086	0.062252	0.022822	0.0	0.034431	0.119126	0.023891	0.038031	0.085747	0.012724	0.007372	0.02107	0.088157	0.054783	1.0	0.081182	0.046936	0.042714	0.041587	0.025332	0.092868
HSPA6	0.016103	0.039735	0.0	0.027081	0.021888	0.001085	0.000792	0.073491	0.103614	0.018553	0.05086	0.081053	0.189773	0.00142	0.03717	0.057757	0.014479	0.000863	0.015671	0.033871	0.215905	1.0
HTR2B	0.004139	0.022492	0.057629	0.047857	0.017722	0.003217	0.0	0.012454	0.057712	0.191454	0.069693	0.00622	0.024437	0.006066	0.072066	0.558913	0.039761	1.0	0.127109	0.000746	0.009701	0.007509
ICA1	0.033022	0.0	0.040829	0.008215	0.014899	0.075502	0.019729	1.0	0.043817	0.034425	0.007984	0.008659	0.029485	0.036259	0.033666	0.018489	0.038489	0.032662	0.044934	0.036313	0.021861	0.08423
ICOS	0.000255	0.000507	0.000215	0.024511	0.13097	0.101054	0.232629	1.0	0.0949	0.004126	0.001042	0.002332	0.000113	0.0	0.001822	7.5e-05	0.000286	0.000216	9.3e-05	0.0001	0.001229	0.000221
IDO1	0.00825	0.010948	0.0122	0.00826	0.006398	0.008546	0.006763	0.008266	0.002587	0.006077	0.02436	0.024528	0.009323	0.011948	1.0	0.00259	0.00411	0.77556	0.006995	0.005368	0.051665	0.019075
IFI44L	0.002255	0.004375	0.006986	0.012193	0.022712	0.019374	0.001213	0.020247	0.55162	0.080217	0.048515	0.05	0.049423	0.000259	1.0	0.162129	0.0	0.66749	0.011707	0.014146	0.025671	0.010647
IFNA10	0.373125	1.0	0.159786	0.036675	0.047799	0.046094	0.01555	0.05452	0.978995	0.022725	0.010218	0.040594	0.040195	0.023314	0.009691	0.006463	0.098038	0.010147	0.160486	0.101897	0.028635	0.090881
IFNG	0.032282	0.021965	0.017105	0.034789	0.012344	0.017863	1.0	0.028339	0.022944	0.038006	0.034515	0.561454	0.012474	0.011984	0.010609	0.006616	0.007358	0.010042	0.012638	0.006485	0.020213	0.024985
IGSF6	0.006293	0.010302	0.009415	0.003167	0.005322	0.006728	0.004575	0.003305	0.008055	0.021408	0.015227	0.010964	0.437369	1.0	0.047324	0.266725	0.605048	0.201637	0.024462	0.059116	0.039352	0.694522
IL12B	0.041449	0.034922	0.021338	0.015081	0.009462	0.022289	0.030059	0.015144	0.015719	0.032642	0.03325	0.021308	0.015282	0.015753	0.211241	0.005384	0.028211	1.0	0.013471	0.027765	0.026189	0.050723
IL12RB2	0.001834	0.005055	0.00159	0.055554	0.015268	0.063298	0.470804	0.070299	0.137326	0.247348	0.383719	1.0	0.00648	0.006011	0.002549	0.021702	0.002222	0.0	0.019006	0.013564	0.000681	0.002312
IL17A	0.063533	0.089751	0.02568	0.004238	0.002604	0.002648	1.0	0.220038	0.0187	0.043472	0.012887	0.007946	0.007397	0.006333	0.020977	0.0	0.00644	0.009572	0.021757	0.04998	0.007862	0.117093
IL18R1	0.011192	0.021801	0.012167	0.085698	0.02949	0.106617	0.177361	0.050288	0.228045	0.458564	0.371314	0.486575	0.005207	0.005224	0.0	0.01111	0.006761	0.006251	0.648535	1.0	0.67214	0.229673
IL18RAP	0.006139	0.003427	0.0	0.079127	0.009281	0.038491	0.052637	0.011985	0.013752	0.681205	0.938106	0.870968	0.010541	0.010806	0.000313	0.002398	0.00994	0.010095	0.033005	0.0518	0.270749	0.401304
IL1A	0.061883	0.032739	0.028839	0.017757	0.027763	0.025087	0.043188	0.01375	0.012127	0.029622	0.022723	0.020898	0.016292	0.192348	0.025278	0.005706	0.030699	0.117874	0.040968	0.900539	0.621903	0.060977
IL1B	0.01168	0.007173	0.001946	0.000228	0.0	0.003592	0.001997	0.002119	0.00463	0.006772	0.003558	0.003292	0.035251	0.035763	0.016935	0.004873	0.009444	0.08323	0.09898	0.554886	0.031497	0.093219
IL1RL1	0.110342	0.063013	0.070377	0.011851	0.0	0.039503	0.059527	0.038625	0.031943	0.061388	0.035787	0.082228	0.014075	0.061241	0.057487	0.04416	0.062974	0.019408	0.552905	1.0	0.740041	0.064988
IL21	0.234064	0.202444	0.108114	0.038206	0.012187	0.053352	0.225282	1.0	0.026343	0.057733	0.024034	0.044096	0.068377	0.054722	0.038357	0.026763	0.050987	0.040325	0.063291	0.038613	0.061417	0.135019
IL26	0.013389	0.018934	0.087705	0.018149	0.019962	0.025975	1.0	0.420935	0.067617	0.03042	0.019183	0.009759	0.003443	0.0	0.006784	0.006917	0.006878	0.007528	0.001996	0.131048	0.00843	0.007623
IL2RA	0.025411	0.038485	0.010984	0.012198	0.012468	0.067646	1.0	0.032109	0.766881	0.001165	0.003358	0.121701	0.0	0.001732	0.795192	0.024441	0.003945	0.443492	0.033891	0.057462	0.021886	0.001173
IL2RB	0.102299	0.093206	0.035531	0.201247	0.033959	0.148054	0.388561	0.373668	0.656732	0.567147	0.938782	1.0	0.007834	0.006393	0.002577	0.0	0.003886	0.010158	0.008887	0.014178	0.010949	0.045846
IL3	0.008827	0.004349	0.005079	0.002314	0.002509	0.001985	1.0	0.006298	0.019018	0.000426	0.004947	0.013983	0.003721	0.002673	0.002842	0.001217	0.00275	0.004562	0.001847	0.241056	0.063694	0.004153
IL4	0.012419	0.095639	0.141235	0.026119	0.014032	0.015508	1.0	0.491155	0.109067	0.112455	0.022044	0.010388	0.007052	0.001694	0.006171	0.00065	0.010056	0.008879	0.0	0.012699	0.200888	0.121116
IL4R	1.0	0.148583	0.0	0.055376	0.17113	0.080022	0.053467	0.011485	0.262283	0.058075	0.052264	0.123041	0.084071	0.071202	0.253445	0.051826	0.074884	0.197735	0.26267	0.406941	0.07711	0.234926
IL5	0.0	0.016053	0.009889	0.038876	0.015272	0.091475	0.492931	0.06897	0.255733	0.090286	0.004987	0.023135	0.015626	0.015141	0.134912	0.039282	0.030041	0.051181	0.019135	1.0	0.052068	0.021348
IL5RA	0.145047	0.11503	0.253488	0.030242	0.006575	0.060607	0.031219	0.014699	0.117426	0.139466	0.034198	0.03216	0.027461	0.020395	0.031391	0.0	0.04274	0.048937	0.19169	0.121022	1.0	0.338601
IL7	0.395657	1.0	0.04224	0.044736	0.033216	0.091128	0.025871	0.089674	0.04738	0.020957	0.016544	0.019003	0.061188	0.131775	0.198799	0.1078	0.090501	0.215594	0.068222	0.016994	0.005431	0.0
IL7R	0.012382	0.021461	0.004597	0.778292	1.0	0.926714	0.099018	0.155554	0.024162	0.10691	0.057647	0.015663	0.006507	0.258859	0.109197	0.002517	0.108828	0.398582	0.0	0.014847	0.016508	0.036254
IL9	0.008577	0.005916	0.001934	0.005971	0.004177	0.013153	1.0	0.006475	0.001725	0.006645	0.006393	0.004248	0.001782	0.002855	0.003789	0.000912	0.0042	0.004666	0.0	0.001758	0.008076	0.003098
IRF8	0.783678	0.649464	0.014322	0.025259	0.019406	0.0	0.036625	0.046812	0.012525	0.078438	0.130873	0.211179	0.1999	0.156077	1.0	0.285773	0.133107	0.228026	0.026367	0.062417	0.03931	0.01952
ITK	0.041833	0.035602	0.012722	0.673206	1.0	0.802864	0.408469	0.939828	0.747302	0.601178	0.314027	0.411297	0.005557	0.004602	0.001994	0.0	0.003241	0.009983	0.133914	0.106474	0.061364	0.032522
KCNA3	0.24354	0.33107	1.0	0.466403	0.376114	0.800953	0.258385	0.208265	0.050943	0.355438	0.331075	0.469125	0.108035	0.074217	0.096677	0.005662	0.008101	0.008481	0.0	0.003487	0.088844	0.042651
KCNG2	0.026721	0.073007	1.0	0.055338	0.00327	0.024415	0.026721	0.029581	0.003318	0.0	0.053959	0.043709	0.058853	0.071292	0.129151	0.04403	0.046202	0.04195	0.05544	0.072673	0.098845	0.022517
KIAA0754	0.013411	0.006821	0.001101	0.045688	0.186625	0.008559	0.0	0.174821	0.126209	0.136103	0.357372	0.355455	0.09849	0.008413	1.0	0.37372	0.008738	0.00069	0.008099	0.122496	0.197427	0.008537
KIR2DL1	0.001353	0.000425	0.000151	0.001605	0.003575	0.00091	0.0	0.000855	0.008427	0.008272	0.114629	0.217876	0.000409	0.000258	0.001847	0.001814	0.000167	0.001195	0.011047	0.008881	0.001373	0.00339
KIR2DL4	0.03724	0.024905	0.03652	0.008255	0.008684	0.002277	0.0	0.00117	0.007894	0.02552	0.074752	0.225457	0.009168	0.005146	0.032847	0.001734	0.006671	0.01235	0.004797	0.007531	0.017235	0.030467
KIR2DS4	0.202559	0.141131	0.166198	0.08888	0.033443	0.035737	0.024859	0.038721	0.058813	0.17697	0.385998	1.0	0.038595	0.033616	0.040925	0.016587	0.041358	0.031163	0.044675	0.040582	0.036053	0.110412
KIR3DL2	0.002028	0.001301	0.0	0.006309	0.002866	0.000722	0.002429	0.001017	0.009786	0.090242	0.2197	0.504356	0.001654	0.000878	0.008907	0.002692	0.001328	0.000891	0.004189	0.003109	0.002637	0.005419
KIRREL	0.071391	0.060539	0.146439	0.182777	0.138412	0.036648	0.056067	0.121556	1.0	0.160119	0.087349	0.051204	0.060147	0.043679	0.114356	0.204988	0.064107	0.046279	0.229716	0.096759	0.181993	0.072667
KLRB1	0.004713	0.010124	0.001149	0.391276	0.013512	0.444957	0.02165	0.198386	0.055393	0.560871	0.575215	0.247224	0.00341	0.000585	0.000884	0.0	0.003612	0.001044	0.001065	0.002605	0.011684	0.013736
KLRC3	0.005672	0.026459	0.002468	0.485856	0.005232	0.017951	0.004707	0.0	0.02821	0.392757	1.0	0.443552	0.004825	0.000543	0.00608	0.002911	0.008938	0.002705	0.001917	0.0066	0.019627	0.00225
KLRC4	0.304228	0.38231	0.101036	1.0	0.213969	0.069525	0.090551	0.032158	0.144182	0.566676	0.939682	0.544321	0.080564	0.103195	0.06667	0.017467	0.035799	0.012351	0.053153	0.044344	0.010237	0.193842
KLRD1	0.018754	0.014692	0.023627	0.194979	0.003344	0.01922	0.01298	0.012146	0.001446	0.424512	0.86897	0.738902	0.003973	0.000626	0.001794	0.003326	0.004927	0.001662	0.002646	0.0	0.001266	0.017716
KLRF1	0.013816	0.018159	0.009967	0.080503	0.001277	0.01134	0.002724	0.000428	0.0	0.473269	1.0	0.563919	0.008749	0.003129	0.00646	0.016623	0.006364	0.005397	0.005832	0.004878	0.009409	0.010831
KLRG1	0.268241	0.206947	0.074545	0.827655	0.071133	0.399572	0.028317	0.030031	0.050133	1.0	0.346243	0.170346	0.034993	0.027132	0.023317	0.0	0.022643	0.016871	0.259104	0.259803	0.066917	0.101897
KLRK1	0.073102	0.028607	0.005478	0.935845	0.036983	0.028125	0.004485	0.008595	0.001652	0.5901	1.0	0.619232	0.0056	0.001632	0.000994	0.003723	0.004721	0.001987	0.006639	0.005494	0.046979	0.024723
KRT18P50	0.107297	0.134136	0.517137	0.106254	0.236647	0.100265	0.073543	0.149022	0.423377	0.993899	0.105862	0.062025	0.327063	0.082973	0.319141	0.082915	0.017973	0.28482	0.049568	0.069526	1.0	0.392421
KYNU	0.039269	0.077214	0.012022	0.004969	0.00434	0.004045	0.002425	0.00179	0.016256	0.014716	0.008274	0.007813	0.116328	0.421936	0.864089	0.143781	0.269071	1.0	0.016767	0.04357	0.007234	0.01239
LAG3	0.018662	0.002188	0.003034	0.308539	0.000714	0.10167	0.59444	0.771966	0.389521	0.525854	0.080554	0.011017	0.001705	0.001009	0.85024	0.055347	0.009437	0.125569	0.004595	0.010314	0.0	0.001853
LAIR2	0.084067	0.038832	0.021537	0.242847	0.032601	0.07109	0.00077	0.0379	0.714878	0.301714	0.368734	0.378613	0.006008	0.001769	0.031474	0.002545	0.004363	0.0	0.001704	0.008889	0.072358	0.044336
LAMP3	0.000365	0.000339	0.003846	0.004118	0.003524	0.005212	0.014147	0.005439	0.009661	0.004007	0.007379	0.016294	0.0	0.011923	0.732386	0.00319	0.04183	1.0	0.001852	0.003915	0.021521	0.012101
LAT	0.005495	0.002596	0.0	0.372026	0.664124	0.37887	0.159671	1.0	0.369124	0.313876	0.19251	0.137507	0.015313	0.058818	0.00614	0.008427	0.011213	0.012824	0.433415	0.282708	0.035162	0.011737
LCK	0.033123	0.032042	0.002088	0.914724	0.934026	0.812429	0.420746	1.0	0.70264	0.447659	0.374941	0.291618	0.006268	0.004562	0.000538	0.00021	0.0024	0.003847	0.001365	0.0	0.023476	0.01737
LEF1	0.00252	0.002205	0.005844	0.155089	0.350019	0.148511	0.052169	0.062949	0.045923	0.017262	0.013474	0.01356	0.000133	0.0	4.1e-05	0.000557	1.2e-05	0.000693	0.001145	0.000907	0.012428	0.002568
LHCGR	0.785593	1.0	0.283489	0.022651	0.099417	0.014	0.0	0.020133	0.703398	0.639343	0.084919	0.107856	0.030937	0.137844	0.091892	0.086588	0.079242	0.082822	0.137812	0.087667	0.240549	0.407402
LILRA2	0.001472	0.001328	0.000261	0.001358	0.002504	0.001019	0.000314	0.000483	0.0	0.02221	0.014221	0.004304	0.277618	0.133089	0.048469	0.03303	0.019592	0.008864	0.019364	0.015126	0.043029	0.384495
LILRA3	0.000202	0.000155	0.0	0.000442	0.002898	6e-05	0.000231	5e-06	0.004519	0.001758	0.001903	0.000838	0.112521	0.006158	0.124445	0.019155	0.002762	0.050078	0.004115	0.001629	0.009718	0.014389
LILRA4	0.050198	0.210176	0.11539	0.033439	0.018555	0.100674	0.020536	0.002721	1.0	0.064417	0.022704	0.019904	0.116612	0.073364	0.171132	0.061512	0.052516	0.046462	0.013973	0.0	0.014845	0.111368
LILRB2	0.003216	0.002848	0.001183	0.002511	0.0	0.000444	0.000324	0.000768	0.00733	0.046559	0.025878	0.003906	0.442739	0.07094	0.635409	0.156427	0.032308	0.037826	0.043473	0.04269	0.133546	0.384612
LIME1	0.0	0.002083	0.104392	0.132267	0.101636	0.125764	0.015488	0.08142	0.037598	0.067283	0.016489	0.002464	0.005677	0.001874	0.001111	0.002764	0.001937	0.002574	0.00221	0.008411	0.002998	0.005821
LOC100130100	0.001263	0.002448	1.0	0.00169	0.001167	0.000764	0.000734	0.000907	0.000251	0.000903	0.0	0.00058	0.00077	0.000454	0.000742	0.000567	0.000767	0.000666	0.001126	0.00036	0.000694	0.000915
LOC126987	0.174515	0.131473	0.255319	0.089691	0.135194	0.114995	0.12832	0.024037	1.0	0.02426	0.108404	0.095293	0.083964	0.058507	0.153763	0.128601	0.107021	0.115826	0.063308	0.02594	0.089435	0.114984
LRMP	0.328645	0.462253	0.159544	0.094255	0.130766	0.045879	0.023263	0.312195	0.015442	0.091262	0.191785	0.063214	0.160487	0.018514	0.0	0.116754	0.078998	0.012058	0.109395	0.092566	1.0	0.507393
LST1	0.00091	0.0	0.001913	0.050285	0.024532	0.031356	0.011091	0.001604	0.00507	0.138265	0.065647	0.027223	0.599497	0.218538	0.22378	0.228063	0.369524	0.093199	0.121229	0.163211	0.419358	1.0
LTA	0.0	0.000116	0.000321	0.003306	0.085985	0.005582	0.99538	0.178726	0.04413	0.000558	0.004359	1.0	0.000291	0.000295	0.035698	0.00115	0.001017	0.000399	0.000444	0.002128	0.005102	0.001796
LTB	0.58952	0.691156	0.0	0.559487	0.75616	0.684908	0.296389	0.553469	1.0	0.187931	0.051976	0.964149	0.012356	0.00119	0.000556	0.003129	0.004484	0.000313	0.006654	0.016933	0.116831	0.307943
LTC4S	0.041694	0.0109	0.046241	0.104031	0.055687	0.056816	0.032034	0.086665	0.0	0.091408	0.130723	0.073941	0.068602	0.084547	0.115905	0.497257	0.184522	0.046852	1.0	0.894803	0.509726	0.088134
LY86	0.892452	1.0	0.084124	0.027178	0.029276	0.002874	0.0	0.004185	0.026702	0.185518	0.008748	0.006238	0.664448	0.218266	0.14101	0.819644	0.239939	0.055931	0.015905	0.005849	0.062965	0.067883
LY9	0.1441	0.318693	0.288131	0.703815	1.0	0.696951	0.013727	0.521997	0.094909	0.605965	0.134734	0.001381	0.0022	0.004399	0.001265	0.123948	0.026397	0.003733	0.01514	0.0	0.02499	0.018598
MAGEA11	0.127563	0.210365	0.217835	0.117743	0.029322	0.319137	0.200819	0.067882	0.564073	0.606782	0.111197	0.035013	0.003544	0.020778	0.010869	0.0	0.053778	0.012905	0.003795	0.179208	0.380131	0.097133
MAK	0.013904	0.014061	0.009371	0.003181	0.007922	0.004679	0.032559	0.00828	0.004802	0.015662	0.006157	0.009282	0.018117	0.006421	0.032379	0.091102	0.008271	0.044292	0.020892	0.048099	0.315296	1.0
MAN1A1	0.048746	0.040956	1.0	0.035368	0.0	0.030425	0.059662	0.045558	0.03602	0.048953	0.070618	0.052489	0.026989	0.110065	0.098278	0.1084	0.0668	0.086104	0.134839	0.104639	0.018046	0.139874
MANEA	0.000594	0.022211	1.0	0.075754	0.069155	0.092429	0.519079	0.126203	0.046069	0.033473	0.105486	0.19827	0.097746	0.178879	0.120015	0.173908	0.165276	0.194069	0.128311	0.04743	0.002141	0.0
MAP3K13	0.018	0.016637	0.045335	0.029487	0.037239	0.024337	0.030099	0.016931	0.039085	0.024953	0.028426	0.023874	0.027785	0.028752	0.182518	0.031862	0.032487	1.0	0.020023	0.022875	0.03147	0.032638
MAP4K1	0.004997	0.176128	0.034891	0.332188	0.471134	0.266917	0.236427	0.832438	0.392822	0.298714	0.141671	0.083793	0.057681	0.000489	0.001564	0.067326	0.007018	0.0	0.066244	0.056181	0.048879	0.002362
MAP4K2	0.000356	0.000673	0.0	0.001485	0.021805	0.001854	0.012284	0.001369	0.00379	0.000376	0.000432	0.000321	0.000578	0.00106	0.0001	0.000508	0.000457	0.000448	6.1e-05	0.000273	0.000384	0.00061
MAP9	0.095468	0.124811	0.074297	0.970959	1.0	0.253566	0.574254	0.666285	0.222029	0.022303	0.38348	0.447464	0.001943	0.009526	0.012129	0.026851	0.014094	0.016182	0.016242	0.016636	0.079042	0.015822
MARCH3	0.201409	0.075566	0.083237	0.008096	0.019708	0.007994	0.008408	0.046086	0.053924	0.010596	0.048599	0.049935	0.017049	0.04327	0.098459	0.0	0.029556	0.024913	0.612088	1.0	0.397364	0.053858
MARCO	0.0	0.000711	0.002258	0.002253	0.012259	0.000698	0.002267	0.006217	0.007566	0.001573	0.002942	0.001951	0.094522	1.0	0.016498	0.044882	0.003525	0.002543	0.002158	0.0073	0.004995	0.00233
MAST1	0.003825	0.010558	1.0	0.000716	0.004937	0.002597	0.006081	0.015648	0.01526	0.002458	0.005568	0.001912	0.002921	0.001541	0.003706	0.00297	0.001549	0.001923	0.027072	0.017633	0.011385	0.021371
MBL2	0.433436	0.715077	0.104014	0.005026	0.14719	0.031692	0.012111	0.013222	1.0	0.27452	0.092321	0.032918	0.022331	0.056712	0.025816	0.054666	0.047412	0.165654	0.021826	0.027165	0.002525	0.150075
MEFV	0.023199	0.023137	0.008116	0.003551	0.0	0.006299	0.001164	0.005126	0.008691	0.042859	0.014501	0.008724	0.630919	0.006095	0.003304	0.002253	0.004445	0.004208	0.012533	0.010467	0.015949	1.0
MEP1A	1.0	0.41483	0.234706	0.055226	0.021353	0.148111	0.04344	0.056022	0.178327	0.142718	0.088785	0.092821	0.102265	0.180872	0.02461	0.068339	0.196541	0.340869	0.024413	0.100602	0.272177	0.17387
MGAM	0.000815	0.000269	0.00024	0.0	0.000193	0.000439	0.000225	0.000363	0.001036	0.0089	0.062047	0.008773	0.031116	0.002032	0.00024	0.00034	0.000982	0.000532	0.046027	0.026721	0.120911	1.0
MICAL3	1.0	0.971414	0.256008	0.291103	0.038763	0.372084	0.386864	0.269329	0.023636	0.099148	0.103144	0.344836	0.027166	0.040435	0.057547	0.034124	0.046255	0.048942	0.446089	0.374998	0.126842	0.01186
MMP12	0.0463	0.030159	0.009828	0.004534	0.002873	0.006761	0.006153	0.004686	0.016161	0.014167	0.005716	0.00489	0.005571	0.01478	0.024547	0.013436	1.0	0.24538	0.012574	0.17622	0.014666	0.018118
MMP25	0.003309	0.001583	0.01293	0.015387	0.018747	0.008424	0.0	0.007558	0.04084	0.00306	0.0055	0.054841	0.0531	0.000584	0.157988	0.075164	0.071852	0.162914	0.005049	0.01051	0.18266	0.668704
MMP9	0.004356	0.005623	0.004846	0.003014	0.004889	0.005812	0.00228	0.006562	0.00585	0.004354	0.013364	0.002942	0.004265	1.0	0.06597	0.418219	0.07785	0.070399	0.026343	0.322005	0.011993	0.161441
MNDA	0.001106	0.012019	2.2e-05	0.002049	0.000208	0.000187	0.0	0.000397	0.001494	0.095279	0.034782	0.013136	0.506474	0.115314	0.177573	0.082461	0.201611	0.094232	0.095137	0.056417	0.139423	1.0
MS4A1	1.0	0.966345	0.020489	0.017583	0.001432	0.010769	0.005487	0.004757	0.01364	0.026511	0.009245	0.008362	0.005662	0.00031	0.003772	0.002094	0.002115	0.005306	0.002986	0.001424	0.037544	0.013748
MS4A2	0.028557	0.036797	0.02131	0.018915	0.016767	0.01954	0.015812	0.012253	0.009643	0.022493	0.015441	0.009984	0.006133	0.010283	0.009648	0.009892	0.010863	0.015849	1.0	0.599662	0.067156	0.02291
MS4A3	0.058017	0.028088	0.02719	0.037346	0.000477	0.016668	0.006679	0.013959	0.014684	0.049695	0.298996	0.093726	0.008045	0.0	0.006627	0.015545	0.004119	0.006858	1.0	0.452858	0.703664	0.085318
MS4A6A	0.067212	0.037064	0.019123	0.012612	0.009309	0.012313	0.009919	0.008157	0.02697	0.132027	0.012705	0.010793	0.544735	0.015541	0.023842	1.0	0.230726	0.009283	0.042534	0.029985	0.024224	0.069295
MSC	0.0	0.008584	0.047478	0.027451	0.007422	0.031264	0.118195	0.001664	0.079099	0.056794	0.017649	0.007362	0.010206	0.332002	0.844282	0.039951	0.2998	1.0	0.019179	0.065764	0.025522	0.045453
MXD1	0.000583	0.000535	0.000992	0.00629	0.030545	0.011915	0.006047	0.016795	0.009781	0.010588	0.023596	0.005721	0.02979	0.008348	0.015101	0.00107	0.0	0.029488	0.001239	0.004323	0.197212	0.304823
MYB	0.058133	0.044352	0.009265	0.115283	0.10367	0.038742	0.153718	0.34694	0.132983	0.034785	0.108713	0.031882	0.045041	0.003481	0.0	0.008255	0.003913	0.058438	0.861346	1.0	0.723342	0.086372
NAALADL1	0.004416	0.008697	0.003326	0.065338	0.205918	0.143691	0.01348	0.147204	0.042335	0.056599	0.346521	0.226505	0.02484	0.007243	0.000994	0.003044	0.0	0.010613	0.001588	0.003997	0.008772	0.008798
NCF2	0.004792	0.014349	0.006822	0.000247	0.00836	0.001535	0.000154	0.000569	0.018366	0.077968	0.021243	0.005557	0.609551	0.777567	0.035139	0.570008	0.553141	0.1541	0.04482	0.077877	1.0	0.856192
NCR3	0.037264	0.234331	0.003614	0.530535	0.067428	0.117094	0.115745	0.052453	0.196312	0.562356	0.446478	0.980155	0.00803	0.0	0.023114	0.007723	0.017068	0.000697	0.020186	0.016201	0.03564	0.059178
NFE2	0.0	0.00015	0.001281	0.02247	0.009517	0.006075	0.000338	0.011158	0.013666	0.016188	0.028462	0.017036	0.335408	0.005427	0.005843	0.023073	0.001401	0.001301	0.050508	0.031532	0.0592	0.650773
NIPSNAP3B	1.0	0.471057	0.220156	0.079532	0.024729	0.085606	0.052881	0.048555	0.065622	0.314037	0.095235	0.06503	0.055113	0.048848	0.065057	0.066136	0.042359	0.077187	0.129757	0.088746	0.096008	0.208862
NKG7	5.6e-05	0.000146	7.6e-05	0.233721	0.00275	0.018262	0.025507	7.2e-05	0.000367	0.272851	0.376366	0.394325	0.000804	0.0	0.005746	4.4e-05	1e-06	4.4e-05	0.011487	0.015375	0.000523	0.000227
NLRP3	0.000888	0.000752	0.000315	0.000309	0.000576	0.003084	0.000214	0.0	0.001388	0.003383	0.002791	0.006544	0.05295	0.001766	0.002205	0.026299	0.0253	0.00068	0.001287	0.034857	0.004805	0.039585
NMBR	0.883993	1.0	0.4203	0.0756	0.01106	0.050077	0.15851	0.030786	0.202027	0.316386	0.046743	0.079828	0.132007	0.082265	0.02445	0.057277	0.138916	0.026215	0.015306	0.038834	0.177683	0.348914
NOD2	0.0	0.001496	0.0999	0.000674	0.000752	0.053865	0.064817	0.050175	0.016477	0.0642	0.078735	0.07313	0.595226	0.038893	1.0	0.369637	0.011305	0.111341	0.011376	0.000463	0.280697	0.313626
NOX3	0.038655	0.013499	0.013442	0.016802	0.022626	0.024949	0.017307	0.022238	0.00785	0.294796	0.017243	0.015501	0.034704	0.019143	0.02778	0.024407	0.013019	0.015654	0.611497	1.0	0.011558	0.053388
NPAS1	0.09549	0.082502	0.1573	0.135844	0.044523	0.11142	0.032115	0.033915	1.0	0.056263	0.056842	0.061797	0.070887	0.07718	0.058857	0.090146	0.078736	0.076073	0.119915	0.067112	0.102162	0.126473
NPL	0.000739	0.0	0.008428	0.016083	0.00032	0.014589	0.023408	0.002549	0.012299	0.03177	0.019335	0.022957	0.196853	0.383335	0.113885	1.0	0.475433	0.106245	0.125813	0.09807	0.252871	0.516301
NR4A3	0.014184	0.016668	0.013413	0.000508	0.009215	0.003935	0.059681	0.021487	0.097221	0.01971	0.0	0.015655	0.002533	0.029948	0.09373	0.004876	0.101664	0.54207	0.011474	0.295014	1.0	0.05313
NTN3	0.014735	0.061574	0.095925	0.026204	0.105752	0.041538	0.132196	0.02076	0.96044	0.194398	0.011471	0.015335	0.026528	0.013791	0.042277	0.064547	0.009238	0.022197	0.0	0.011515	0.0492	0.058642
NTRK1	0.004711	0.004855	0.017223	0.002167	0.012721	0.005963	0.0112	0.001485	0.002725	0.008284	0.001204	0.004745	0.003281	0.0	0.000568	0.000727	0.005838	9e-05	0.298682	1.0	0.014443	0.00686
OSM	0.0	6.9e-05	0.0	0.000185	2.7e-05	0.000289	0.004498	0.00114	0.014718	0.001937	2.2e-05	0.017865	0.000211	0.000156	0.000113	0.000447	0.000927	0.000155	0.001245	0.000665	0.173331	0.01949
P2RX1	0.044225	0.000458	0.0	0.050967	0.046588	0.029438	0.026212	0.037566	0.011961	0.052294	0.034342	0.035755	0.229852	0.057288	0.034654	0.112974	0.044379	0.007429	1.0	0.76241	0.447547	0.400422
P2RX5	1.0	0.937305	0.258084	0.078822	0.067059	0.077279	0.052018	0.294338	0.072676	0.112117	0.050255	0.048717	0.016025	0.001343	0.000173	0.0	0.001772	0.0016	0.015904	0.028746	0.03461	0.001592
P2RY10	0.151544	0.120733	0.141634	0.110262	0.117915	0.179583	0.101162	0.108218	0.32554	0.03588	0.081406	0.071041	0.005488	0.002119	0.005322	0.003972	0.0	0.048273	0.007728	0.019045	0.634913	0.121127
P2RY13	0.000559	0.00597	0.000318	0.000205	0.000182	0.0	0.000165	0.000105	0.000765	0.046475	0.014442	0.001505	0.569774	0.023403	0.095692	0.606588	0.00396	0.000353	0.007649	0.011153	0.295435	1.0
P2RY14	0.167129	0.0193	0.002358	0.01508	0.005688	0.006939	0.007079	0.00267	0.009762	0.051736	0.021205	0.021265	0.004511	0.0	0.001401	0.086565	0.021216	0.001747	0.224883	0.150488	1.0	0.163582
P2RY2	0.002347	0.004426	0.00047	0.005892	0.002359	0.002088	0.004163	0.011946	0.000699	0.003164	0.005745	0.002622	0.17404	0.082483	0.002116	0.0	0.001316	0.005487	0.005348	0.085889	1.0	0.011767
PADI4	0.000235	0.001139	0.001671	0.010526	0.002857	0.001425	0.003455	0.002357	0.0	0.030631	0.025254	0.003883	0.177026	0.001396	0.00185	0.000626	0.002641	0.006257	0.02353	0.031809	0.140462	0.19302
PAQR5	0.052053	0.043712	0.029981	0.026229	0.05824	0.031128	0.028165	0.023143	0.088927	0.06601	0.033795	0.022143	0.02637	0.817825	0.037529	0.035293	0.039736	0.03061	1.0	0.790676	0.03218	0.045985
PASK	0.054191	0.069672	0.076017	0.179953	0.125122	0.298046	0.117756	1.0	0.177441	0.016064	0.010915	0.019264	0.004409	0.0	0.017192	0.014539	0.006178	0.010094	0.010255	0.007675	0.040453	0.019787
PAX7	0.200367	0.251454	1.0	0.034815	0.043856	0.106746	0.075974	0.089671	0.348388	0.125519	0.0	0.029568	0.089858	0.024495	0.038319	0.019951	0.068073	0.069869	0.033224	0.098185	0.257406	0.111755
PBXIP1	0.10295	0.269738	0.2329	0.463627	0.318898	1.0	0.036051	0.493331	0.954628	0.158014	0.144144	0.037013	0.055812	0.0	0.037818	0.106481	0.067806	0.1554	0.02998	0.039618	0.243042	0.289697
PCDHA5	0.0	0.027372	0.061496	0.100565	0.202832	0.280257	0.025496	0.057525	1.0	0.37726	0.049621	0.061122	0.050386	0.052978	0.78801	0.030555	0.083071	0.009007	0.05482	0.009671	0.050201	0.073674
PDCD1	0.033924	0.041983	0.034531	0.053281	0.044311	0.051408	0.084609	1.0	0.095908	0.074279	0.043473	0.041117	0.053048	0.037938	0.04582	0.04523	0.036993	0.041015	0.044169	0.030595	0.080338	0.101194
PDCD1LG2	0.020798	0.014121	0.014605	0.015337	0.018166	0.013161	0.017319	0.009612	0.092975	0.018857	0.026654	0.015479	0.016828	0.067264	0.551404	0.421791	0.142656	1.0	0.011864	0.022264	0.088244	0.027409
PDE6C	0.0	0.016554	0.003018	0.005728	0.121807	0.031213	0.004089	0.033565	0.004014	0.03184	0.082962	0.008432	0.021351	0.013214	0.012032	0.015088	0.006083	0.057189	0.043542	0.000874	0.271063	0.007202
PDK1	0.015334	0.009611	1.0	0.158346	0.365249	0.078987	0.11483	0.076208	0.342406	0.008533	0.015417	0.019047	0.010162	0.083109	0.086268	0.079557	0.061466	0.007887	0.008754	0.013422	0.403483	0.023146
PGLYRP1	0.003037	0.004514	0.003438	5.6e-05	0.0	0.001945	0.002096	0.003324	0.000944	0.002094	0.029797	0.006872	0.001395	0.001196	0.000952	0.001895	0.00042	0.002087	0.075953	0.084148	0.247204	0.525426
PIK3IP1	0.198514	0.081313	0.045729	0.443814	0.430148	0.3652	0.022194	0.185575	0.40578	0.098823	0.087562	0.009971	0.038625	0.003508	0.0	0.125345	0.007545	0.004431	0.030662	0.008882	0.050292	0.029627
PKD2L2	0.015041	0.003508	0.074515	0.051246	0.181756	0.021952	0.067844	0.000606	0.163308	0.164498	0.020047	0.008025	0.029564	0.01566	0.026992	0.056002	0.0	0.033941	0.609972	0.167025	1.0	0.22308
PLA1A	0.009962	0.007275	0.002632	0.002975	0.003099	1.3e-05	0.002314	0.004345	0.003102	0.008519	0.006208	0.001806	0.018463	0.006606	1.0	0.002363	0.010829	0.228979	0.014753	0.012738	0.016242	0.006529
PLA2G7	0.008749	0.006594	0.005687	0.001149	0.0	0.002362	0.002636	0.00247	0.009556	0.016509	0.006001	0.003734	0.12706	1.0	0.165738	0.154836	0.566356	0.504617	0.104953	0.096216	0.003058	0.004608
PLCH2	0.015699	0.0	0.01602	0.011218	0.139066	0.110006	0.025602	0.14526	0.868739	0.051421	0.1237	0.105981	0.029316	0.015245	0.027014	0.013643	0.003892	0.014762	0.019621	0.054185	0.079476	0.078186
PLEKHF1	0.002094	0.0	0.077561	0.245747	0.088953	0.137341	0.130679	0.255951	0.098265	0.291457	0.4273	0.273929	0.003713	0.074965	0.011763	0.000239	0.002285	0.00055	0.011742	0.071643	0.008367	0.005034
PLEKHG3	0.000173	0.0	8.1e-05	0.083488	0.019469	0.162104	0.028297	0.004491	0.002052	0.270794	0.24944	0.090654	0.120143	0.037279	0.171274	0.050044	0.004392	0.003135	0.057281	0.007937	0.424907	0.470257
PMCH	0.001093	0.000898	0.001544	0.000514	0.001155	0.001355	0.014716	0.000812	1.0	0.001857	0.000479	0.000951	0.000778	0.000706	0.000407	0.000554	0.000808	0.001038	0.000836	0.003253	0.000921	0.001205
PNOC	0.986473	1.0	0.7109	0.015724	0.010059	0.010295	0.014388	0.0	0.014336	0.040137	0.010218	0.013234	0.049304	0.016881	0.004932	0.016744	0.010949	0.018121	0.009547	0.019662	0.03169	0.058401
PPBP	0.025487	0.01936	0.039915	0.011823	0.012879	0.010904	0.00091	0.012351	0.026824	0.122882	0.005462	0.0	0.016852	1.0	0.056909	0.073728	0.019732	0.052037	0.016249	0.370542	0.00924	0.14641
PPFIBP1	0.297029	0.025121	0.054362	0.165635	0.189548	0.100039	0.067072	0.0	0.170437	0.030564	0.076182	0.020145	0.089125	0.145269	0.006789	0.028226	1.0	0.334338	0.181764	0.117244	0.014452	0.030947
PRF1	0.006588	0.007847	0.00701	0.300625	0.030384	0.077628	0.046616	0.034278	0.059682	0.568025	0.963159	1.0	0.004406	0.002416	0.001178	0.0	0.001647	0.002976	0.011908	0.009656	0.009035	0.01472
PRG2	0.003944	0.005213	0.006757	0.005277	0.004337	0.005874	0.007137	0.000899	0.002491	0.0	0.002601	0.003171	0.004819	0.004162	0.013379	0.011844	0.003304	0.003512	0.912806	1.0	0.008279	0.002066
PSG2	1.0	0.799174	0.268304	0.094378	0.063239	0.132123	0.05644	0.044532	0.184038	0.222297	0.088691	0.080637	0.10283	0.094262	0.053933	0.074658	0.067646	0.087259	0.044256	0.019644	0.032074	0.353587
PTGDR	0.035479	0.031139	0.010803	0.264322	0.023022	0.060619	0.021584	0.01293	0.011952	0.194499	0.794959	1.0	0.011614	0.006199	0.013939	0.006951	0.009803	0.008436	0.004222	0.0081	0.061582	0.032749
PTGER2	0.005651	0.00098	0.001155	0.390242	0.042393	0.733512	0.181053	0.0	0.450604	0.511371	0.515726	1.0	0.197985	0.105001	0.027026	0.302241	0.098913	0.141088	0.07742	0.15242	0.084473	0.029337
PTGIR	0.0134	0.007694	0.012466	0.021317	0.123669	0.028494	0.084071	0.009445	0.706515	0.013351	0.01285	0.012742	0.260485	0.016538	1.0	0.596912	0.010844	0.726596	0.103392	0.058256	0.01041	0.021643
PTPRCAP	0.736783	0.722982	0.159949	0.78458	0.336578	0.825774	0.265615	1.0	0.611024	0.303362	0.644913	0.591613	0.003472	0.00177	0.000357	0.002527	0.002365	0.006337	0.004637	0.0	0.060275	0.004411
PTPRG	0.682444	0.618591	0.535841	0.005405	0.008533	0.006396	0.063397	0.065937	1.0	0.421828	0.035652	0.017262	0.022363	0.04362	0.189538	0.011386	0.039214	0.100553	0.045414	0.0	9.7e-05	0.702503
PVRIG	0.16219	0.215549	0.0541	0.749341	0.472493	0.334709	0.151554	0.739666	0.465369	0.771441	0.854156	0.758135	0.015634	0.009728	0.000669	0.018185	0.007591	0.015031	0.013352	0.0	0.027827	0.064391
QPCT	0.002636	0.004615	0.440924	0.004275	0.000272	0.003924	0.012245	0.0	0.001978	0.003977	0.013081	0.00903	0.290792	0.513428	0.021708	0.247779	0.306104	0.081257	0.045406	0.047728	0.007118	0.627851
RAB27B	0.001962	0.004917	0.006204	0.021282	0.019082	0.032567	0.005243	0.018241	0.06892	0.037785	0.094395	0.0844	0.000963	0.0	0.008247	0.028028	0.008287	0.026246	1.0	0.713728	0.02522	0.002803
RALGPS2	1.0	0.815597	0.061455	0.026176	0.015572	0.004927	0.013388	0.007956	0.052654	0.044169	0.024618	0.010693	0.018483	0.007345	0.004048	0.030233	0.013957	0.01512	0.017995	0.020191	0.026113	0.059312
RASA3	0.0	0.010515	0.001983	0.20027	0.112217	0.244001	0.010776	0.046655	0.053099	0.044916	0.15552	0.042119	0.063662	0.008308	0.002976	0.081039	0.005181	0.001354	0.003699	0.006565	0.012384	0.006817
RASGRP2	1.0	0.867853	0.004702	0.4066	0.677225	0.479417	0.013651	0.021872	0.192884	0.162859	0.225307	0.036683	0.122448	0.0	0.013532	0.010363	0.004203	0.015224	0.040905	0.028685	0.256657	0.20766
RASGRP3	0.137825	0.173935	1.0	0.001476	0.005352	0.000688	0.00071	0.001358	0.025198	0.001414	0.001256	0.002356	0.0	0.223141	0.166713	0.403762	0.300565	0.316429	0.01412	0.024285	0.020219	0.001373
RASSF4	0.002701	0.001372	0.0002	0.002802	0.004878	0.001706	0.002969	0.003722	0.01764	0.002029	0.07082	0.043575	0.217606	0.190975	1.0	0.180769	0.212886	0.816423	0.008278	0.005426	0.000352	0.006373
RCAN3	0.061266	0.052384	0.053324	0.221645	0.317273	0.83134	0.277979	0.034843	0.484553	0.034164	0.002909	0.029218	0.053892	0.073583	0.047849	0.034634	0.037422	0.150009	0.001421	0.044108	0.008468	0.0
REN	0.151444	0.11919	1.0	0.06611	0.185204	0.096412	0.083042	0.079154	0.178062	0.052883	0.054215	0.054932	0.067918	0.065715	0.064026	0.053911	0.0522	0.051722	0.213759	0.120044	0.073284	0.098541
RENBP	0.012746	0.00844	0.001742	0.00985	0.006786	0.005786	0.008052	0.0	0.005435	0.006986	0.000761	0.005786	0.0711	0.14988	0.274434	0.56589	0.067793	0.034448	0.030106	0.063092	0.104094	0.021232
REPS2	0.022358	0.013707	0.010897	0.003903	0.002649	0.007433	0.0	0.007168	0.009753	0.007772	0.005379	0.009361	0.101074	0.004327	0.001046	0.113582	0.026569	0.024277	0.06968	0.007503	0.506967	0.932226
RGS1	0.011811	0.018419	0.067998	0.058468	0.015359	0.143467	0.125954	0.191916	0.132269	0.004821	0.008495	0.019343	0.000234	0.008505	0.01229	0.000172	0.0	0.345411	0.044519	0.041243	0.602139	0.004925
RGS13	0.017497	0.017296	0.069038	0.005992	0.001913	0.004773	0.001042	0.001075	0.006199	0.014577	0.008418	0.006776	0.003868	0.001352	0.000339	0.0	6.6e-05	0.008003	0.753759	1.0	0.411811	0.004153
RNASE2	0.01594	0.012593	0.041437	0.020658	0.011232	0.002328	0.002911	0.0	0.003615	0.080195	0.0899	0.022707	0.5479	0.009384	0.050198	0.092175	0.009234	0.009616	0.293522	0.33194	1.0	0.091318
RNASE6	0.212953	0.136557	0.270201	0.000974	0.002291	0.006609	0.0	0.001583	0.000298	0.091372	0.009005	0.000655	0.479172	0.299518	0.035354	0.602445	1.0	0.100452	0.07997	0.059172	0.016071	0.237026
RPL10L	0.047486	0.10661	0.521924	0.53922	0.550809	1.0	0.583327	0.261556	0.234324	0.303317	0.142689	0.155876	0.150321	0.084157	0.077321	0.106593	0.031876	0.115538	0.300315	0.227891	0.028153	0.008976
RRP12	0.002424	0.002252	0.379711	0.001021	0.000618	0.003486	0.261283	0.005576	0.013851	0.0	0.007929	0.04673	0.197342	0.063287	0.001655	0.003626	0.018469	0.00174	0.012398	0.115993	0.651433	0.18726
RRP9	0.0	0.013187	0.01555	0.160892	0.20764	0.077683	1.0	0.141856	0.023454	0.122578	0.084991	0.343977	0.051653	0.301914	0.33733	0.158564	0.038375	0.013383	0.196363	0.318264	0.07064	0.000778
RSAD2	0.020065	0.019529	0.020104	0.01323	0.022131	0.021085	0.011268	0.004876	0.10527	0.043524	0.031444	0.080433	0.036075	0.001837	0.923928	0.010031	0.006765	1.0	0.04469	0.033085	0.134384	0.086657
RYR1	0.074634	0.080398	0.037785	0.095101	0.0	0.095289	0.116495	0.15739	1.0	0.101294	0.019433	0.049697	0.090332	0.150828	0.046767	0.06973	0.081381	0.072269	0.001948	0.03305	0.048928	0.146226
S100A12	0.016806	0.018147	0.018237	0.00895	0.01065	0.006786	0.006664	0.009958	0.008121	0.212826	0.09733	0.019494	1.0	0.012532	0.022874	0.010799	0.011618	0.01216	0.094277	0.087309	0.033295	0.787564
S1PR5	0.000229	0.000136	0.000197	0.003413	0.000273	9e-05	0.000118	0.000315	0.0	0.000718	0.056065	0.016383	0.000113	0.000403	9.8e-05	7.9e-05	0.000126	0.000198	0.000324	0.000338	0.000239	0.00036
SAMSN1	0.0	0.021834	0.033698	0.05331	0.036762	0.130484	0.237445	0.033919	0.158464	0.122597	0.095384	0.238978	0.108381	0.040009	0.436431	0.261925	0.167089	0.651965	0.546716	0.371358	1.0	0.129947
SCN9A	0.00508	0.007709	0.009492	0.0	0.049597	0.002707	0.002265	0.055287	0.114136	0.170232	0.018871	0.016693	0.00177	0.003748	0.354284	0.27573	1.0	0.001623	0.185909	0.34448	0.040643	0.032214
SEC31B	0.039269	0.026201	0.073973	0.380882	0.491169	0.038305	0.0	0.133655	1.0	0.03327	0.214059	0.00705	0.107603	0.009153	0.033275	0.446217	0.014063	0.005885	0.175155	0.197722	0.148514	0.016187
SELL	0.807437	0.57989	0.020041	0.537033	0.712248	0.513955	0.178223	0.299849	0.371597	0.76952	0.413888	0.10915	0.524103	0.0	0.009563	0.013457	0.001324	0.002453	0.018359	0.013567	0.21272	1.0
SEPT5	0.0	0.007725	0.0451	0.002385	0.049447	0.0292	0.035114	0.004842	0.265027	0.089006	0.009265	0.01241	0.006042	0.003776	0.017854	0.004198	0.003688	0.016137	0.014105	0.013316	0.026994	0.015994
SEPT8	0.030079	0.018049	0.054785	0.03831	0.048189	0.050521	0.639038	0.276068	0.043631	0.036242	0.028234	0.128464	0.0	0.028765	0.416364	0.140216	0.047361	0.010471	1.0	0.626235	0.022106	0.015309
SERGEF	0.003861	0.000752	0.0	0.04407	0.212428	0.014683	0.004312	0.149414	0.00397	0.005186	0.044552	0.025583	0.00783	0.010884	0.086026	0.077136	0.004825	0.006689	0.065364	0.023761	0.007056	0.004744
SH2D1A	0.004983	0.003161	0.00144	0.316713	0.229931	0.343753	0.376909	0.760674	0.52351	0.386596	0.328685	0.213215	0.001798	0.001522	0.001572	0.0	0.00131	0.004155	0.002758	0.008331	0.004585	0.0078
SIGLEC1	0.040866	0.023348	0.015164	0.012426	0.00825	0.013966	0.006807	0.008185	0.020596	0.028451	0.015209	0.013602	0.044248	0.018045	1.0	0.555508	0.071318	0.440543	0.029181	0.022747	0.019644	0.038876
SIK1	0.749632	0.770235	1.0	0.160605	0.060214	0.048521	0.014175	0.673528	0.122245	0.046191	0.055121	0.026122	0.067193	0.011974	0.032313	0.007139	0.006248	0.023335	0.0	0.037023	0.320275	0.047349
SIRPG	0.019755	0.037074	0.013691	0.421128	0.345902	0.368729	0.090821	1.0	0.735627	0.227439	0.027528	0.014385	0.013404	0.005893	0.021845	0.008417	0.005351	0.022849	0.0	0.003868	0.022144	0.036232
SIT1	0.172054	0.353477	0.090693	0.341912	0.332344	0.379526	0.212951	0.394996	1.0	0.309402	0.01549	0.013698	0.011724	0.017154	0.002186	0.013698	0.087594	0.006355	0.006169	0.0	0.006218	0.057157
SKA1	0.009261	0.003162	0.004487	0.001598	0.040494	0.0	1.0	0.148405	0.086872	0.054907	0.044186	0.112928	0.00438	0.007728	0.013977	0.039669	0.0033	0.008796	0.082806	0.046717	0.010743	0.001237
SKAP1	0.223046	0.07966	0.135181	0.379116	0.44849	0.400475	0.124556	0.39934	1.0	0.486085	0.337961	0.246547	0.009552	0.015297	0.002631	0.0	0.011861	0.009277	0.069439	0.066411	0.060134	0.050334
SLAMF1	0.117333	0.07624	0.160289	0.073063	0.065298	0.170582	0.324569	0.169485	0.241137	0.110435	0.009345	0.009594	0.008976	0.012276	1.0	0.131245	0.011398	0.123914	0.0	0.016584	0.030989	0.033801
SLAMF8	0.052459	0.045076	0.025386	0.035277	0.023023	0.033091	0.027682	0.01454	0.010663	0.074043	0.057289	0.030906	0.055879	0.868065	0.230148	0.491006	1.0	0.123215	0.080855	0.134025	0.036508	0.039839
SLC12A1	1.0	0.538001	0.084249	0.103298	0.135401	0.108128	0.001727	0.001727	0.21098	0.412496	0.021963	0.024545	0.018491	0.022639	0.03968	0.0	0.011355	0.000851	0.040307	0.187736	0.262561	0.074974
SLC12A8	0.006034	0.008127	0.083653	0.019353	0.0129	0.0	0.009636	0.053809	0.07735	0.006515	0.011092	0.024799	0.014278	0.800323	0.036035	0.03739	0.059233	0.083962	0.768927	1.0	0.17877	0.016312
SLC15A3	6.1e-05	0.021463	0.000195	0.001115	0.002061	0.001202	0.000508	0.00114	0.000152	0.007305	0.000359	0.0	0.185254	0.50413	0.426276	0.650898	0.407256	0.513653	0.034615	0.04762	0.001316	0.157422
SLC2A6	0.017274	0.050443	0.00576	0.005789	0.0	0.001245	0.002782	0.0005	0.001568	0.033901	0.010361	0.019407	0.101794	0.053008	1.0	0.094494	0.081352	0.326148	0.090019	0.086048	0.001051	0.000681
SLC7A10	0.095279	0.124101	0.16614	0.041015	0.019149	0.073205	0.059789	1.0	0.02545	0.011243	0.038833	0.026743	0.042806	0.072882	0.043485	0.029899	0.048444	0.073096	0.064408	0.006391	0.043375	0.069737
SLCO5A1	0.106996	0.096897	0.072284	0.022529	0.047151	0.061494	0.0337	0.008724	0.101473	0.027733	0.063519	0.04113	0.032652	0.03436	0.902785	0.03176	0.034788	1.0	0.008155	0.018953	0.021616	0.1191
SMPD3	0.033252	0.075046	0.187701	0.032896	0.080093	0.019424	0.001249	0.29989	0.007289	0.050313	0.044603	0.083446	0.01225	0.017361	0.030806	0.060635	0.005041	0.022845	0.0	0.009418	1.0	0.138504
SMPDL3B	0.0	0.002026	0.026443	0.006573	0.020599	0.007336	0.012414	0.014308	0.02393	0.041483	0.012179	0.009526	0.012658	0.009156	0.013241	0.008537	0.006237	0.009956	0.013534	0.016713	1.0	0.023959
SOCS1	0.004507	0.003607	0.0	0.063041	0.020841	0.044215	0.445529	0.104358	0.257425	0.028039	0.014385	0.531376	0.001691	0.02869	1.0	0.301427	0.038042	0.167289	0.014666	0.018723	0.01551	0.006498
SP140	0.36038	1.0	0.41127	0.166803	0.14384	0.220453	0.147732	0.212181	0.266711	0.189507	0.162437	0.151251	0.034323	0.020978	0.060852	0.001778	0.020744	0.078428	0.011927	0.0	0.264709	0.080788
SPAG4	0.003071	0.005415	1.0	0.015104	0.020371	0.016284	0.031483	0.022487	0.012295	0.021546	0.000882	0.012486	0.003221	0.007901	0.004558	0.001761	0.001798	0.012462	0.009982	0.027822	0.012949	0.004836
SPIB	0.734962	1.0	0.021722	0.010146	0.01841	0.011582	0.011469	0.014159	0.0	0.016064	0.017603	0.012244	0.019372	0.008424	0.265819	0.003452	0.008372	0.005154	0.011669	0.011286	0.013203	0.048607
SPOCK2	0.114431	0.081197	0.025491	0.256416	0.155694	0.250652	0.073236	0.243827	0.335801	0.132746	0.071065	0.043105	0.011721	0.004672	0.001127	0.0	0.006837	0.007998	0.007567	0.004383	0.025862	0.038532
SSX1	0.001555	0.020945	0.015632	0.051091	0.340244	0.008772	0.072089	0.207328	1.0	0.489672	0.005902	0.0	0.031904	0.071459	0.051795	0.192793	0.116889	0.217479	0.212422	0.150761	0.360258	0.11506
ST3GAL6	0.039085	0.018563	0.038792	0.001215	0.004916	0.000785	0.001103	0.009958	0.009546	0.025947	0.013925	0.00837	0.224712	0.33084	0.022823	0.119112	0.250813	0.793919	0.469894	0.449058	1.0	0.293863
ST6GALNAC4	0.076178	0.165408	1.0	0.148795	0.092694	0.144129	0.082198	0.075649	0.346641	0.120253	0.064025	0.057348	0.041593	0.290522	0.010349	0.065558	0.119008	0.034916	0.0	0.00821	0.010778	0.034443
ST8SIA1	0.016007	0.014091	0.002032	0.024696	0.001822	0.094024	0.032023	1.0	0.009916	0.025467	0.000996	0.003526	0.00151	0.000539	0.003356	0.0	0.000839	0.003818	0.105957	0.020125	0.000415	0.004134
STAP1	1.0	0.552409	0.273836	0.025873	0.117085	0.025531	0.024735	0.020275	0.169169	0.013606	0.07933	0.117928	0.0	0.001362	0.100122	0.006369	0.007536	0.028349	0.932681	0.603302	0.230752	0.0078
STEAP4	0.002598	0.007525	0.006856	0.003114	0.010204	0.0	0.001334	0.001562	0.086244	0.006932	0.008029	0.018698	0.137213	0.003712	0.025061	0.030213	0.057554	0.002452	0.038631	0.051209	0.028409	1.0
STXBP6	0.016432	0.013021	0.047345	0.01523	0.020532	0.025941	0.011861	0.01868	0.0	0.011814	0.003998	0.006878	0.00869	0.008703	0.031582	0.009158	0.007708	0.012147	0.619486	0.466579	0.015543	0.012541
TBX21	0.101301	0.110938	0.08823	0.381273	0.018529	0.105645	0.263776	0.087067	0.060026	0.416887	1.0	0.782424	0.045283	0.055613	0.10673	0.0	0.038543	0.022234	0.01322	0.015684	0.037746	0.110509
TCF7	0.002615	0.026832	0.001191	0.610513	1.0	0.617635	0.064448	0.900677	0.142597	0.172794	0.076803	0.025745	0.0	0.001226	0.051405	0.004892	0.002695	0.007167	0.000717	0.000566	0.083818	0.007063
TCL1A	1.0	0.060334	0.038021	0.006014	0.008244	0.005913	0.002321	0.008656	0.006178	0.006006	0.00587	0.00366	0.010542	0.006187	0.006219	0.003218	0.004649	0.007309	0.001321	0.00488	0.018677	0.018841
TEC	0.010812	0.010228	0.003183	0.014175	0.000331	0.003352	0.001269	0.017649	0.0	0.027177	0.052185	0.034806	0.034066	0.051093	0.263905	0.191374	0.026325	0.05654	0.06693	1.0	0.330874	0.018268
TEP1	0.041512	0.057886	0.006254	0.527333	0.042518	0.508496	0.055617	0.01529	0.020175	0.021877	1.0	0.488701	0.059185	0.018696	0.365186	0.606105	0.241137	0.03716	0.044945	0.0	0.015161	0.035794
TGM5	0.048838	0.064402	1.0	0.032804	0.024372	0.031751	0.023739	0.013583	0.06334	0.078346	0.044546	0.049559	0.054616	0.043235	0.061756	0.13592	0.047041	0.072122	0.125366	0.179925	0.169501	0.078507
TLR2	0.014575	0.020564	0.020987	0.021833	0.024663	0.023009	0.0184	0.027664	0.014658	0.081045	0.025148	0.025498	0.848347	0.147155	0.868485	0.571194	0.223308	0.090081	0.126134	0.295628	0.021493	1.0
TLR7	0.044351	0.099263	0.031645	0.000766	0.053263	0.002548	0.0	0.030261	0.044106	0.080875	0.025621	0.003728	0.587205	0.028233	1.0	0.562475	0.029114	0.055087	0.027292	0.016383	0.157562	0.013367
TLR8	0.000563	0.00032	0.003888	3.6e-05	0.0	0.000353	4.5e-05	0.009499	4.3e-05	0.024098	7.1e-05	0.00015	0.424794	0.179564	0.665168	0.301553	0.153545	0.18533	0.003778	0.001101	0.000504	0.480201
TMEM156	0.738853	0.742215	1.0	0.199776	0.129138	0.179738	0.420114	0.344122	0.270937	0.251608	0.161045	0.165126	0.007935	0.011651	0.0	0.004894	0.017799	0.007636	0.008312	0.015631	0.359565	0.045071
TNFAIP6	0.012916	0.012498	0.006305	0.003181	0.000856	0.003857	0.003068	0.002259	0.00582	0.006644	0.005397	0.006547	0.011118	0.01705	1.0	0.015913	0.01177	0.459366	0.012152	0.118172	0.009545	0.179478
TNFRSF10C	0.006354	0.002253	0.001988	0.001788	0.001465	0.009545	0.006369	0.000484	0.003566	0.004889	0.0	0.00449	0.055861	0.007209	0.005671	0.014325	0.008699	0.007395	0.01517	0.016041	0.068957	1.0
TNFRSF11A	0.046778	0.027657	0.02297	0.003288	0.0	0.016518	0.042171	0.008268	1.0	0.087565	0.08586	0.066841	0.011928	0.033648	0.073618	0.421749	0.297346	0.75923	0.019542	0.079868	0.005885	0.065979
TNFRSF13B	0.316481	1.0	0.858759	0.096274	0.182604	0.053793	0.066775	0.096272	0.231939	0.227038	0.127547	0.086054	0.10043	0.080266	0.136803	0.089375	0.086394	0.099068	0.083323	0.10033	0.170998	0.206688
TNFRSF17	0.002358	0.03143	1.0	0.001223	0.0	0.001175	0.000465	0.000453	0.004759	0.000736	0.001055	0.00059	0.000745	0.000807	0.000654	0.001186	0.000807	0.001702	0.000372	0.000283	0.00215	0.000647
TNFRSF4	6.8e-05	0.0	0.045101	0.001368	0.0026	0.179571	0.69846	0.409992	1.0	0.002299	0.063797	0.240607	0.001037	0.002083	0.510078	0.150203	0.066471	0.5748	0.021887	0.117178	0.003638	0.004707
TNFSF14	0.000681	0.000503	0.000423	0.04095	0.009559	0.024725	0.205503	0.07842	0.122149	0.004448	0.17306	1.0	0.012918	0.454411	0.00576	0.003601	0.004536	0.0	0.002355	0.028291	0.138623	0.29647
TNIP3	0.004959	0.019935	0.00344	0.052551	0.047678	0.019036	0.369837	0.210549	0.03368	0.030105	0.008446	0.003049	0.005292	0.19664	1.0	0.00769	0.012548	0.033119	0.029204	0.082594	0.028093	0.006323
TPSAB1	0.036503	0.026045	0.004181	0.011808	0.000496	0.008706	0.004029	0.015379	0.0	0.007952	0.01484	0.009621	0.017507	0.011198	0.011566	0.011449	0.012551	0.012516	0.933006	1.0	0.030254	0.034151
TRAF4	0.401903	1.0	0.189028	0.010208	0.02886	0.15249	0.526901	0.197617	0.059714	0.039677	0.073698	0.111281	0.012279	0.017201	0.0	0.00151	0.039323	0.016353	0.334578	0.380518	0.134928	0.058945
TRAT1	0.003617	0.00455	0.005101	0.315634	0.902413	1.0	0.626267	0.552984	0.172497	0.556042	0.008202	0.014339	0.000999	0.003522	0.000795	0.0	0.002478	0.009721	0.01139	0.012146	0.073337	0.002373
TREM1	0.047576	0.026362	0.023329	0.010403	0.012131	0.006271	0.006718	0.010308	0.006152	0.066539	0.007739	0.009627	0.209118	0.069985	0.021383	0.020187	0.024699	0.036001	0.032154	0.079705	0.043149	1.0
TREM2	0.000835	0.0	0.00122	0.000698	0.000481	0.000822	0.000128	0.000493	0.014834	0.000366	0.000301	0.000448	0.002039	0.357482	0.024786	0.663965	1.0	0.152569	0.063164	0.099871	0.000674	0.002108
TREML2	0.05523	0.008853	0.028925	0.010951	0.03688	0.006923	0.038313	0.042926	0.045104	0.02288	0.040745	0.104503	0.027406	0.014902	0.019278	0.019827	0.019951	0.014898	0.084566	0.025686	0.528187	1.0
TRIB2	0.311156	0.152175	0.040975	0.190133	0.384475	0.401331	0.043196	1.0	0.139327	0.12471	0.219056	0.175044	0.017156	0.022116	0.00834	0.0	0.039681	0.017801	0.328362	0.233898	0.0493	0.022757
TRPM4	0.002386	0.0	0.091981	0.002554	0.018841	0.00522	0.00531	0.008673	0.000898	0.003658	0.00199	0.002404	0.019449	0.013121	0.387697	0.369482	0.035747	0.04587	0.017008	0.015719	0.02637	0.006431
TRPM6	0.08384	0.063747	0.120209	0.044489	0.027113	0.054908	0.118724	0.058462	0.033125	0.109666	0.037345	0.054698	0.063875	0.048301	0.03865	0.025509	0.036808	0.05947	0.03448	0.029268	1.0	0.424547
TSHR	0.053228	0.042071	0.383571	0.017502	0.016184	0.026556	0.0	1.0	0.01857	0.033418	0.054725	0.022348	0.029078	0.034795	0.007861	0.000716	0.053154	0.065532	0.05662	0.010214	0.04359	0.046969
TTC38	0.0	2.9e-05	0.002315	0.054667	0.014577	0.000258	0.005096	0.023062	0.002885	0.063031	0.449033	0.099723	0.012643	0.010507	0.064549	0.04759	0.011023	0.018638	0.067845	0.054101	0.020398	0.003475
TXK	0.126396	0.067815	0.011704	0.313988	0.67675	0.186083	0.057572	0.073642	0.052954	0.131142	0.769011	1.0	0.0	0.000532	0.012226	0.046803	0.00995	0.011364	0.056712	0.070799	0.070802	0.056849
TYR	0.008458	0.008318	0.008227	0.005722	0.024706	0.11059	0.020808	0.00358	1.0	0.171031	0.040238	0.028529	0.007657	0.020169	0.013822	0.017631	0.018154	0.00667	0.080039	0.058498	0.007134	0.084576
UBASH3A	0.002432	0.003618	0.001494	0.401085	1.0	0.326789	0.091229	0.428066	0.631158	0.14462	0.000551	0.001699	0.000582	7e-05	0.00182	0.001544	0.0	0.000385	0.004076	0.00603	0.024987	0.00242
UGT1A8	1.0	0.691072	0.237589	0.116928	0.141103	0.177714	0.145421	0.1337	0.660336	0.678259	0.111018	0.121621	0.130753	0.137582	0.077635	0.076942	0.122369	0.075767	0.089968	0.082827	0.139088	0.492183
UGT2B17	0.083307	0.028512	1.0	0.0	0.00351	0.005305	0.001849	0.012565	0.014455	0.020147	0.002508	0.008193	0.010684	0.007953	0.012331	0.011177	0.009467	0.016607	0.00416	0.005447	0.016427	0.015742
UPK3A	0.032956	0.030729	0.041139	0.016393	0.024958	0.026898	0.052669	0.016123	0.055619	0.03861	0.01602	0.012384	0.823769	0.020907	0.0	0.003107	0.014907	0.032638	0.015467	0.033867	0.074117	0.046201
VILL	0.012849	0.020391	0.049058	0.614831	1.0	0.712853	0.017806	0.631391	0.026733	0.28019	0.289547	0.028196	0.114382	0.032996	0.423223	0.162178	0.000302	0.000122	0.121397	0.174422	0.004131	0.0
VNN1	0.018038	0.017025	0.011914	0.007558	0.024033	0.006804	0.002279	0.0	0.045135	0.11306	0.056877	0.022086	1.0	0.90201	0.007572	0.113791	0.150992	0.032394	0.062211	0.035482	0.058749	0.872719
VNN2	0.003176	0.00397	0.002423	0.023733	0.030716	0.004389	8e-05	0.009562	0.004055	0.055169	0.032123	0.006904	0.177961	0.02467	0.0	0.000111	7e-06	6.2e-05	0.012757	0.000637	0.000192	1.0
VNN3	0.009161	0.009776	0.0	0.001128	0.021493	0.008089	0.007345	0.011629	0.033685	0.012667	0.00518	0.015282	0.079664	0.008136	0.027178	0.022472	0.003808	0.004437	0.016555	0.014231	0.031217	0.99988
VPREB3	1.0	0.684276	0.10246	0.01879	0.00507	0.039118	0.035942	0.018072	0.084099	0.036187	0.028642	0.025328	0.031149	0.018597	0.036539	0.024642	0.019402	0.029369	0.014419	0.013144	0.018836	0.036947
WNT5B	0.010722	0.009573	0.081298	0.008574	0.001365	0.004353	0.00602	0.02254	0.010524	0.009267	0.0	0.007	0.018741	0.011076	0.009619	1.0	0.177689	0.240269	0.033188	0.013969	0.011932	0.018693
WNT7A	0.003333	0.009532	0.013233	0.120637	0.291996	0.102079	0.04795	0.118899	0.054794	0.032094	0.000998	0.004569	0.060817	0.013157	0.017218	0.0	0.009509	0.023973	0.014284	0.007682	0.062029	0.01457
ZAP70	0.000121	0.0	7.6e-05	0.436707	0.580162	0.36026	0.103143	1.0	0.236942	0.191306	0.647263	0.238756	0.003427	0.000768	0.00173	0.002675	0.00086	0.001903	0.00153	0.003462	0.023435	0.007768
ZBP1	0.029964	0.075744	0.521182	0.164307	0.206331	0.179981	0.020146	0.071952	0.15813	0.114135	0.579566	0.137958	0.016575	0.00515	0.006652	0.013674	0.0	0.017716	0.003006	0.021502	0.157698	0.306803
ZBTB10	0.121934	0.078017	0.075007	0.078556	0.08652	0.071563	0.064742	1.0	0.0	0.14357	0.097083	0.084025	0.047451	0.050446	0.17912	0.057326	0.05943	0.63225	0.092668	0.174251	0.115314	0.0132
ZBTB32	0.008251	0.733385	0.020412	0.079356	0.084488	0.0	0.710429	0.067031	0.414558	0.087196	0.033921	0.018257	0.010898	0.009944	0.85136	0.02852	0.011059	0.253661	0.012851	0.004275	0.197733	0.017819
ZFP36L2	0.125549	0.08904	0.064456	0.446974	0.046512	0.517208	0.04778	0.086246	0.407275	0.018324	0.124351	0.033413	0.183845	0.038209	0.0	0.039059	0.070974	0.014051	0.001514	0.00428	0.040231	0.068877
ZNF135	0.619144	0.096453	0.063525	0.419868	0.631989	0.093043	0.00878	0.196028	0.008728	0.274471	1.0	0.516975	0.012962	0.044196	0.020559	0.253598	0.042588	0.003309	0.150508	0.082489	0.651403	0.0
ZNF165	0.000806	0.000456	0.012739	0.000238	0.005596	0.000156	0.007623	0.000758	0.000719	0.000538	0.000912	0.000538	0.000146	9.4e-05	0.000422	0.000746	0.000101	0.0	0.000459	0.000229	1.0	0.000619
ZNF222	0.007654	0.0	0.013226	0.19068	0.145687	0.023215	0.024714	0.517855	0.008323	0.019567	0.250699	0.249313	0.037299	0.187479	0.117359	0.416731	0.233429	0.096404	0.63465	0.602	1.0	0.057823
ZNF286A	1.0	0.44562	0.09325	0.290372	0.0	0.223574	0.253019	0.153687	0.179266	0.328988	0.300178	0.264525	0.007436	0.010798	0.04157	0.022228	0.012949	0.375783	0.098655	0.027633	0.00256	0.595026
ZNF324	0.013079	0.004257	0.0	0.020139	0.607654	0.011141	0.005356	0.294359	0.078586	0.044989	0.044165	0.040376	0.014013	0.009347	0.031049	0.17047	0.007571	0.004949	0.016766	0.045714	0.026237	0.026482
ZNF442	0.078458	0.091374	0.076939	0.137016	0.027762	0.028719	0.0	0.196487	0.209172	0.839627	0.088174	0.178782	0.043443	0.133437	0.323747	0.158282	0.213505	0.438842	0.358816	0.002565	0.175684	0.080557
