Symbol	A	B	C	D	E	F	G	H	I	J	K	L
ABCB9	0.567631	0.654163	0.503545	0.489853	0.504502	0.359891	0.490984	0.312984	0.299425	0.548577	0.528293	0.362653
ACAP1	0.548791	0.539271	0.915727	0.938026	0.885056	0.581773	0.45751	0.293878	0.273207	1.0	0.960088	0.985598
ACHE	0.049705	0.045234	0.042074	0.06877	0.065495	0.030081	0.055363	0.018457	0.077843	0.08054	0.034672	0.028702
ACP5	0.013061	0.013866	0.009653	0.00915	0.004696	0.004574	0.021208	0.025984	0.029584	0.013924	0.001758	0.014976
ADAM28	0.090754	0.086007	0.024015	0.024239	0.019605	0.046635	0.078968	0.073296	0.082974	0.003892	0.007346	0.0
ADAMDEC1	0.005589	0.010996	0.000649	0.0	0.002502	0.004664	0.015737	0.021496	0.026295	0.003711	0.001204	0.000159
ADAMTS3	0.148371	0.069157	0.121125	0.0	0.08526	0.007205	0.078521	0.03596	0.095025	0.02275	0.008673	0.016957
ADRB2	0.219178	0.210638	0.110915	0.109901	0.422931	0.643292	0.132448	0.128747	0.130697	0.069941	0.443816	0.076581
AIF1	0.662222	0.690452	0.130835	0.163339	0.294473	0.36923	0.873829	0.93506	1.0	0.064349	0.140388	0.058866
AIM2	0.064184	0.067102	0.04805	0.042261	0.029525	0.026608	0.076105	0.058573	0.049895	0.046195	0.037259	0.062738
ALOX15	0.013841	0.042822	0.009407	0.032978	0.038304	0.038036	0.008642	0.019683	0.010439	0.023182	0.03994	0.021713
ALOX5	0.602103	0.595956	0.090435	0.099042	0.175965	0.232277	1.0	0.896503	0.896503	0.058437	0.024043	0.075127
AMPD1	0.001267	0.002553	0.002803	0.002502	0.002961	0.001967	0.0	0.001354	0.000665	0.002469	0.0067	0.002902
ANGPT4	0.013205	0.062375	0.01567	0.005663	0.025199	0.017734	0.0	0.015772	0.032271	0.00278	0.017317	0.035833
ANKRD55	0.046418	0.053654	0.152951	0.164097	0.000352	0.024487	0.076288	0.008279	0.003422	0.125931	0.0	0.106704
APOBEC3A	0.005141	0.026187	0.001855	0.003476	0.001121	0.010611	0.036161	0.03518	0.042208	0.0	0.017473	0.001095
APOBEC3G	0.16968	0.187422	0.143912	0.125776	0.282	0.374739	0.075166	0.095774	0.084936	0.089321	0.23867	0.163488
APOL3	0.182734	0.170637	0.218657	0.212443	0.22975	0.095818	0.130846	0.234377	0.246471	0.222567	0.231193	0.210723
APOL6	0.128379	0.145266	0.155094	0.123014	0.132851	0.163504	0.033365	0.104687	0.075448	0.11853	0.141433	0.119775
AQP9	0.312198	0.329268	0.034956	0.039995	0.103887	0.171702	0.832749	0.479302	0.467669	0.000977	0.001917	0.00617
ARHGAP22	0.019628	0.047296	0.0	0.004259	0.021176	0.024938	0.049186	0.070787	0.070638	0.002143	0.000774	0.030837
ARRB1	0.486179	0.474421	0.16878	0.18228	0.243894	0.544298	0.749009	0.983556	1.0	0.135803	0.175946	0.124875
ASGR1	0.590651	0.591799	0.040023	0.051746	0.105907	0.181895	0.784046	1.0	0.998898	0.00114	0.000584	0.025234
ASGR2	0.328157	0.360881	0.01616	0.031047	0.084744	0.123105	0.509055	1.0	0.983385	0.00076	0.0	0.002593
ATHL1	0.146141	0.151745	0.220522	0.240292	0.301535	0.190002	0.190306	0.070728	0.068147	0.369344	0.361584	0.15235
ATP8B4	0.16967	0.189568	0.074243	0.076	0.122822	0.525319	0.234984	0.269153	0.266114	0.025478	0.067562	0.083082
ATXN8OS	0.039502	0.0	0.078315	0.035149	0.001461	0.004036	0.065389	0.014093	0.005433	0.111178	0.019532	0.025882
AZU1	0.130068	0.147977	0.055092	0.111079	0.146124	0.055658	0.303577	0.175513	0.214846	0.082148	0.103434	0.670297
BACH2	0.103733	0.104316	0.133052	0.140109	0.118294	0.047998	0.067556	0.039769	0.038032	0.132613	0.142037	0.053381
BANK1	0.034738	0.043061	0.00905	0.003508	0.017664	0.012002	0.038371	0.022436	0.022221	0.009426	0.007575	0.005042
BARX2	0.060684	0.044553	0.014595	0.004656	0.032499	0.009929	0.036684	0.0	0.0202	0.010808	0.051387	0.009916
BCL11B	0.559625	0.552447	1.0	0.980574	0.833804	0.286205	0.213788	0.108366	0.107271	0.979481	0.908349	0.93388
BCL2A1	0.008163	0.00986	0.007074	0.008032	0.0	0.00783	0.019213	0.019236	0.019467	0.005628	0.009268	0.00949
BCL7A	0.201366	0.159594	0.087109	0.090135	0.111875	0.072816	0.211232	0.115971	0.094499	0.122442	0.023565	0.086195
BEND5	0.550917	0.533047	0.405429	0.482722	0.480628	0.306198	0.490715	0.211703	0.270515	0.397348	0.479787	0.313463
BFSP1	0.299877	0.373685	0.295281	0.278459	0.606887	1.0	0.370632	0.0	0.112624	0.091143	0.717601	0.028997
BIRC3	0.367643	0.347809	0.477298	0.450733	0.213547	0.108032	0.276144	0.279265	0.281321	0.487515	0.208163	0.434217
BLK	0.320112	0.332243	0.078731	0.093738	0.149799	0.077727	0.355853	0.154838	0.161368	0.064981	0.130723	0.066942
BMP2K	0.070297	0.065556	0.014724	0.0142	0.041786	0.040159	0.096315	0.093305	0.104909	0.000663	0.0	0.01537
BPI	0.226086	0.217804	0.056602	0.067002	0.07347	0.132456	0.374693	0.289562	0.337363	0.012754	0.073959	0.513253
BRAF	0.002316	0.004192	0.005739	0.002041	0.017479	0.021842	0.007132	0.009672	0.006133	0.0	0.014372	0.014154
BRSK2	0.519305	0.50096	1.0	0.315569	0.306555	0.061924	0.106717	0.402289	0.675072	0.730142	0.152982	0.139094
BST1	0.304565	0.316439	0.040243	0.041175	0.104042	0.137316	0.600834	0.865503	0.852528	0.002595	0.0	0.036702
BTNL8	0.007129	0.10935	0.082387	0.001845	0.060345	0.078926	0.413183	0.0	0.009087	0.00524	0.00181	0.011642
C11ORF80	0.125534	0.130756	0.129017	0.129162	0.106922	0.103779	0.105011	0.050081	0.050152	0.14196	0.118199	0.141051
C1ORF54	0.118029	0.117785	0.091705	0.093358	0.076084	0.056705	0.191094	0.263488	0.25638	0.096934	0.071333	0.168328
C3AR1	0.060204	0.058517	0.008345	0.007252	0.022242	0.034843	0.099089	0.189412	0.19917	0.00049	0.006898	0.004113
C5AR1	0.310795	0.32564	0.028201	0.030148	0.080703	0.136928	0.653483	0.553562	0.602881	0.00819	0.002267	0.014601
CA8	0.012937	0.026724	0.034117	0.01625	0.010188	0.009602	0.043951	0.035797	0.024062	0.015724	0.0	0.021877
CAMP	0.087881	0.082644	0.036541	0.034368	0.051484	0.069849	0.990738	0.065207	0.065589	0.000569	0.0	1.0
CASP5	0.227128	0.289314	0.017423	0.006082	0.09403	0.077094	0.554489	0.508074	0.430631	0.0	0.012198	0.008236
CCDC102B	0.018633	0.010655	0.052077	0.045144	0.019751	0.034089	0.030942	0.041143	0.030052	0.024703	0.054643	0.006213
CCL1	0.025239	0.026247	0.051176	0.037437	0.048685	0.046877	0.027707	0.058684	0.071192	0.048541	0.085651	0.095527
CCL13	0.001888	0.008424	0.003819	0.010867	0.004055	0.009011	0.008598	0.00338	0.013183	0.007584	0.012989	0.010663
CCL14	0.073373	0.067688	0.002277	0.014216	0.000793	0.019514	0.089592	0.129233	0.140863	0.011932	0.0	0.007696
CCL17	0.000839	2.7e-05	0.000138	9.4e-05	0.0	0.001085	0.000359	0.000638	0.0017	0.000223	0.001564	6.5e-05
CCL18	0.003436	0.002647	0.002483	0.0	0.000899	0.002181	0.003685	0.00271	0.003685	0.001113	0.002452	0.000896
CCL19	0.002396	0.000441	0.001009	0.000181	0.0	0.001163	0.0005	0.001578	0.003877	0.000463	0.000373	4e-05
CCL20	0.494911	0.546104	0.042987	0.050057	0.096959	0.171046	0.715701	0.964865	1.0	0.023685	0.033368	0.048637
CCL22	0.000129	0.000171	0.0001	6.2e-05	1.5e-05	1e-06	1.9e-05	0.000233	0.000217	0.000255	0.000201	0.0
CCL23	0.043188	0.037359	0.027932	0.026181	0.017715	0.037289	0.046269	0.061248	0.060533	0.015931	0.011512	0.023815
CCL4	0.001121	0.0	0.000128	0.000921	0.001157	0.002372	0.000487	0.002855	0.002599	0.001108	0.000278	0.000267
CCL5	0.587483	0.546128	0.51645	0.49926	0.816379	1.0	0.298513	0.159918	0.163704	0.43425	0.786572	0.49926
CCL7	0.01019	0.023801	0.005338	0.004392	0.007276	0.0	0.100774	0.032312	0.026269	0.006835	0.005232	0.001786
CCL8	0.027557	0.022991	0.004614	0.0	0.006344	0.012343	0.030803	0.052404	0.050737	0.006027	0.007455	0.011349
CCND2	0.629464	0.622392	0.892405	0.877407	0.906079	1.0	0.339904	0.227794	0.231554	0.851984	0.903182	0.927648
CCR10	0.154851	0.070945	0.234228	0.19123	0.121123	0.123191	0.166882	0.065166	0.125967	0.133679	0.091599	0.258284
CCR2	0.082411	0.108896	0.090953	0.087501	0.075028	0.036575	0.102224	0.17935	0.19055	0.083688	0.081988	0.098359
CCR3	0.024129	0.02466	0.00493	0.011447	0.014841	0.017779	0.16435	0.001276	0.002381	0.001401	0.0	0.029436
CCR5	0.004631	0.020233	0.005051	0.0122	0.007139	0.00164	0.00415	0.00726	0.002604	0.016653	0.012281	0.0
CCR6	0.931241	0.919241	1.0	0.927163	0.911302	0.950073	0.935096	0.794549	0.736061	0.954982	0.937399	0.947913
CCR7	0.306703	0.313513	0.553153	0.530656	0.441571	0.033373	0.166981	0.083848	0.076135	0.546054	0.460691	0.371689
CD160	0.274566	0.273378	0.086816	0.102444	0.292243	1.0	0.09262	0.026141	0.019827	0.015518	0.152828	0.005045
CD180	0.027562	0.037351	0.041786	0.020225	0.00545	0.030586	0.03503	0.018912	0.044427	0.038881	0.022072	0.014977
CD19	0.319129	0.300336	0.03076	0.034051	0.042578	0.058654	0.293311	0.123537	0.108536	0.014013	0.024793	0.0
CD1A	0.013672	0.014619	0.001072	0.007216	0.003366	0.007531	0.01734	0.026544	0.025734	0.002041	0.0	0.002732
CD1B	0.010162	0.009608	0.001229	0.000321	0.005782	0.002951	0.010358	0.016797	0.018552	0.003855	0.0	0.002653
CD1C	0.049618	0.039432	0.012623	0.015189	0.015213	0.019419	0.052975	0.069228	0.07037	0.00453	0.005825	0.006596
CD1D	0.393413	0.494236	0.055598	0.053221	0.09821	0.161903	0.605362	1.0	0.982596	0.019748	0.008578	0.019155
CD1E	0.015763	0.010568	0.003086	0.006341	0.004469	0.007185	0.018664	0.025431	0.024148	0.007688	0.005122	0.003191
CD2	0.294737	0.282531	0.550786	0.565214	0.447475	0.192493	0.094745	0.053035	0.057378	0.55665	0.435763	0.579745
CD209	0.016029	0.044445	0.006282	0.001592	0.0	0.001818	0.049726	0.075837	0.077221	0.003963	0.00072	0.00597
CD22	0.101381	0.097603	0.027323	0.037983	0.033101	0.045018	0.104126	0.060804	0.058378	0.029474	0.030373	0.012813
CD244	0.186306	0.19467	0.084312	0.081137	0.180199	0.446904	0.108234	0.201658	0.195516	0.011711	0.105387	0.021084
CD247	0.456008	0.456367	0.464288	0.471246	0.464288	1.0	0.261762	0.105771	0.10507	0.447811	0.419829	0.45309
CD27	0.320527	0.356979	0.733736	0.774964	0.667893	0.042811	0.144263	0.057704	0.069347	0.710886	0.746967	0.680011
CD28	0.149458	0.173378	0.60975	0.498447	0.263468	0.0	0.082444	0.056395	0.040903	0.641743	0.369741	0.729083
CD300A	0.395583	0.407646	0.138934	0.119877	0.299225	0.873234	0.498555	0.417982	0.387405	0.07534	0.197505	0.113734
CD33	0.506437	0.492199	0.042294	0.039134	0.086114	0.161523	0.679589	0.984526	1.0	0.0	0.005051	0.034501
CD37	0.53794	0.546066	0.386531	0.391836	0.358474	0.335308	0.461491	0.48045	0.518529	0.412038	0.395522	0.363608
CD38	0.035594	0.035109	0.016767	0.017886	0.022826	0.092817	0.024217	0.015146	0.017772	0.016257	0.020253	0.008472
CD3D	0.435163	0.431059	0.635609	0.640201	0.627942	0.087499	0.206763	0.120034	0.116304	0.629441	0.650221	0.640009
CD3E	0.22178	0.236312	0.612524	0.556475	0.613156	0.162181	0.061148	0.026166	0.034747	0.597851	0.664534	0.584318
CD3G	0.353041	0.375617	0.85856	0.785664	0.831066	0.113839	0.109783	0.080943	0.075555	0.92063	1.0	0.832927
CD4	0.087049	0.076569	0.109833	0.11353	0.018387	0.025569	0.111479	0.171748	0.162039	0.147501	0.0	0.157265
CD40	0.023752	0.028835	0.006629	0.00717	0.009682	0.012905	0.027524	0.026115	0.029094	0.0	0.005282	0.005772
CD40LG	0.204467	0.203115	0.72509	0.841351	0.142679	0.025828	0.102046	0.098886	0.083319	0.655279	0.154418	1.0
CD5	0.204311	0.215909	0.753597	0.740175	0.471928	0.0	0.081308	0.038869	0.042363	0.822008	0.577376	1.0
CD6	0.511921	0.48876	0.936744	0.932291	0.771797	0.375939	0.231354	0.10359	0.095762	0.961304	0.819924	1.0
CD68	0.597792	0.608542	0.063014	0.064574	0.218781	0.302554	0.796831	1.0	0.973171	0.016238	0.019787	0.033414
CD69	0.941291	0.93777	0.799803	0.822894	0.847485	0.862471	0.632486	0.404895	0.404322	0.805094	0.820899	1.0
CD7	0.548847	0.509852	0.594427	0.605791	0.739951	1.0	0.20195	0.071862	0.07063	0.596793	0.660253	0.446898
CD70	0.043252	0.031311	0.037518	0.043504	0.040042	0.007184	0.023096	0.017447	0.030863	0.028142	0.055235	0.081961
CD72	0.265874	0.238424	0.097722	0.092718	0.108988	0.180736	0.22285	0.138081	0.148184	0.060105	0.087179	0.06418
CD79A	0.741782	0.751724	0.179058	0.176823	0.286377	0.249198	0.721529	0.390965	0.434252	0.118009	0.204441	0.023361
CD79B	1.0	0.949063	0.265655	0.315248	0.274936	0.404371	0.943438	0.503802	0.523694	0.211783	0.154515	0.230445
CD80	0.015417	0.01227	0.010567	0.015324	0.001081	0.019208	0.0	0.0126	0.016576	0.012967	0.003252	0.006832
CD86	0.610834	0.538516	0.058422	0.0614	0.127305	0.161304	0.717037	0.999852	0.956459	0.031235	0.028287	0.049028
CD8A	0.438089	0.445004	0.30644	0.318429	0.947507	0.365855	0.124349	0.070228	0.074984	0.006559	1.0	0.013412
CD8B	0.140241	0.131708	0.098841	0.079288	0.792703	0.01878	0.036464	0.028811	0.031075	0.007278	1.0	0.009058
CD96	0.609298	0.595432	0.933292	0.888802	0.954955	0.729511	0.214199	0.099707	0.088598	0.901108	1.0	0.882005
CDA	0.191219	0.214872	0.020964	0.015972	0.061521	0.084418	0.724574	0.452797	0.494094	0.014228	0.023661	0.038701
CDC25A	0.121989	0.104675	0.163639	0.235845	0.246334	0.335696	0.099666	0.174678	0.03177	0.306318	0.058626	0.253185
CDH12	0.044958	0.048164	0.203498	0.058568	0.08205	0.036179	0.194983	0.010629	0.045822	0.106923	0.0	0.083302
CDK6	0.473867	0.531419	0.854002	0.849802	0.826084	0.594687	0.276815	0.225568	0.21846	0.989152	1.0	0.955382
CEACAM3	0.075623	0.068204	0.001471	0.0	0.007535	0.024187	0.374019	0.092843	0.115445	0.001463	0.000697	0.005719
CEACAM8	0.03194	0.012912	0.002094	0.011178	0.006569	0.021605	0.144357	0.002204	0.0	0.002874	0.002973	0.337594
CEMP1	0.475203	0.644181	0.570649	0.08485	0.413312	0.455795	0.449036	0.459068	0.418231	0.329009	0.421918	0.520603
CFP	0.282228	0.300425	0.07748	0.077966	0.088479	0.110933	0.591874	0.751927	0.758281	0.052855	0.043424	0.055462
CHI3L1	0.023361	0.024212	0.010362	0.011876	0.016193	0.021869	0.171309	0.01705	0.012017	0.013019	0.012229	0.019492
CHI3L2	0.06844	0.057315	0.058302	0.078606	0.055306	0.126821	0.026027	0.0128	0.010623	0.061392	0.052421	0.021973
CHST15	0.370848	0.346844	0.044257	0.043224	0.080299	0.136713	0.893631	0.698381	0.700119	0.015886	0.007181	0.005025
CHST7	0.241433	0.208484	0.174693	0.190471	0.155455	0.312347	0.327458	0.312514	0.338191	0.164595	0.139896	0.222232
CLC	0.017176	0.016251	0.01728	0.017933	0.003877	0.006448	0.023824	0.011558	0.012497	0.016546	0.002625	0.10178
CLEC10A	0.021887	0.028203	0.01477	0.0	0.013467	0.01661	0.021763	0.042528	0.042721	0.007882	0.011044	0.011556
CLEC2D	0.874492	0.931347	0.982915	1.0	0.974078	0.790571	0.714469	0.691222	0.722377	0.987547	0.981652	0.982143
CLEC4A	0.562978	0.531981	0.04912	0.052641	0.115886	0.189012	0.875356	0.990315	1.0	0.024527	0.021979	0.029477
CLEC7A	0.070019	0.07519	0.002552	0.0	0.021962	0.033726	0.161984	0.203926	0.17818	0.000558	0.002305	0.006187
CLIC2	0.013619	0.010725	0.001521	0.004725	0.005303	0.003723	0.024253	0.032398	0.030543	0.002361	0.006013	0.000773
CMA1	0.042519	0.015003	0.02632	0.006898	0.019757	0.0	0.056384	0.034433	0.000903	0.00572	0.030068	0.01453
COL8A2	0.197776	0.197067	0.208512	0.221374	0.178377	0.22267	0.254772	0.324095	0.334347	0.179717	0.23126	0.188045
COLQ	0.270467	0.258213	0.25981	0.256156	0.434761	1.0	0.183738	0.132083	0.129453	0.192772	0.37702	0.185902
CPA3	0.00615	0.005517	0.006917	0.007064	0.004327	0.003592	0.006932	0.003565	0.004797	0.007907	0.004876	0.027401
CR2	0.14515	0.159565	0.094708	0.106181	0.089253	0.028041	0.128777	0.070215	0.057753	0.096243	0.103761	0.070253
CREB5	0.244927	0.235994	0.035315	0.072605	0.109636	0.170883	1.0	0.541064	0.492276	0.0255	0.019006	0.041497
CRISP3	0.006857	0.014457	0.000719	0.000889	0.001597	0.003625	0.011466	0.017681	0.005476	0.00685	0.041128	0.001799
CRTAM	0.003473	0.048165	0.013218	0.0	0.078947	0.041648	0.010336	0.034413	0.037009	0.011879	0.019051	0.020102
CRYBB1	0.020993	0.040748	0.12054	0.02066	0.001911	0.004101	0.0	0.018509	0.033769	0.053594	0.107395	0.021834
CSF1	0.080215	0.030643	0.027403	0.019057	0.019903	0.071307	0.02825	0.0	0.022751	0.020102	0.015538	0.071479
CSF2	0.011562	0.001006	0.003411	0.004848	0.006243	0.001564	0.023334	0.008538	0.019169	0.010258	0.044138	0.011752
CSF3R	0.417565	0.399183	0.041631	0.034324	0.114681	0.176666	1.0	0.60348	0.594312	0.0	0.000261	0.020016
CST7	0.439814	0.431099	0.275211	0.283041	0.605866	0.982678	0.23867	0.046952	0.046408	0.132733	0.513993	0.203726
CTLA4	0.190409	0.202753	0.704329	0.738886	0.185262	0.053852	0.096184	0.057626	0.058503	0.75613	0.184773	1.0
CTSG	0.023021	0.026522	0.014741	0.004863	0.041326	0.02132	0.107798	0.007428	0.013081	0.033446	0.02294	0.394503
CTSW	0.303054	0.303005	0.187178	0.196182	0.488776	0.694746	0.093496	0.036945	0.031499	0.104102	0.455453	0.102676
CXCL10	0.029758	0.031294	0.001812	0.001187	0.006934	0.010447	0.054569	0.089883	0.086183	0.000117	0.0	0.002262
CXCL11	0.00017	0.006776	0.00504	0.001509	0.00873	0.002377	0.010477	0.000634	0.006301	0.004787	0.001756	0.002806
CXCL13	0.003939	0.000598	0.004349	0.003655	0.006164	0.000404	0.001376	0.011574	0.001815	0.000619	0.000141	0.000386
CXCL3	0.009087	0.015361	0.008423	0.007692	0.005318	0.010064	0.003467	0.020027	0.006491	0.009253	0.011175	0.01343
CXCL5	0.000464	0.011815	0.006585	0.009294	0.00749	0.00282	0.004631	0.004074	0.004378	0.001003	3.3e-05	0.003177
CXCL9	0.002105	0.000527	0.000175	2e-05	0.00089	0.0008	0.003212	0.005002	0.005208	0.0	0.000383	0.000411
CXCR1	0.044454	0.048771	0.01905	0.022501	0.028537	0.052532	0.466961	0.013349	0.010524	0.012967	0.012596	0.0
CXCR5	1.0	0.994919	0.430192	0.48041	0.216278	0.18707	0.917858	0.401742	0.429001	0.591782	0.213243	0.963497
CXCR6	0.181637	0.209019	0.281764	0.316101	0.515781	0.104613	0.043426	0.0	0.002068	0.197321	0.537236	0.317173
CXORF57	0.577387	0.608228	0.799822	1.0	0.627022	0.554236	0.474636	0.243756	0.201634	0.797551	0.665178	0.835079
CYP27A1	0.081109	0.086551	0.016911	0.015983	0.020947	0.028543	0.13485	0.243871	0.235687	0.008479	0.006205	0.010379
CYP27B1	0.000634	0.00551	0.000152	0.002473	0.004873	0.00197	0.000675	0.000547	0.0	0.001495	0.001981	0.004648
DACH1	0.117835	0.226709	0.07054	0.373744	0.047303	0.587372	0.417596	0.434904	0.14873	0.063441	0.063963	0.268138
DAPK2	0.023837	0.067223	0.038475	0.006003	0.058586	0.009935	0.127703	0.004784	0.0	0.002095	0.0315	0.017742
DEFA4	0.053231	0.04871	0.029256	0.031684	0.066927	0.040564	0.325866	0.0	0.005535	0.045133	0.054716	1.0
DENND5B	0.500116	0.499305	0.100734	0.069502	0.034184	0.112681	0.475635	0.161949	0.219044	0.010827	0.057631	0.024821
DEPDC5	0.414865	0.294793	0.365838	0.313622	0.396806	0.434197	0.385613	0.398592	0.453022	0.485597	0.37818	0.354298
DGKA	0.406315	0.426074	1.0	0.953716	0.642119	0.094591	0.198811	0.118753	0.162164	0.961022	0.661178	0.925635
DHRS11	0.225979	0.173805	0.259932	0.275512	0.221673	0.21082	0.183167	0.223511	0.209481	0.310103	0.249378	0.280333
DHX58	0.283718	0.259311	0.334355	0.346642	0.283541	0.235213	0.303628	0.321415	0.305944	0.335723	0.298091	0.277073
DPEP2	0.519074	0.519735	0.503675	0.46497	0.33564	0.360198	0.907978	0.667736	0.6705	0.549671	0.291261	0.426602
DPP4	0.104954	0.116122	0.194422	0.210187	0.178273	0.041494	0.057744	0.017717	0.046856	0.123295	0.221984	0.187453
DSC1	0.224131	0.250061	0.406362	0.395129	0.462042	0.094868	0.128512	0.089957	0.100822	0.41058	0.538784	0.130761
DUSP2	0.69748	0.721134	0.544858	0.546824	1.0	0.831873	0.70734	0.870625	0.697016	0.63473	0.837673	0.626419
EAF2	0.160128	0.161779	0.045036	0.041378	0.053952	0.04928	0.194716	0.162081	0.159408	0.030301	0.036657	0.030091
EBI3	0.004063	0.004256	0.001121	0.000306	0.007722	0.004466	0.007584	0.008751	0.006438	0.000121	0.00039	0.000917
EFNA5	0.082612	0.109818	0.01065	0.00827	0.023216	0.249844	0.026894	0.075565	0.033556	0.019954	0.02792	0.003281
EGR2	0.280581	0.312431	0.064238	0.050028	0.083134	0.163912	0.524863	0.791713	0.843765	0.044263	0.040991	0.046621
ELANE	0.054574	0.053403	0.023509	0.033388	0.071777	0.037472	0.19743	0.043093	0.040534	0.06002	0.041756	0.643338
EMR1	0.020215	0.019074	0.013681	0.012217	0.004391	0.008547	0.035171	0.053161	0.054786	0.014461	0.0	0.011897
EMR2	0.402921	0.39429	0.056145	0.053227	0.091061	0.141104	0.807309	0.903867	0.844388	0.041175	0.023121	0.050588
EMR3	0.04234	0.03463	0.017657	0.000703	0.02148	0.026519	0.202793	0.052914	0.055833	0.011437	0.003832	0.003953
EPB41	0.626368	0.607539	0.905619	0.84717	0.712848	0.569063	0.43076	0.446394	0.408723	1.0	0.724563	0.945951
EPHA1	0.201477	0.20718	0.41121	0.455642	0.322962	0.040291	0.062709	0.094026	0.032256	0.432384	0.381546	0.287901
EPN2	0.220843	0.108193	0.234018	0.130855	0.18372	0.149522	0.258143	0.0989	0.014258	0.183265	0.214275	0.252598
ETS1	0.738869	0.787865	1.0	0.909558	0.929486	0.791869	0.378004	0.263785	0.254061	0.958959	0.857758	0.901332
ETV3	0.133846	0.128864	0.097795	0.098136	0.127973	0.110562	0.112408	0.19741	0.200848	0.152387	0.143062	0.172474
FAIM3	0.661582	0.654296	0.794947	0.802307	0.730718	0.516988	0.439068	0.20103	0.219341	0.787493	0.744234	0.713178
FAM124B	0.090663	0.052453	0.072931	0.220524	0.0	0.226669	0.260756	0.096357	0.2718	0.106864	0.060797	0.297005
FAM174B	0.006367	0.059509	0.182779	0.229508	0.079389	0.000122	0.064262	0.011118	0.0	0.21836	0.012233	0.237214
FAM65B	0.828671	0.824295	0.940873	0.877874	0.824094	0.652241	1.0	0.577361	0.540051	0.894357	0.745814	0.85275
FASLG	0.123897	0.121718	0.057061	0.07771	0.134917	0.436064	0.046705	0.008329	0.0	0.041634	0.079457	0.034554
FBXL8	0.44069	0.35838	0.704922	0.772766	0.398233	0.264695	0.301724	0.088677	0.229506	0.775839	0.308469	1.0
FCER1A	0.243533	0.259243	0.145531	0.132035	0.062397	0.089188	0.326501	0.450365	0.463357	0.14327	0.055779	0.731134
FCER2	1.0	0.894608	0.117658	0.158852	0.1742	0.212312	0.922513	0.36665	0.433999	0.109696	0.106839	0.001045
FCGR2B	0.122615	0.109026	0.054726	0.049166	0.059204	0.063188	0.153669	0.123457	0.121633	0.058005	0.059522	0.055634
FCGR3B	0.066383	0.067048	0.01073	0.009455	0.022669	0.038086	0.324768	0.008348	0.00668	0.001453	0.002438	0.000424
FCN1	0.480845	0.453766	0.12266	0.121192	0.228455	0.304808	0.679066	0.919878	1.0	0.003366	0.003698	0.053187
FCRL2	0.110465	0.107796	0.034073	0.022789	0.027477	0.040178	0.113961	0.068696	0.05956	0.02041	0.024326	0.005847
FES	0.535332	0.531923	0.086309	0.085448	0.166444	0.45373	0.917728	0.965446	1.0	0.058266	0.058014	0.085078
FFAR2	0.181469	0.206917	0.019011	0.027447	0.061417	0.073556	0.50594	0.434847	0.392578	0.001689	0.002124	0.001151
FLJ13197	0.164742	0.014022	0.246617	0.349908	0.311744	0.079211	0.062717	0.031011	0.0	0.396884	0.239525	0.090876
FLT3LG	0.388006	0.400756	0.932969	0.934315	0.771442	0.145715	0.196221	0.115078	0.109804	1.0	0.855579	0.932969
FLVCR2	0.349715	0.33489	0.176116	0.156801	0.179422	0.210898	0.356634	0.651741	0.643653	0.180459	0.183979	0.183706
FOSB	0.579529	0.551175	0.066764	0.063958	0.195263	0.271526	0.798727	0.999728	1.0	0.053087	0.057134	0.196654
FOXP3	0.048389	0.031185	0.080066	0.047632	0.048831	0.001925	0.038661	0.048879	0.059905	0.06951	0.012009	0.053102
FPR1	0.25731	0.234896	0.022403	0.022169	0.075742	0.107639	0.386287	0.397316	0.389801	0.001023	0.0	0.008467
FPR2	0.217834	0.219382	0.044979	0.026815	0.065697	0.09464	0.764718	0.409327	0.438843	0.0	0.023552	0.013897
FPR3	0.005971	0.003858	0.001884	0.000706	0.00299	0.001721	0.008839	0.017667	0.014728	0.0	0.001404	0.000963
FRK	0.130769	0.468114	0.23552	0.435007	0.079272	0.15495	0.08288	0.294812	0.140771	0.195289	0.728424	0.05468
FRMD4A	0.010331	0.001825	0.084869	0.03784	0.021565	0.0	0.000467	0.001084	0.001164	0.004104	0.002648	0.035196
FRMD8	0.695679	0.596585	0.807229	0.770671	0.707145	1.0	0.739306	0.533696	0.497748	0.690328	0.70858	0.714968
FZD2	0.257234	0.238163	0.027532	0.007302	0.073799	0.158803	0.378943	0.492515	0.53396	0.0	0.015339	0.007937
FZD3	0.238094	0.238087	0.386368	0.294361	0.335726	0.268398	0.097577	0.086899	0.030394	0.355619	0.359591	0.308941
GAL3ST4	0.157374	0.163554	0.344913	0.312779	0.247045	0.093652	0.09918	0.091587	0.0	0.387789	0.28282	0.23701
GALR1	0.747608	0.671678	0.237862	0.305835	0.085774	0.383689	0.981314	0.285287	1.0	0.354419	0.148895	0.100865
GFI1	0.38204	0.390408	0.489907	0.493771	0.756541	1.0	0.200854	0.137904	0.10917	0.463739	0.792202	0.552285
GGT5	0.0	0.024059	0.001895	0.012948	0.011216	0.01073	0.001561	0.010715	0.012161	0.014483	0.007325	0.012773
GIPR	0.02812	0.04432	0.005794	0.147958	0.037007	0.042993	0.082839	0.026757	0.04763	0.053116	0.042791	0.001529
GNG7	0.425443	0.369024	0.167483	0.146369	0.151557	0.094003	0.403848	0.18902	0.198897	0.155572	0.133875	0.104184
GNLY	0.548316	0.575379	0.378204	0.378945	0.556043	1.0	0.359325	0.111964	0.125264	0.222833	0.4528	0.280694
GPC4	0.006936	0.103971	0.001884	0.008059	0.006071	0.001203	0.058883	0.054036	0.035577	0.004141	0.0	0.0
GPR1	0.763132	0.686969	1.0	0.793732	0.581277	0.567679	0.64417	0.552413	0.518388	0.999843	0.806112	0.934163
GPR171	0.000685	0.003141	0.008776	0.004549	0.015025	0.000962	0.002226	0.00019	0.0	0.004024	0.003014	0.00229
GPR18	0.471076	0.500623	0.397825	0.363676	0.425721	0.190015	0.273874	0.279541	0.24656	0.267367	0.342452	0.183949
GPR183	0.017967	0.031332	0.028726	0.023673	0.0	0.002097	0.026357	0.055717	0.056067	0.029148	0.005364	0.043046
GPR19	0.221826	0.351324	0.340127	0.425751	0.277712	0.271518	0.353908	0.14048	0.040064	0.459098	0.277677	0.600813
GPR25	0.037977	0.123858	0.064688	0.306558	0.044244	0.021604	0.044245	0.059343	0.002056	0.158165	0.032041	0.059447
GPR65	0.08229	0.067495	0.052174	0.064353	0.117712	0.172075	0.072602	0.053339	0.039053	0.044703	0.124092	0.064467
GPR97	0.031309	0.016867	0.0	0.00421	0.021427	0.033401	0.115461	0.023579	0.004612	0.013443	0.008929	0.003091
GRAP2	0.521228	0.532654	0.805988	0.854537	1.0	0.550975	0.3403	0.013075	0.009953	0.78923	0.943041	0.939173
GSTT1	0.408288	0.368292	0.372001	0.384659	0.300717	0.383656	0.400903	0.451259	0.436014	0.409199	0.30249	0.352181
GYPE	0.63889	0.874557	0.412819	0.446727	0.824923	0.6738	1.0	0.868001	0.885535	0.166718	0.733915	0.198783
GZMA	0.438032	0.437422	0.364209	0.390757	0.535254	0.792475	0.220006	0.07028	0.066784	0.267231	0.498445	0.335287
GZMB	0.402335	0.406199	0.22872	0.235971	0.432253	0.741446	0.213404	0.044187	0.044422	0.0551	0.327662	0.086826
GZMH	0.570861	0.570605	0.444534	0.506011	0.756475	1.0	0.249795	0.077169	0.079086	0.346704	0.722001	0.49673
GZMK	0.329635	0.319296	0.400759	0.40247	0.698942	0.258261	0.105716	0.04992	0.059641	0.381384	0.716058	0.450425
GZMM	0.38994	0.393343	0.403041	0.433329	0.725723	1.0	0.103882	0.042898	0.045729	0.29782	0.70287	0.303777
HAL	0.039934	0.058821	0.007152	0.01833	0.013295	0.021187	0.151789	0.0836	0.079662	0.013828	0.0	0.002582
HCK	0.399935	0.359763	0.035594	0.033531	0.085567	0.127713	0.713545	0.672314	0.656635	0.01153	0.0	0.020507
HDC	0.013746	0.014803	0.021715	0.017795	0.003499	0.006067	0.015526	0.005921	0.009933	0.02218	0.00187	0.069232
HESX1	0.004173	0.004359	0.00018	0.003832	0.0	0.002927	0.003337	0.003686	0.002927	0.001809	0.000743	0.001537
HHEX	0.116828	0.145685	0.011886	0.015437	0.028836	0.061382	0.171744	0.116474	0.116331	0.000916	0.015435	0.01724
HIC1	0.943798	0.308914	0.242442	0.763258	0.495719	0.902168	0.510413	0.718832	1.0	0.143293	0.366075	0.432047
HIST1H2AE	0.094135	0.045024	0.199902	0.239599	0.023324	0.125943	0.235647	0.055124	0.032881	0.146293	0.190113	0.035479
HIST1H2BG	0.098739	0.050833	0.085594	0.062965	0.024487	0.020155	0.027234	0.01238	0.009978	0.084785	0.010508	0.181562
HK3	0.314314	0.350667	0.041578	0.04958	0.076549	0.121147	0.745331	0.869062	0.883573	0.027538	0.000283	0.037004
HLA-DOB	0.207233	0.175792	0.0378	0.045304	0.043549	0.044929	0.132743	0.069946	0.068774	0.038868	0.035963	0.032509
HLA-DQA1	0.55422	0.546031	0.042666	0.042859	0.072407	0.099891	0.406414	0.579001	0.588114	0.02826	0.026466	0.112236
HNMT	0.453535	0.473259	0.060217	0.056708	0.094807	0.156145	0.698865	0.97671	1.0	0.020156	0.024287	0.036817
HOXA1	0.091914	0.073762	0.038263	0.018678	0.037949	0.017989	0.127925	0.090449	0.02546	0.072584	0.089506	0.031266
HPGDS	0.004952	0.000867	0.0	8e-06	0.002043	0.001813	0.005527	0.002668	0.000812	0.001872	0.001988	0.002313
HPSE	0.289571	0.324995	0.161354	0.162882	0.168406	0.146811	0.476155	0.873318	0.779542	0.146158	0.135551	0.2118
HRH1	0.055013	0.057867	0.069014	0.048678	0.036958	0.059865	0.061038	0.077475	0.077166	0.061983	0.072859	0.064871
HSPA6	0.13626	0.147365	0.039926	0.044774	0.082729	0.184445	0.939704	0.160832	0.166729	0.006416	0.039385	0.015308
HTR2B	0.006976	0.043325	0.010117	0.021566	0.012279	0.003593	0.001148	0.001928	0.042378	0.011601	0.150412	0.047376
ICA1	0.145435	0.12163	0.182586	0.159492	0.150981	0.124469	0.141746	0.130102	0.121843	0.237063	0.155312	0.173566
ICOS	0.121492	0.117678	0.453333	0.455497	0.192503	0.030473	0.064956	0.041794	0.043546	0.533461	0.208552	0.600252
IDO1	0.00099	0.00415	0.001172	0.001634	0.0	6.5e-05	0.005489	0.002547	0.006522	0.000404	0.000244	0.00852
IFI44L	0.08193	0.077101	0.073316	0.07163	0.04416	0.040511	0.078548	0.139911	0.131684	0.06723	0.042123	0.088093
IFNA10	0.034712	0.077744	0.164137	0.415451	0.050283	0.161775	0.014745	0.013431	0.072689	0.121703	0.0	0.104067
IFNG	0.019555	0.028433	0.031956	0.038836	0.049729	0.055592	0.00147	0.0	0.00156	0.040911	0.079643	0.069132
IGSF6	0.098559	0.104358	0.022755	0.019239	0.025714	0.040973	0.105849	0.191939	0.239162	0.002998	0.0	0.011412
IL12B	0.000493	0.00081	0.001589	0.00704	0.005805	0.001152	0.003358	0.001832	0.000907	0.0	0.001976	0.005149
IL12RB2	0.044512	0.064392	0.043872	0.071974	0.085778	0.183898	0.058758	3.8e-05	0.018233	0.065024	0.07531	0.087435
IL17A	0.312331	0.344921	0.169758	0.159324	0.151704	0.35121	0.221154	0.341312	0.443831	0.228938	0.066071	0.303769
IL18R1	0.196397	0.22969	0.301531	0.267844	0.371024	0.653519	0.163694	0.05263	0.05906	0.273015	0.396643	0.314067
IL18RAP	0.349822	0.342753	0.172911	0.170287	0.452394	1.0	0.359236	0.034073	0.037918	0.093368	0.317422	0.112669
IL1A	0.350826	0.430709	0.030416	0.05304	0.082938	0.143599	0.613013	1.0	0.986243	0.002888	0.0	0.017757
IL1B	0.545693	0.533002	0.139817	0.139184	0.2777	0.369764	0.611561	1.0	0.922044	0.003891	0.000928	0.055879
IL1RL1	0.098733	0.117918	0.102996	0.095818	0.113166	0.096565	0.088804	0.131344	0.10293	0.092794	0.094705	0.078665
IL21	0.022038	0.004434	0.063757	0.01838	0.032348	0.005699	0.02011	0.014967	0.0	0.033617	0.014268	0.005687
IL26	0.019312	0.002647	3.2e-05	0.00184	0.004387	0.032011	0.007961	0.053196	0.019743	0.026651	0.0261	0.028558
IL2RA	0.035269	0.039064	0.068315	0.074546	0.02588	0.021586	0.025417	0.03138	0.028732	0.093905	0.021211	0.119266
IL2RB	0.452691	0.453128	0.285507	0.289853	0.500549	0.831605	0.191238	0.043229	0.040848	0.221446	0.336543	0.248204
IL3	0.034095	0.0276	0.053476	0.043482	0.002789	0.012308	0.041648	0.006544	0.006191	0.012016	0.045455	0.0
IL4	0.126447	0.414539	0.301088	0.150694	0.165644	0.120446	0.573646	0.056911	0.297334	0.35264	0.216865	0.519277
IL4R	0.231442	0.236011	0.180136	0.173561	0.109229	0.085101	0.274156	0.141006	0.145492	0.209005	0.113884	0.139499
IL5	0.154884	0.042821	0.089966	0.170335	0.249258	0.287276	0.32292	0.339505	0.227423	0.264502	0.383746	0.222123
IL5RA	0.266059	0.14246	0.249909	0.281025	0.302375	0.264306	0.259127	0.328809	0.335017	0.297806	0.308272	0.25646
IL7	0.03782	0.148171	0.148248	0.0426	0.090134	0.002407	0.044362	0.008077	0.18225	0.057682	0.00341	0.054457
IL7R	0.335613	0.33353	0.594233	0.587767	0.560792	0.072183	0.155821	0.085539	0.097748	0.574288	0.575231	0.584732
IL9	0.004634	0.005656	0.003088	0.003133	0.001921	0.009205	0.003835	0.010174	0.003202	0.003694	0.008857	0.001611
IRF8	0.398448	0.399225	0.046835	0.052156	0.084929	0.228163	0.38834	0.45241	0.449809	0.03277	0.023724	0.07278
ITK	0.499841	0.486306	0.852544	0.830682	0.771632	0.528022	0.199085	0.092153	0.091743	0.862781	0.768019	0.787437
KCNA3	0.062652	0.099867	0.135691	0.162922	0.106729	0.010469	0.004366	0.077418	0.087172	0.155956	0.122701	0.148394
KCNG2	0.079921	0.041219	0.062135	0.023333	0.027569	0.05167	0.012763	0.480176	0.007796	0.009832	0.276534	0.093813
KIAA0754	0.035832	0.098271	0.020692	0.122218	0.059561	0.016817	0.029722	0.07935	0.054763	0.039941	0.009849	0.028956
KIR2DL1	0.206433	0.205497	0.097136	0.100134	0.240681	1.0	0.087505	0.039681	0.054801	0.048638	0.163566	0.048268
KIR2DL4	0.314871	0.322468	0.098213	0.102231	0.327297	1.0	0.05791	0.024708	0.023268	0.01329	0.142933	0.01756
KIR2DS4	0.052947	0.045347	0.028335	0.020429	0.047888	0.097224	0.009552	0.016946	0.0	0.001104	0.005545	0.011371
KIR3DL2	0.221502	0.207572	0.125925	0.105383	0.247176	1.0	0.085773	0.076798	0.066359	0.078695	0.153564	0.063024
KIRREL	0.033257	0.053418	0.105357	0.000319	0.047287	0.023586	0.027556	0.13831	0.0	0.015334	0.003159	0.016544
KLRB1	0.537911	0.533085	0.557581	0.607745	0.689588	1.0	0.342576	0.16342	0.157509	0.534052	0.705015	0.644917
KLRC3	0.242782	0.22439	0.141895	0.143304	0.504672	0.658015	0.077053	0.094513	0.068351	0.024217	0.622206	0.011461
KLRC4	0.0	0.100115	0.01705	0.133711	0.029916	0.087197	0.019143	0.021029	0.02039	0.035844	0.011872	0.013381
KLRD1	0.377511	0.372802	0.128859	0.136083	0.528076	1.0	0.104709	0.031099	0.026099	0.019645	0.45822	0.008351
KLRF1	0.220097	0.214139	0.08521	0.098257	0.27498	0.833815	0.098255	0.024652	0.028996	0.026756	0.136165	0.023153
KLRG1	0.194061	0.210119	0.253209	0.257305	0.650798	0.277851	0.046506	0.022677	0.026669	0.149538	0.705405	0.215625
KLRK1	0.004255	0.0	0.007715	0.00963	0.012226	0.012779	0.000447	0.001206	0.001585	0.00683	0.011126	0.005767
KRT18P50	0.036225	0.15545	0.221348	0.12438	0.079557	0.045781	0.530494	0.0	0.181608	0.077445	0.078313	0.141835
KYNU	0.247416	0.278337	0.029404	0.026314	0.051837	0.074261	0.340927	0.5277	0.546689	0.0	0.006279	0.005747
LAG3	0.211954	0.190672	0.292667	0.326772	0.835205	0.079305	0.103956	0.053787	0.047528	0.285499	1.0	0.392611
LAIR2	0.262942	0.273585	0.293157	0.325392	0.280511	1.0	0.159475	0.090601	0.087546	0.252982	0.14781	0.341521
LAMP3	0.007352	0.006645	0.006993	0.007653	0.006739	0.005458	0.007986	0.007747	0.005411	0.008772	0.008729	0.007546
LAT	0.188292	0.179138	0.433316	0.399875	0.367727	0.225234	0.053258	0.020635	0.025234	0.447966	0.430011	0.464068
LCK	0.048328	0.048016	0.117649	0.116301	0.110416	0.06674	0.027164	0.014565	0.01278	0.111858	0.113117	0.119841
LEF1	0.488192	0.502971	1.0	0.941567	0.772742	0.061053	0.171778	0.105931	0.101008	0.963525	0.832537	0.741453
LHCGR	0.084695	0.023904	0.057393	0.033752	0.191168	0.332276	0.066703	0.094139	0.072066	0.047512	0.107253	0.037973
LILRA2	0.520526	0.518769	0.04087	0.046476	0.103306	0.171851	1.0	0.873192	0.828652	0.000931	0.00064	0.030404
LILRA3	0.626935	0.624393	0.052163	0.056226	0.152765	0.239368	0.892273	0.995268	1.0	0.009509	0.006114	0.027183
LILRA4	0.216851	0.175147	0.073296	0.057499	0.186277	0.183067	0.238147	0.250868	0.201604	0.284543	0.02957	0.084039
LILRB2	0.561337	0.585122	0.052175	0.055246	0.127872	0.219386	0.849745	0.950577	1.0	0.016464	0.010742	0.025482
LIME1	0.558137	0.571563	0.922555	0.918704	0.850399	0.521692	0.298296	0.141801	0.136448	0.924029	0.850399	1.0
LOC100130100	0.000512	0.004828	0.000308	0.004327	0.00085	0.000781	0.001269	0.001155	0.003468	0.004225	0.001528	0.00457
LOC126987	0.002362	0.034479	0.0	0.002859	0.011763	0.003607	0.002793	0.024119	0.006234	0.053114	0.041054	0.027599
LRMP	0.215863	0.196189	0.121142	0.126457	0.156052	0.263769	0.40573	0.201106	0.199768	0.116357	0.135843	0.077648
LST1	0.425403	0.413274	0.051843	0.060531	0.112424	0.145732	0.640116	0.659709	0.644502	0.043086	0.050732	0.038213
LTA	0.226706	0.206381	0.49297	0.475719	0.371692	0.132941	0.128498	0.091015	0.085693	0.590185	0.494215	0.405
LTB	0.655945	0.642314	0.815508	0.785444	0.661945	0.223964	0.596358	0.299938	0.308031	0.829714	0.677992	0.803798
LTC4S	0.045406	0.072078	0.088027	0.107365	0.045358	0.050151	0.057263	0.056904	0.013777	0.033218	0.032947	0.039804
LY86	0.653547	0.64006	0.04181	0.048511	0.114862	0.203399	0.83487	0.971992	0.998983	0.008064	0.011049	0.013063
LY9	0.813181	0.792734	0.984856	0.929342	0.938741	0.333282	0.616387	0.307551	0.276004	0.818627	0.84669	0.840687
MAGEA11	0.75187	0.923265	0.406742	0.11646	0.6372	0.917908	0.780928	0.969798	1.0	0.593836	0.715014	0.632266
MAK	0.061419	0.077624	0.006014	0.020365	0.057764	0.05422	0.311091	0.081302	0.100148	0.034071	0.0	0.018892
MAN1A1	0.03945	0.034093	0.02166	0.022441	0.034699	0.072749	0.02469	0.030122	0.031637	0.028522	0.042835	0.015484
MANEA	0.186597	0.221554	0.275542	0.242714	0.226227	0.256059	0.210066	0.199649	0.229187	0.212336	0.251461	0.283033
MAP3K13	0.019235	0.069603	0.102843	0.042376	0.059806	0.068284	0.011275	0.051879	0.016853	0.0	0.049066	0.004298
MAP4K1	0.805643	0.733702	0.981725	0.937749	0.893759	0.589324	0.461054	0.394538	0.407624	1.0	0.895357	0.991805
MAP4K2	0.81322	0.771927	0.941202	0.911577	0.765857	0.479361	0.674673	0.641361	0.599004	1.0	0.768753	0.916973
MAP9	0.05409	0.035455	0.018654	0.109424	0.0	0.176915	0.053531	0.171957	0.034717	0.050665	0.051251	0.090584
MARCH3	0.092012	0.067678	0.08072	0.07514	0.042747	0.043619	0.082175	0.027836	0.049572	0.073986	0.055714	0.051312
MARCO	0.135645	0.126757	0.026199	0.006738	0.053969	0.069261	0.214963	0.278655	0.326484	0.01978	0.034441	0.030886
MAST1	0.017475	0.012239	0.0	0.036028	0.001886	0.057403	0.043548	0.011617	0.013121	0.002866	0.018398	0.011488
MBL2	0.063306	0.017015	0.010843	0.014913	0.069185	0.032493	0.039743	0.0	0.042883	0.098366	0.035558	0.111788
MEFV	0.170083	0.219598	0.07344	0.027996	0.113936	0.141385	0.330448	0.340839	0.369992	0.103478	0.033043	0.066179
MEP1A	0.008428	0.007501	0.0	0.006378	0.002747	0.011684	0.026472	0.008699	0.009423	0.006902	0.003795	0.002064
MGAM	0.03224	0.033794	0.010726	0.016031	0.024497	0.046387	0.113559	0.015621	0.025705	0.025073	0.009804	0.00666
MICAL3	0.002788	0.071063	0.002565	0.039724	0.061755	0.043134	0.0	0.092365	0.039225	0.086144	0.261667	0.071495
MMP12	0.0	0.000984	0.00042	0.00492	0.000696	0.00018	0.000532	0.001072	0.000363	0.000257	0.000386	0.001694
MMP25	0.102598	0.120544	0.0208	0.018906	0.045487	0.062155	1.0	0.075759	0.085009	0.007452	0.009962	0.025792
MMP9	0.011418	0.012362	0.001016	0.000653	0.003594	0.009315	0.111381	0.010327	0.011464	0.000956	0.0	0.005687
MNDA	0.174918	0.175946	0.017824	0.015466	0.035706	0.061779	0.325638	0.222043	0.203604	0.000275	0.00466	0.012169
MS4A1	0.003862	0.007188	0.000855	0.001667	0.000814	0.003163	0.006785	0.004238	0.00211	0.003402	0.0	0.00218
MS4A2	0.002498	0.009448	0.018523	0.026931	0.007417	0.011169	0.014278	0.009707	0.001051	0.029194	0.0	0.049559
MS4A3	0.098444	0.081751	0.09417	0.096166	0.045021	0.063691	0.321286	0.083344	0.075595	0.085167	0.052934	0.710991
MS4A6A	0.455951	0.443299	0.041746	0.038917	0.120946	0.221822	0.534872	0.712263	0.73382	0.004037	0.0	0.019799
MSC	0.05626	0.057774	0.051351	0.055416	0.086777	0.021876	0.037307	0.091693	0.08702	0.052306	0.103216	0.070538
MXD1	0.420956	0.419667	0.082175	0.091383	0.15249	0.358656	1.0	0.771	0.784025	0.063536	0.065837	0.092793
MYB	0.043905	0.036478	0.068362	0.063159	0.060746	0.024504	0.047632	0.036426	0.034095	0.074515	0.0785	0.109707
NAALADL1	0.495045	0.439417	0.46709	0.478045	0.459856	1.0	0.424785	0.381654	0.39973	0.454722	0.457924	0.521417
NCF2	0.036724	0.037501	0.00605	0.00381	0.007583	0.011717	0.089852	0.091784	0.079021	0.002364	0.0	0.003117
NCR3	0.389949	0.356981	0.202086	0.218827	0.747233	1.0	0.159401	0.057934	0.063704	0.128553	0.813382	0.118185
NFE2	0.227515	0.216481	0.051332	0.056786	0.093638	0.113063	1.0	0.291136	0.258989	0.025251	0.065466	0.080141
NIPSNAP3B	0.000509	0.001182	0.005672	0.003229	0.002112	0.000891	0.0	0.003341	0.002456	0.001948	0.006037	0.0154
NKG7	0.369188	0.349011	0.25752	0.259116	0.42698	1.0	0.223806	0.088702	0.090489	0.140092	0.37114	0.164437
NLRP3	0.591042	0.615658	0.066194	0.065636	0.175071	0.277112	0.765338	1.0	0.970703	0.026608	0.017858	0.035196
NMBR	0.02821	0.128438	0.004164	0.006552	0.000364	0.0	0.012811	0.016927	0.033105	0.015048	0.007457	0.157302
NOD2	0.342513	0.362124	0.090717	0.099051	0.11471	0.163417	0.788255	0.987635	0.97892	0.099243	0.056711	0.126445
NOX3	0.021057	0.116913	0.098428	0.045691	0.071952	0.088394	0.026922	0.04985	0.019361	0.0	0.077153	0.024631
NPAS1	0.01491	0.019722	0.052157	0.178149	0.08525	0.023883	0.049158	0.0	0.037344	0.053561	0.124467	0.041461
NPL	0.175035	0.172725	0.042872	0.045427	0.066911	0.092914	0.469739	0.378355	0.378856	0.038114	0.046922	0.039401
NR4A3	0.049575	0.043659	0.023746	0.019102	0.035883	0.036001	0.032087	0.053399	0.042037	0.019212	0.041042	0.046514
NTN3	0.236146	0.368606	0.128441	0.074422	0.036197	0.152782	1.0	0.122087	0.092859	0.116337	0.129329	0.301486
NTRK1	0.003782	0.028394	0.040537	0.046387	0.07332	0.012963	0.005337	0.05959	0.01949	0.015814	0.024252	0.061037
OSM	0.60477	0.597464	0.219606	0.237562	0.323936	0.315135	0.965085	1.0	0.959193	0.209372	0.252325	0.369537
P2RX1	0.179257	0.146256	0.05356	0.056297	0.054158	0.089405	0.376123	0.362272	0.360075	0.041781	0.038102	0.066145
P2RX5	0.03218	0.031683	0.020056	0.017345	0.01568	0.012759	0.022271	0.016011	0.017378	0.014416	0.016	0.005896
P2RY10	0.472424	0.468415	0.738173	0.749112	0.52408	0.180785	0.221897	0.143831	0.136713	0.779131	0.625564	1.0
P2RY13	0.222857	0.196183	0.042287	0.043402	0.064853	0.088335	0.824257	0.263031	0.245787	0.032119	0.010596	0.027151
P2RY14	0.008422	0.008171	0.000549	0.002554	0.003394	0.003918	0.00996	0.007692	0.00509	0.00119	0.003436	0.003102
P2RY2	0.399014	0.366712	0.011438	0.043015	0.110567	0.143027	0.603246	0.980224	0.987126	0.00022	0.003613	0.015763
PADI4	0.498094	0.517816	0.084047	0.08386	0.21946	0.139446	1.0	0.777354	0.727547	0.050373	0.14958	0.068272
PAQR5	0.102769	0.031767	0.163996	0.122382	0.021071	0.163595	0.044372	0.016477	0.064356	0.02244	0.025161	0.0
PASK	0.13676	0.119438	0.351203	0.36536	0.253144	0.026368	0.04382	0.023478	0.030865	0.365606	0.37222	0.394267
PAX7	0.374821	0.277894	0.17501	0.531033	0.065229	0.433294	0.433844	0.410842	0.511962	0.1432	0.337239	0.415395
PBXIP1	0.06715	0.074952	0.142408	0.154947	0.092073	0.052468	0.069205	0.028399	0.024088	0.157918	0.116737	0.190151
PCDHA5	0.142241	0.235341	0.156434	0.261868	0.130513	0.325446	0.398091	0.65208	0.073875	0.141596	0.33256	0.158263
PDCD1	0.065959	0.054939	0.127235	0.128649	0.127973	0.0	0.033397	0.010552	0.00052	0.168734	0.169978	0.212679
PDCD1LG2	0.009345	0.007536	0.00479	0.000791	0.023091	0.008229	0.017868	0.002928	0.0	0.004734	0.001767	0.008436
PDE6C	0.314092	0.894115	0.701413	0.650898	0.957763	0.626127	0.590596	0.832072	0.703753	1.0	0.721489	0.588348
PDK1	0.000935	0.010659	0.039862	0.020345	0.005236	0.001219	0.035221	0.021201	0.0	0.020857	0.003616	0.004951
PGLYRP1	0.110244	0.084582	0.01204	0.026993	0.05696	0.077099	1.0	0.018921	0.014138	0.010042	0.002357	0.232828
PIK3IP1	0.648715	0.631995	0.967794	0.964113	0.871065	0.38733	0.381144	0.240151	0.246848	1.0	0.84873	0.820497
PKD2L2	0.114229	0.073399	0.048308	0.078905	0.129242	0.018301	0.027828	0.021577	0.036107	0.098749	0.221269	0.191955
PLA1A	0.043269	0.033524	0.025328	0.022752	0.006085	0.024651	0.069233	0.082868	0.082088	4.4e-05	0.0	0.001691
PLA2G7	0.069832	0.072797	0.008122	0.010173	0.023363	0.030794	0.115981	0.221925	0.206759	0.002162	0.005818	0.003976
PLCH2	0.45889	0.455512	0.66537	0.716098	0.613991	1.0	0.266786	0.150536	0.15246	0.765992	0.574267	0.8128
PLEKHF1	0.429634	0.380368	0.347643	0.32616	0.557517	1.0	0.170574	0.054293	0.060746	0.371624	0.526607	0.323376
PLEKHG3	0.415593	0.387148	0.290208	0.276385	0.440103	1.0	0.969349	0.220793	0.202365	0.237895	0.284217	0.353274
PMCH	0.000324	0.0	0.001106	0.001512	0.001025	0.000757	0.000551	0.001285	0.001459	0.002078	0.000905	0.000974
PNOC	0.125557	0.133544	0.020168	0.025873	0.029234	0.039078	0.12517	0.088691	0.080896	0.011315	0.012888	0.007851
PPBP	0.10351	0.111189	0.069648	0.063181	0.079697	0.080425	0.127639	0.11675	0.114433	0.083295	0.082333	0.113755
PPFIBP1	0.503566	0.51311	0.441502	0.162344	0.430298	0.487305	0.356609	0.288782	0.179563	0.604598	0.591	0.70817
PRF1	0.324098	0.32223	0.171149	0.181846	0.335536	0.678722	0.156938	0.030574	0.031981	0.053354	0.234855	0.075444
PRG2	0.006946	0.006975	0.006045	0.006458	0.008637	0.008052	0.012772	0.015135	0.011069	0.008344	0.00346	0.016843
PSG2	0.034834	0.049642	0.006414	0.001977	0.06371	0.05943	0.113403	0.140357	0.06772	0.009211	0.001045	0.0
PTGDR	0.115754	0.115091	0.064509	0.076367	0.122151	0.406257	0.068594	0.028226	0.0	0.034513	0.088861	0.019154
PTGER2	0.293303	0.319083	0.284631	0.306853	0.309797	0.471765	0.270528	0.407166	0.410443	0.215181	0.285823	0.344439
PTGIR	0.048893	0.068314	0.03975	0.031316	0.001617	0.019333	0.08053	0.113766	0.123956	0.035267	0.0	0.000412
PTPRCAP	0.644908	0.57278	0.722902	0.801722	0.80949	0.804707	0.351475	0.113533	0.127812	0.740073	0.807453	0.795881
PTPRG	0.11287	0.034367	0.746096	0.088892	0.075292	0.202568	0.298764	0.042724	0.033181	0.129849	0.531877	0.053286
PVRIG	0.553241	0.534726	0.602252	0.581711	0.846066	1.0	0.205804	0.084498	0.091234	0.573268	0.859265	0.583542
QPCT	0.518396	0.498923	0.060045	0.06036	0.110937	0.188583	1.0	0.878945	0.898475	0.017244	0.027308	0.040733
RAB27B	0.10497	0.053284	0.038429	0.099573	0.134742	0.048811	0.075994	0.089111	0.027853	0.101676	0.092553	0.095953
RALGPS2	0.061966	0.095418	0.0	0.007142	0.011558	0.024676	0.033235	0.037331	0.040223	0.01031	0.009517	0.036285
RASA3	0.529937	0.539136	0.81745	0.863059	0.720393	0.954415	0.373652	0.300751	0.291715	1.0	0.797998	0.798258
RASGRP2	0.521308	0.536293	0.752946	0.749859	0.630433	0.479099	0.528999	0.292952	0.293647	0.886684	0.662321	0.706467
RASGRP3	0.126659	0.132503	0.056819	0.063843	0.05398	0.044331	0.126256	0.069281	0.061796	0.056481	0.049446	0.058046
RASSF4	0.12718	0.123496	0.02971	0.031224	0.066782	0.170725	0.192425	0.303049	0.285586	0.0	0.009639	0.006812
RCAN3	0.421765	0.383993	0.817054	0.723642	0.591504	0.075893	0.277957	0.287485	0.334292	1.0	0.799233	0.951209
REN	0.039492	0.013227	0.0	0.02444	0.002635	0.022834	0.030719	0.001839	0.017939	0.100891	0.001403	0.002607
RENBP	0.546634	0.476112	0.213375	0.242619	0.23152	0.383116	0.819317	0.902632	1.0	0.206152	0.169164	0.194837
REPS2	0.174296	0.197125	0.015898	0.029331	0.082572	0.117008	1.0	0.269908	0.268267	0.018839	5.7e-05	0.047744
RGS1	0.325474	0.32224	0.450503	0.471157	0.439177	0.303657	0.303723	0.391601	0.397508	0.605665	0.494543	1.0
RGS13	0.0105	0.002631	0.003223	0.002401	0.012678	0.003487	0.01692	0.037073	0.022979	0.007742	0.009804	0.000172
RNASE2	0.414543	0.438027	0.028805	0.030464	0.069073	0.109292	0.569244	0.799537	0.793999	0.008383	0.001623	0.215253
RNASE6	0.375732	0.325978	0.04501	0.047672	0.067586	0.089124	0.501067	0.505357	0.495124	0.022423	0.021131	0.030313
RPL10L	0.0	0.046853	0.037813	0.085341	0.02145	0.136027	0.099993	0.068875	0.093902	0.12293	0.116645	0.112181
RRP12	0.36008	0.389683	0.197324	0.179973	0.245349	0.260703	1.0	0.901266	0.969615	0.154342	0.191871	0.189548
RRP9	0.200672	0.086565	0.17074	0.105346	0.204724	0.22646	0.172151	0.012292	0.182505	0.274339	0.185136	0.208538
RSAD2	0.009787	0.004246	0.0	0.010539	0.009526	0.010357	0.014469	0.011544	0.004645	0.007658	0.0095	0.002285
RYR1	0.108903	0.127486	0.118494	0.102598	0.152792	0.037213	0.13128	0.165919	0.184808	0.112744	0.158458	0.144713
S100A12	0.124786	0.174044	0.013651	0.016934	0.032239	0.056281	0.38436	0.375121	0.398298	0.003306	0.0	0.016669
S1PR5	0.387763	0.394674	0.191838	0.204939	0.491186	1.0	0.119013	0.032635	0.032647	0.064757	0.431984	0.080269
SAMSN1	0.170242	0.185735	0.083903	0.078603	0.053111	0.064784	0.230898	0.364815	0.382375	0.092929	0.045248	0.141254
SCN9A	0.199803	0.065786	0.2153	0.43481	0.375364	0.330993	0.197278	0.28635	0.194056	0.360971	0.464724	0.33448
SEC31B	0.083465	0.11104	0.183088	0.165099	0.164162	0.124998	0.11768	0.119048	0.018019	0.182255	0.200777	0.1578
SELL	0.544099	0.526784	0.611577	0.596281	0.508626	0.415482	0.637667	0.453636	0.460018	0.55296	0.467261	0.452479
SEPT5	0.447237	0.384049	0.332007	0.345892	0.332943	0.425428	0.644017	0.344139	0.363561	0.33296	0.304326	1.0
SEPT8	0.245797	0.205423	0.324077	0.150514	0.292746	0.052955	0.206363	0.245898	0.244217	0.166953	0.298991	0.283261
SERGEF	0.643161	0.663599	0.997282	1.0	0.813088	0.630224	0.462943	0.60161	0.489044	0.926572	0.865942	0.915999
SH2D1A	0.419954	0.443228	0.728053	0.674419	0.860374	1.0	0.162872	0.095738	0.099155	0.560684	0.961146	0.716813
SIGLEC1	0.001082	0.001676	7.5e-05	0.002617	0.000535	0.000873	0.0	0.009523	0.005914	0.001529	0.002956	0.00038
SIK1	0.270643	0.264754	0.148642	0.141483	0.260356	0.317687	0.240719	0.265663	0.265123	0.202561	0.308037	0.221341
SIRPG	0.139887	0.147926	0.445216	0.467782	0.290405	0.028651	0.066876	0.052242	0.026708	0.460576	0.344523	0.401032
SIT1	0.035181	0.039832	0.056015	0.058575	0.054268	0.01321	0.006875	0.015543	0.020422	0.063653	0.065525	0.068788
SKA1	0.29758	0.156868	0.385305	0.279082	0.387432	0.203137	0.293987	0.364039	0.170379	0.198058	0.274985	0.407158
SKAP1	0.521453	0.515842	0.783663	0.797001	0.741258	0.78099	0.200453	0.077328	0.077065	0.745635	0.773886	0.876235
SLAMF1	0.047657	0.051135	0.123975	0.112807	0.077245	0.007365	0.02159	0.017239	0.023202	0.13297	0.097188	0.168306
SLAMF8	0.007797	0.02008	0.00493	0.003687	0.032295	0.025344	0.015938	0.030679	0.039363	0.0	0.021793	0.022493
SLC12A1	0.534438	0.253891	0.757746	0.133477	0.118623	0.181056	0.248237	0.241207	0.352806	0.107741	0.381192	0.197616
SLC12A8	0.031786	0.124716	0.036502	0.078428	0.096557	0.183537	0.036202	0.034749	0.087729	0.019111	0.141564	0.039114
SLC15A3	0.639336	0.610035	0.066484	0.060998	0.173	0.242216	0.902422	0.989661	1.0	0.023678	0.025395	0.021984
SLC2A6	0.364811	0.324949	0.040369	0.043525	0.083378	0.115281	0.509654	0.707029	0.681526	0.021698	0.03962	0.02471
SLC7A10	0.004495	0.023394	0.044923	0.00092	0.022616	0.0	0.006482	0.049316	0.024781	0.022705	0.010236	0.069583
SLCO5A1	0.01087	0.02224	0.0	0.108856	0.018861	0.018919	0.036513	0.012247	0.068095	0.0412	0.00362	0.026814
SMPD3	0.015021	0.00142	0.004532	0.020563	0.000387	0.011279	0.004073	0.02624	0.008839	0.04687	0.001636	0.010066
SMPDL3B	0.083912	0.048968	0.331167	0.172328	0.447806	0.846038	0.449956	0.060497	0.718773	0.215887	0.144342	0.018782
SOCS1	0.175534	0.177543	0.299519	0.299366	0.294162	0.163513	0.122977	0.118642	0.091145	0.396636	0.407235	0.647066
SP140	0.345503	0.321409	0.419984	0.438098	0.33667	0.326962	0.256459	0.154907	0.143726	0.439136	0.353064	0.426246
SPAG4	0.009684	0.008448	0.011993	0.002944	0.003011	0.004805	0.008091	0.0	0.001515	0.032846	0.009197	0.023182
SPIB	0.030474	0.02776	0.021273	0.012866	0.003452	0.007427	0.034136	0.017891	0.026487	0.013803	0.00261	0.000585
SPOCK2	0.778622	0.746336	0.971207	0.930855	0.96318	0.778157	0.359845	0.22203	0.231327	0.959057	1.0	0.930855
SSX1	0.539727	0.254551	0.750023	0.432147	0.244923	0.376797	0.520975	0.388465	0.171836	0.112236	0.416562	0.263486
ST3GAL6	0.076496	0.09294	0.008901	0.003644	0.023823	0.016539	0.193903	0.180514	0.177781	0.0	0.004066	0.000582
ST6GALNAC4	0.142872	0.121587	0.12171	0.100805	0.154711	0.136084	0.144636	0.177178	0.152355	0.094592	0.162307	0.089269
ST8SIA1	0.04587	0.047415	0.111331	0.107879	0.064006	0.021692	0.040532	0.019245	0.03815	0.097399	0.051719	0.145275
STAP1	0.118619	0.130267	0.048615	0.046664	0.047249	0.076748	0.098539	0.066999	0.07163	0.043087	0.01723	0.02313
STEAP4	0.189613	0.230192	0.070246	0.015507	0.086996	0.048079	0.374065	0.384628	0.355509	0.014464	0.002014	0.024633
STXBP6	0.507688	0.494446	0.340746	0.25807	0.326321	0.298594	0.819624	1.0	0.858376	0.365456	0.276484	0.415963
TBX21	0.04083	0.066743	0.061364	0.051623	0.05184	0.043474	0.049881	0.046011	0.051719	0.078859	0.06114	0.048379
TCF7	0.065657	0.067474	0.172209	0.154712	0.124414	0.030317	0.025099	0.030167	0.023997	0.22066	0.164044	0.143358
TCL1A	0.107447	0.096221	0.01028	0.013579	0.012623	0.013593	0.12196	0.058047	0.053509	0.008257	0.004262	0.0
TEC	0.365214	0.229601	0.498913	0.343913	0.416769	0.347221	0.336681	0.231874	0.383146	0.364296	0.274524	0.281963
TEP1	0.37794	0.025164	0.137433	0.190185	0.136815	0.519229	0.390053	0.031876	0.09077	0.208936	0.145159	0.302862
TGM5	0.120984	0.125058	0.039637	0.0	0.069338	0.000216	0.134067	0.02949	0.065855	0.021357	0.054303	0.116128
TLR2	0.030836	0.033192	0.0	0.000674	0.006915	0.009136	0.052055	0.065807	0.070697	0.004415	0.001436	0.000643
TLR7	0.371507	0.352179	0.02422	0.059783	0.123	0.169709	0.50014	0.838059	0.812038	0.074272	0.000621	0.00138
TLR8	0.462784	0.467165	0.051373	0.042256	0.101511	0.157034	1.0	0.885388	0.890378	0.015962	0.005027	0.037018
TMEM156	0.987605	0.989151	0.87359	0.894322	0.645403	0.699473	0.828838	0.429613	0.406003	0.936414	0.673071	0.855021
TNFAIP6	0.026552	0.029	0.003376	0.005234	0.010478	0.012827	0.073291	0.090583	0.090537	0.004323	0.0	0.003744
TNFRSF10C	0.027259	0.020602	0.018517	0.029291	0.019786	0.022967	0.062373	0.03346	0.029868	0.028988	0.017381	0.026186
TNFRSF11A	0.002553	0.08889	0.070564	0.070751	0.042869	0.151356	0.103908	0.014051	0.036705	0.014576	0.050697	0.031289
TNFRSF13B	0.267895	0.257995	0.06945	0.085249	0.083547	0.10719	0.251212	0.138556	0.129312	0.089375	0.103111	0.0
TNFRSF17	0.076459	0.071061	0.040498	0.044353	0.05404	0.043193	0.071061	0.033308	0.036328	0.03773	0.061547	0.001361
TNFRSF4	0.164885	0.128421	0.496066	0.499443	0.100632	0.103789	0.11167	0.088153	0.081632	0.698437	0.09286	0.649455
TNFSF14	0.314266	0.297155	0.42258	0.367162	0.425817	0.418494	0.388296	0.237306	0.207817	0.491339	0.47565	0.355759
TNIP3	0.059827	0.01402	0.006192	0.005059	0.103365	0.003782	0.000961	0.017379	0.019036	0.004183	0.116909	0.0
TPSAB1	0.005293	0.005856	0.004672	0.005874	0.002362	0.003562	0.005282	0.002054	0.000814	0.005843	0.002986	0.015149
TRAF4	0.446081	0.358756	0.21954	0.211352	0.40188	0.369909	0.405759	0.294483	0.350275	0.344384	0.342835	0.437928
TRAT1	0.235022	0.284977	0.914908	0.898087	0.403412	0.066038	0.120251	0.09064	0.091694	0.828625	0.446678	0.953558
TREM1	0.077395	0.067123	0.008717	0.004315	0.022101	0.032515	0.273982	0.20565	0.185275	0.001198	0.0	0.000845
TREM2	0.013291	0.014327	0.012698	0.013958	0.009989	0.018632	0.020527	0.013419	0.028508	0.012154	0.013709	0.014363
TREML2	0.109631	0.107778	0.112076	0.007739	0.011045	0.03956	0.424945	0.132539	0.099915	0.0	0.019242	0.044543
TRIB2	0.106607	0.101193	0.264134	0.243207	0.10702	0.13359	0.058367	0.031622	0.041333	0.263703	0.126422	0.235011
TRPM4	0.405684	0.3951	0.004721	0.011463	0.022332	0.111286	0.551004	1.0	0.931094	0.002574	0.011195	0.003447
TRPM6	0.059927	0.105585	0.005152	0.018647	0.0018	0.015656	0.559581	0.003867	0.007133	0.029328	0.0	0.028257
TSHR	0.461437	0.52132	0.298027	0.070789	0.472775	0.268155	0.143323	0.274812	0.225199	0.226923	0.304668	0.432589
TTC38	0.339038	0.336779	0.12392	0.11948	0.402533	1.0	0.128798	0.071658	0.076545	0.045425	0.203155	0.048173
TXK	0.256862	0.282496	0.458897	0.447843	0.469552	0.743612	0.098002	0.032424	0.04788	0.44685	0.522978	0.240861
TYR	0.001941	0.001941	0.004861	0.0	0.005629	0.004709	0.001565	0.002878	0.002732	0.003133	0.01943	0.001147
UBASH3A	0.204028	0.204486	0.65054	0.696678	0.366129	0.033611	0.101257	0.066514	0.088617	0.569233	0.403406	0.592331
UGT1A8	0.009598	0.007586	0.019243	0.013971	0.004416	0.006872	0.003203	0.0	0.007573	0.010758	0.005337	0.012166
UGT2B17	0.295102	0.479876	0.091574	0.023515	0.051992	0.047104	0.329674	0.294419	0.433653	0.05402	0.147446	0.083717
UPK3A	0.350233	0.474413	0.03576	0.032657	0.118737	0.153972	0.702261	0.948012	1.0	0.274704	0.185398	0.192795
VILL	0.246379	0.225607	0.372968	0.360183	0.337768	0.312305	0.204879	0.220224	0.251025	0.379244	0.302603	0.357888
VNN1	0.099633	0.069129	0.029213	0.027373	0.032306	0.028353	0.244466	0.243636	0.210721	0.05928	0.041634	0.023052
VNN2	0.211437	0.205539	0.052902	0.053737	0.104462	0.133522	0.495485	0.276784	0.286883	0.042506	0.049087	0.020068
VNN3	0.179114	0.198355	0.031735	0.049323	0.085754	0.114159	1.0	0.589511	0.624727	0.006179	0.044169	0.029194
VPREB3	0.519343	0.484725	0.054631	0.052173	0.068608	0.08818	0.434915	0.181512	0.172296	0.028715	0.036188	0.0
WNT5B	0.189357	0.157752	0.017656	0.130196	0.132861	0.122383	0.218732	0.11908	0.247441	0.179265	0.124652	0.095871
WNT7A	0.258585	0.255811	0.649457	0.66977	0.294612	0.076823	0.20019	0.076892	0.132483	1.0	0.338439	0.860988
ZAP70	0.160992	0.143372	0.262124	0.274688	0.324959	0.485163	0.085277	0.029552	0.027515	0.299769	0.306083	0.24736
ZBP1	0.641159	0.568547	0.852307	0.787649	0.717367	1.0	0.723789	0.316404	0.296104	0.77794	0.746776	0.806898
ZBTB10	0.063018	0.111688	0.12034	0.084382	0.071294	0.068	0.021797	0.1166	0.058001	0.095643	0.108563	0.078017
ZBTB32	0.832329	0.927906	0.676411	0.684975	0.832164	0.4975	1.0	0.766354	0.776197	0.791466	0.959966	0.832342
ZFP36L2	0.602895	0.629809	0.803976	0.72209	0.818377	0.536536	0.323763	0.287575	0.292336	0.884889	1.0	0.813353
ZNF135	0.225668	0.083469	0.310514	0.53777	0.362549	0.860774	0.481377	0.074449	0.279577	0.035108	0.438467	0.06015
ZNF165	0.02619	0.030751	0.02346	0.025598	0.02322	0.025812	0.032888	0.022586	0.022224	0.032322	0.021536	0.033324
ZNF222	0.356725	0.137871	0.278767	0.313512	0.279829	0.32997	0.456437	0.251326	0.323067	0.237523	0.347271	0.32924
ZNF286A	0.126231	0.129722	0.192522	0.211002	0.21789	0.193267	0.020455	0.079283	0.059752	0.225861	0.238522	0.191644
ZNF324	0.595074	0.629409	0.672103	0.679514	0.772529	0.892841	0.625838	0.481422	0.485575	0.781096	1.0	0.753823
ZNF442	0.873193	0.863436	1.0	0.974134	0.919591	0.889657	0.58911	0.304628	0.234713	0.992454	0.916802	0.892917
