Gene	A	B	C	D	E	F	G	H	I	J	K	L
ABCB4	0.145516	0.167433	0.001444	0.007203	0.025201	0.017881	0.115143	0.012155	0.062253	0.000329	0.009026	0.001759
ACSS3	0.948001	0.777631	0.428202	0.461169	0.827461	0.815321	0.900911	0.680943	0.721286	0.630393	1.0	0.993147
ADAM23	0.177484	0.303349	0.514431	0.788456	0.0	0.001704	0.04525	0.300689	0.144577	0.500249	0.005073	1.0
ADAMTS1	0.40887	0.383776	0.361731	0.421023	0.617382	1.0	0.267821	0.329464	0.152089	0.018883	0.084936	0.432905
ADRA2B	0.995384	0.698115	0.869453	0.54101	0.684411	0.775091	0.809645	1.0	0.899654	0.851937	0.789127	0.775489
AIRE	0.793904	0.725726	0.967237	0.84635	0.894588	0.816379	0.643026	0.497477	0.431443	1.0	0.83767	0.823843
AK5	0.246499	0.241985	0.365343	0.297796	0.264856	0.195363	0.152465	0.122281	0.018945	0.445724	0.287925	0.182015
AKAP5	0.130629	0.320913	0.000345	0.131454	0.433932	0.072483	0.062353	0.456856	0.467502	0.389217	0.397311	0.038026
AKAP6	0.013912	0.0	1.9e-05	0.003023	0.001583	0.00593	0.0	0.014898	0.0	0.004126	0.000213	0.003691
AKR1C3	0.250737	0.252986	0.141424	0.146321	0.190318	1.0	0.124939	0.054636	0.056229	0.085472	0.052022	0.109386
AKR1E2	0.01463	0.0	0.003808	0.035272	0.163699	0.016831	0.289929	0.009328	0.232473	0.358971	0.042057	0.195944
ALDH1A1	0.551516	0.535992	0.133867	0.131547	0.186722	0.235816	0.548687	0.981769	1.0	0.072888	0.099082	0.143853
ALPL	0.174347	0.158483	0.066836	0.064574	0.092193	0.125222	1.0	0.035418	0.046078	0.0	0.020809	0.010575
ANKRD55	0.337605	0.390536	0.951347	1.0	0.001659	0.17526	0.543925	0.046347	0.012908	0.818897	0.001168	0.722011
ANXA3	0.001229	0.01226	0.052642	0.01185	0.027338	0.131932	0.278081	0.021293	0.0	0.001965	0.000677	0.175321
AQP3	0.149419	0.120494	0.29499	0.238201	0.167815	0.072554	0.083585	0.051538	0.046417	0.269516	0.168423	0.316844
ARG1	0.152787	0.405672	0.300641	0.410096	0.066971	0.012905	1.0	0.050762	0.0	0.339906	0.003774	0.713801
ARHGEF10L	0.436824	0.260911	0.540848	0.561598	0.534977	0.45383	0.467749	0.461969	0.48999	0.362185	0.63493	0.534795
ASGR1	0.507483	0.508782	0.074016	0.090366	0.14589	0.204953	0.676007	1.0	0.999683	0.000459	0.000102	0.050264
B3GALT2	0.398186	0.04282	1.0	0.915836	0.362386	0.037344	0.314902	0.104733	0.184906	0.078125	0.264006	0.228972
B3GNT7	0.017646	0.000705	0.03536	0.0	0.016223	0.153677	0.01076	0.006324	0.21779	0.002105	0.016636	0.001476
B4GALNT4	0.737617	0.714099	0.914837	0.907136	0.840484	1.0	0.882406	0.789783	0.750931	0.942625	0.960342	0.890198
BACE2	0.439069	0.38457	0.215184	0.213488	0.17132	0.274235	0.424791	0.271497	0.329724	0.085271	0.074731	0.065338
BANK1	0.072153	0.083314	0.021578	0.007094	0.042121	0.028913	0.077106	0.051259	0.050904	0.022618	0.017775	0.011161
BCL7A	0.407743	0.347477	0.221414	0.22711	0.267968	0.193557	0.422204	0.276357	0.235356	0.287981	0.090903	0.219449
BIRC7	0.531752	0.200556	0.101642	0.005322	0.0	0.742977	0.18102	1.0	0.018357	0.008074	0.043261	0.008728
BLK	0.229676	0.235537	0.091389	0.103849	0.142128	0.090404	0.248917	0.14551	0.149498	0.078768	0.129796	0.080564
BLNK	0.040272	0.036783	0.023478	0.038677	0.021652	0.045995	0.00222	0.046446	0.000669	0.033771	0.010635	0.05043
BMX	0.577598	0.116314	0.506537	0.532071	0.134822	0.182772	1.0	0.610615	0.222753	0.377179	0.016204	0.093535
BNC2	0.187227	0.533338	0.080659	0.279876	0.361833	1.0	0.209406	0.120229	0.19804	0.034284	0.005475	0.003499
BOK	0.595716	0.61137	0.480731	0.365694	0.528383	1.0	0.673665	0.630652	0.687833	0.369086	0.416263	0.335975
BTNL9	0.0	0.281186	0.0	0.0	0.0	0.0	0.006574	0.006773	0.00205	0.0	0.0	0.0
C12ORF74	0.095772	0.009264	1.0	0.764878	0.664162	0.357017	0.128085	0.332857	0.487895	0.989316	0.072189	0.180297
C1ORF186	0.088868	0.086213	0.124171	0.110062	0.029385	0.057902	0.142896	0.035862	0.116709	0.05537	0.005561	0.21677
C4ORF50	0.265982	0.697075	0.110895	0.817832	0.622545	0.782843	0.916604	0.62848	1.0	0.025036	0.304891	0.046164
CA6	0.05	0.410063	0.378808	0.54225	0.63027	0.087228	0.029861	0.070063	0.273899	0.061472	1.0	0.01927
CACHD1	0.010459	0.057518	0.131185	0.532618	0.214138	0.00471	0.010576	0.004052	0.009843	0.218181	1.0	0.002522
CACNA1E	0.415275	0.001315	0.051428	0.241713	0.006803	0.036147	0.528707	0.240334	0.268894	0.311836	0.161398	0.002806
CACNA1I	0.401042	0.35392	0.787255	0.786312	0.344871	0.151413	0.252032	0.193901	0.202046	1.0	0.429107	0.817542
CAMK4	0.145403	0.120481	0.24211	0.219155	0.192156	0.0	0.075661	0.008215	0.0201	0.261897	0.230819	0.242061
CAMP	0.177882	0.169808	0.086472	0.080954	0.117017	0.14992	0.985193	0.141404	0.142279	0.0	0.0	1.0
CAV1	0.716602	0.921459	0.743998	0.4149	1.0	0.729715	0.863351	0.589045	0.538908	0.64283	0.966556	0.559774
CBS	0.140562	0.470689	0.320412	0.410944	0.00371	0.398713	1.0	0.19553	0.290977	0.040206	0.002566	0.155639
CCL20	0.414273	0.461692	0.078137	0.08758	0.135305	0.193674	0.591025	0.945393	1.0	0.048389	0.064358	0.085812
CCL22	0.0	0.015972	0.0	0.0	0.0	0.0	0.0	0.404762	0.306418	0.570171	0.164392	0.0
CCL3	0.14407	0.147631	0.008857	0.009634	0.021641	0.045029	0.201213	0.789113	1.0	0.003136	0.002677	0.004537
CCL3L3	0.203088	0.202232	0.014618	0.015368	0.033471	0.086919	0.601686	0.808515	1.0	0.004183	0.004586	0.006522
CCL5	0.127303	0.114791	0.094134	0.086683	0.377528	1.0	0.024042	0.00985	0.010109	0.060077	0.355818	0.086199
CCR3	0.25918	0.26492	0.045146	0.123596	0.161153	0.193368	1.0	0.002962	0.012833	0.003892	0.0	0.306248
CCR4	0.132791	0.160508	0.242496	0.220599	0.130702	0.001413	0.015201	0.063539	0.010757	0.286791	0.157556	0.412299
CCR5	0.026974	0.156681	0.030167	0.093064	0.04871	0.007759	0.023464	0.049732	0.013446	0.129096	0.09376	0.001669
CCR8	0.110068	0.049132	0.242549	0.48723	0.218587	0.011069	1.0	0.388246	0.141816	0.046725	0.299364	0.059112
CD160	0.236195	0.23592	0.113685	0.125091	0.248636	1.0	0.119063	0.052787	0.043917	0.036514	0.160428	0.017262
CD163	0.538041	0.516722	0.12983	0.082805	0.207311	0.234127	0.599066	0.967469	1.0	0.013826	0.016397	0.02739
CD19	0.638759	0.606203	0.128904	0.139505	0.16561	0.204773	0.594336	0.326824	0.302793	0.064783	0.10851	9.1e-05
CD1C	0.188762	0.162387	0.068828	0.080899	0.08106	0.098079	0.197309	0.234292	0.2365	0.027526	0.034613	0.039056
CD200	0.211141	0.142904	0.262207	0.088281	0.270338	0.195503	0.152225	0.176561	0.159852	0.048495	0.260181	0.132441
CD24	0.44336	0.440241	0.132433	0.114856	0.157094	0.167675	0.501958	0.232813	0.237034	0.088939	0.127982	0.586297
CD300E	0.031085	0.055285	0.002832	0.016005	0.019423	0.026182	0.037367	0.069914	0.062193	0.006134	0.001843	0.025695
CD34	0.612688	0.607204	0.643508	0.621439	0.549939	0.566272	0.567376	0.467773	0.458663	0.576322	0.536951	1.0
CD36	0.24528	0.275024	0.040989	0.038413	0.076894	0.112957	0.298263	0.528994	0.607048	1.9e-05	2.4e-05	0.029783
CD3D	0.322284	0.30982	0.901836	0.968188	0.84917	0.049131	0.097689	0.061637	0.059713	0.865034	1.0	0.927371
CD40LG	0.362145	0.359806	0.81162	0.897497	0.278697	0.06236	0.214872	0.208949	0.17942	0.759177	0.294549	1.0
CD5	0.314389	0.324992	0.778184	0.763149	0.527875	0.05927	0.193688	0.134954	0.139857	0.848085	0.621702	1.0
CD70	0.7748	0.70169	0.73546	0.776445	0.753132	0.521386	0.643642	0.600694	0.699301	0.679972	0.84986	1.0
CD79A	0.968765	1.0	0.13922	0.138099	0.206632	0.183674	0.847528	0.300814	0.349808	0.103296	0.155262	0.039632
CD8A	0.134389	0.137262	0.075987	0.081973	0.851508	0.1004	0.033752	0.022996	0.02406	0.005094	1.0	0.008274
CD8B	0.099204	0.095401	0.079063	0.068413	0.339858	0.019688	0.037172	0.029802	0.031972	0.007334	0.419475	0.00937
CDH2	0.036543	0.61716	0.573479	0.00084	0.223608	0.047653	1.0	0.206301	0.010195	0.0	0.56794	0.002682
CFH	0.646996	0.591832	0.785547	0.75621	0.81258	0.566394	0.568077	0.68789	0.615564	0.868789	1.0	0.87666
CHL1	0.232131	0.642291	0.091966	0.143189	0.245288	1.0	0.709908	0.063169	0.13191	0.028675	0.286177	0.53678
CHN1	0.461913	0.436364	0.800199	0.809121	0.477212	0.134822	0.099998	0.0	0.016332	0.884666	0.598196	1.0
CHSY3	0.004424	0.062038	0.423163	0.0	0.058479	1.0	0.00229	0.001645	0.001545	0.005313	0.000746	0.021295
CLDN9	0.293998	0.704455	0.939318	0.307949	1.0	0.21867	0.739376	0.872929	0.620553	0.78589	0.226203	0.08228
CLEC10A	0.485983	0.582577	0.358259	0.067882	0.335092	0.392058	0.483654	0.772605	0.775761	0.227658	0.288318	0.297501
CLECL1	0.461958	0.453775	0.27544	0.276807	0.261424	0.256676	0.468972	0.420415	0.376698	0.297459	0.308265	0.390985
CLIC3	0.248055	0.219664	0.11822	0.119961	0.2336	1.0	0.137297	0.047066	0.045019	0.051875	0.11831	0.055458
CMTM2	0.10125	0.106884	0.030846	0.033978	0.057948	0.078023	0.725007	0.071087	0.070542	0.0	0.000372	0.000706
CNTNAP2	1.0	0.997417	0.277058	0.275549	0.286919	0.408113	0.939213	0.580739	0.612327	0.201097	0.072521	0.001216
CNTNAP3	0.064711	0.039132	0.010605	0.01373	0.059872	0.02736	0.205373	0.01564	0.030518	0.063842	0.020518	0.034704
COBLL1	0.344076	0.356632	0.126311	0.109309	0.157986	0.177905	0.356206	0.234193	0.242284	0.116016	0.128359	0.010099
COL19A1	0.000529	0.054361	0.017308	0.024196	0.000129	0.110574	0.026459	0.012276	0.06084	0.006203	0.005668	0.047454
COL4A3	0.001064	3.5e-05	0.00087	0.001141	0.020252	0.00061	0.00567	0.006121	0.049331	0.156028	0.052723	0.095766
COL4A4	0.0	0.015333	0.0	0.011536	0.0	0.001603	0.0	0.006329	0.000449	0.0	0.0	0.0
COL5A3	0.009336	0.030635	1.0	0.4556	0.176227	0.030206	0.042225	0.112497	0.07365	0.222975	0.233033	0.792207
COL6A2	0.306018	0.305899	0.29076	0.337405	0.520227	0.471135	0.243952	0.045946	0.107582	0.337434	0.597399	0.26569
CORO2B	0.987316	1.0	0.291458	0.009749	0.026803	0.289921	0.672483	0.273931	0.42166	0.032078	0.132412	0.008168
CPA5	0.55251	0.508545	0.730816	0.791454	0.942755	0.062031	0.389203	0.428078	0.334521	0.752098	1.0	0.744173
CPNE5	0.335101	0.354524	0.009482	0.006773	0.065295	0.013593	0.30866	0.033217	0.243772	0.000879	0.0	1.3e-05
CPNE7	0.539874	0.347182	0.111656	0.709694	0.723783	0.006199	0.132561	0.570778	0.513333	0.503543	0.373128	1.0
CPVL	0.304106	0.31417	0.034912	0.03592	0.07356	0.11149	0.458255	0.930878	1.0	0.007374	0.005471	0.056152
CRTAM	0.010292	0.303953	0.069924	0.001283	0.495632	0.25982	0.049684	0.214141	0.228672	0.060516	0.111936	0.118814
CSF3R	0.029409	0.027782	0.004895	0.004328	0.009293	0.012619	0.176936	0.050892	0.050246	5.2e-05	8.8e-05	0.002958
CTAG2	0.366491	0.092474	0.938708	0.507666	0.201385	1.0	0.07615	0.317087	0.524335	0.656414	0.05482	0.12554
CTGF	0.915894	0.724768	0.772161	0.843882	0.56645	0.729033	0.9934	0.926897	1.0	0.437829	0.823196	0.813098
CTLA4	0.282841	0.293879	0.719038	0.756693	0.278382	0.120422	0.18354	0.127115	0.12859	0.775835	0.277734	1.0
CXCL10	0.464747	0.476964	0.086844	0.070419	0.195606	0.251343	0.69538	1.0	0.960179	0.040812	0.037608	0.098176
CXCL2	0.438037	0.476055	0.119465	0.113876	0.14995	0.250487	0.683886	0.963758	0.909976	0.049447	0.049765	0.04474
CXCR1	0.037298	0.039629	0.021353	0.023947	0.027873	0.041557	0.168463	0.016807	0.014422	0.016452	0.016116	0.005237
CXCR3	0.485055	0.471877	0.768457	0.741067	0.667009	0.446069	0.362806	0.12773	0.278678	0.72629	0.81686	1.0
CXCR6	0.472113	0.52461	0.658038	0.710042	0.973254	0.29427	0.123918	0.001977	0.004769	0.502876	1.0	0.71257
CYP1B1	0.501767	0.482465	0.082874	0.030482	0.193192	0.272513	0.648865	0.957598	1.0	0.063425	0.001432	0.107741
CYP26B1	0.755231	0.347886	0.704042	1.0	0.340592	0.866147	0.022622	0.277734	0.623658	0.175521	0.327858	0.694219
CYP4F22	0.665348	0.682597	0.354177	0.551063	0.824108	0.685398	0.80066	1.0	0.963028	0.397516	0.846059	0.618315
CYP4F3	0.111365	0.114326	0.063706	0.048378	0.077284	0.108081	0.569731	0.003699	0.036819	0.001835	0.02392	0.042991
DAB1	0.0	0.0	0.0	0.00583	0.0	0.000633	0.043075	0.012153	0.0	0.0	0.0	0.0
DACT1	0.294277	0.388145	0.623714	0.659253	0.020465	0.0	0.143111	0.085486	0.23033	0.610569	0.165412	0.132101
DBNDD1	1.0	0.898073	0.685109	0.736038	0.48818	0.440903	0.988001	0.652726	0.641549	0.792808	0.439624	0.577639
DCLK2	0.0	0.209925	0.0	0.036003	0.0	0.030155	0.199814	0.0	0.173576	0.0	0.248398	1.0
DDO	0.758674	0.407354	0.077676	0.697949	0.341232	0.362829	0.282088	0.518478	1.0	0.211269	0.016252	0.365877
DENND5B	0.509236	0.507917	0.082974	0.044496	0.008049	0.097331	0.486566	0.154014	0.217306	0.0	0.02961	0.002597
DGKK	0.0	0.286138	0.008751	0.074144	0.0	0.0	0.0	0.0	0.066527	0.064447	0.017915	0.0
DKK3	0.360422	0.295586	0.293742	0.23813	0.78741	0.027227	0.022951	0.043471	0.005028	0.206941	1.0	0.158372
DLGAP1	0.036579	0.043482	0.02147	1.0	0.038738	0.112142	0.585207	0.068772	0.089953	0.040736	0.238972	0.900077
DNAJC5B	0.012605	0.070893	0.052724	0.287973	0.010688	0.320358	0.575804	0.026029	0.552106	0.028626	0.023756	0.149447
DPP4	0.169161	0.185453	0.287504	0.306128	0.268399	0.068594	0.095245	0.027614	0.0771	0.196561	0.317558	0.279304
DSC1	0.517541	0.568643	0.82763	0.809204	0.903517	0.228856	0.310728	0.215346	0.242403	0.832507	1.0	0.315812
DSP	0.573049	1.0	0.856256	0.541511	0.760597	0.747311	0.785358	0.371698	0.508552	0.163859	0.640036	0.071791
DUSP4	0.069338	0.053273	0.358011	0.218673	0.092361	0.001178	0.0	0.025224	0.051148	0.827956	0.266136	1.0
EBF1	0.847733	0.906748	0.032073	0.034028	0.080198	0.125529	0.654857	0.472858	0.491703	0.009737	0.082582	0.013313
EBI3	0.492388	0.513172	0.118964	0.018247	0.908855	0.539316	0.8947	1.0	0.770362	0.005634	0.027147	0.091878
ECSCR	0.663448	0.785148	0.664894	0.615477	0.293591	0.799246	0.573057	0.364345	1.0	0.552489	0.721268	0.861622
EDAR	0.531045	0.583806	1.0	0.938771	0.689893	0.302589	0.435782	0.261668	0.237395	0.951612	0.662466	0.614077
EDARADD	0.679629	0.755077	0.886251	0.872776	1.0	0.839561	0.694921	0.663265	0.726703	0.952468	0.960862	0.920908
ELOVL4	0.497081	0.464962	0.761541	0.754926	0.864837	0.243429	0.315663	0.277334	0.351824	0.72725	1.0	0.718415
ENAH	1.0	0.854422	0.020373	0.133775	0.214415	0.016322	0.0158	0.083737	0.094992	0.006836	0.0	0.006809
EPB41L3	0.488533	0.502598	0.070046	0.092535	0.215326	0.285968	0.612369	0.896357	1.0	0.0	0.032025	0.002749
EPHB1	0.020281	0.026486	0.021335	0.009968	0.012509	0.011812	0.072969	0.012361	0.014679	0.010847	0.027636	0.021936
EPHX2	0.477449	0.438736	0.904391	0.923779	0.631602	0.218711	0.281352	0.202513	0.18477	1.0	0.779087	0.666611
EREG	0.229492	0.240415	0.112128	0.131172	0.150512	0.162866	0.308047	0.462025	0.47707	0.04249	0.052386	0.012356
ESPN	0.15522	0.029529	0.505143	0.287057	0.126639	0.167983	0.019398	0.26029	0.036458	1.0	0.344997	0.737748
ESPNL	0.741477	0.50082	0.579575	0.134297	0.563863	0.783037	1.0	0.585118	0.021445	0.634999	0.633159	0.218184
ESR2	0.412353	0.178487	0.264762	1.0	0.633857	0.07176	0.733046	0.330087	0.22338	0.329262	0.42711	0.097496
FAM111B	0.057303	0.014223	0.003472	0.0	0.000417	0.010894	0.002827	0.037929	0.001198	0.004988	0.059592	0.012461
FAM129C	0.084341	0.084319	0.021974	0.020829	0.041116	0.034576	0.084657	0.058879	0.064711	0.027741	0.015128	0.025201
FAM153A	0.12722	0.038155	0.175312	0.104276	0.062274	0.027581	0.102086	0.031716	0.003756	0.017598	0.133358	0.12226
FAM177B	0.317936	0.519886	0.1638	0.224093	0.086208	0.362949	0.427167	0.086677	0.22334	0.011202	0.428479	0.0667
FAM184A	0.559691	0.58341	0.951616	0.828898	0.651889	0.124063	0.274343	0.377526	0.504076	1.0	0.672705	0.860884
FAM30A	0.230604	0.233485	0.131851	0.154071	0.150658	0.150122	0.257437	0.162818	0.150559	0.153363	0.139503	0.138076
FAM69B	0.989678	0.994895	0.391422	0.348295	0.429367	0.466419	1.0	0.662368	0.677542	0.403746	0.100635	0.548047
FASLG	0.452051	0.44541	0.250873	0.320491	0.47907	1.0	0.212512	0.054797	0.016208	0.192564	0.326021	0.164184
FAT4	0.431151	0.83148	0.34823	0.859081	0.235293	0.587498	0.717427	1.0	0.523132	0.42123	0.821261	0.696411
FBLN2	0.474715	0.497907	0.327983	0.445631	0.89883	0.439955	0.431898	0.323102	0.311275	0.186026	1.0	0.23237
FBLN7	0.391521	0.387572	0.86684	0.849216	0.173618	0.000697	0.212427	0.197402	0.155744	1.0	0.04667	0.985582
FCER2	0.201411	0.185649	0.044542	0.057446	0.061822	0.072142	0.189941	0.105997	0.117979	0.041824	0.040605	0.000202
FCGR3B	0.014213	0.01424	0.004718	0.00439	0.007296	0.009874	0.111428	0.004064	0.003546	0.001561	0.001993	0.001082
FCN1	0.017384	0.014532	0.00066	0.000647	0.002035	0.004322	0.062343	0.939222	1.0	5.5e-05	5.8e-05	0.00029
FCRL1	0.00816	0.008401	0.004385	0.000353	0.005225	0.000322	0.008927	0.003804	0.004114	0.0	0.003184	0.00438
FCRL2	0.160146	0.157562	0.069837	0.049323	0.057938	0.079087	0.163779	0.117523	0.105857	0.044676	0.052172	0.015406
FCRL5	0.179017	0.181443	0.049638	0.099001	0.119286	0.119119	0.17733	0.159276	0.142492	0.075461	0.072774	0.048378
FCRLA	0.561162	0.501288	0.094905	0.107739	0.120437	0.14182	0.41222	0.246705	0.231646	0.07493	0.071028	0.00496
FEZ1	0.358329	0.361641	0.203133	0.216383	0.374999	1.0	0.187782	0.090911	0.0841	0.046666	0.283885	0.045184
FGFBP2	0.151993	0.156195	0.061866	0.060083	0.202407	1.0	0.039034	0.014507	0.013642	0.022844	0.111325	0.03526
FGFR2	0.050567	0.0	0.188209	0.035411	0.361743	0.015622	0.011647	0.0	0.0	0.0	0.075326	0.0
FHIT	0.203983	0.195779	0.370797	0.388715	0.195736	0.113119	0.164993	0.133835	0.11769	0.426215	0.225329	0.235384
FLT4	0.043872	0.108613	0.898992	0.138793	0.52803	0.850871	0.220857	0.501644	0.171657	1.0	0.386609	0.070693
FMN1	0.614316	0.203439	0.211608	0.264103	0.150818	0.0116	0.44617	0.12884	0.068709	0.140667	0.0116	0.331031
FN1	0.010864	0.208867	0.338152	0.343029	0.396953	0.003911	0.0	0.890755	0.49655	1.0	0.021993	0.714406
FPR3	0.26889	0.122244	0.016373	0.0	0.067659	0.0119	0.453256	1.0	0.826175	0.0	0.004902	0.0
FXYD2	0.839907	0.890714	0.686974	0.957426	0.934222	0.652189	0.848112	0.72153	0.756502	1.0	0.918799	0.658108
FXYD6	0.550739	0.529104	0.002149	0.00891	0.110734	0.279576	0.694714	1.0	0.99045	0.005255	0.0	0.0
GALNTL6	0.836523	0.87314	0.617253	0.006068	0.086534	0.027535	0.006174	0.098335	0.584426	0.361798	0.012928	0.009568
GDF7	0.001306	0.049872	0.221345	1.0	0.377683	0.407718	0.51759	0.131041	0.259779	0.03538	0.814194	0.43308
GFPT2	0.054995	0.138826	0.001912	0.003421	0.326516	0.069464	0.0	0.003213	0.0	0.015661	1.0	0.093172
GLP1R	0.019936	0.0	0.0	0.0	0.0	0.689925	0.0	0.0	0.44397	0.0	0.616642	0.01029
GNAT2	0.044502	0.521036	0.032651	0.011921	0.0	0.017944	0.363649	0.187868	0.181939	0.0	0.066084	0.674612
GNG12	1.0	0.023665	0.0	0.627941	0.0	0.024649	0.0	0.0	0.365365	0.197806	0.116729	0.20596
GNLY	0.023555	0.030816	0.007971	0.008049	0.024843	1.0	0.00693	0.000824	0.000909	0.002154	0.01353	0.00365
GPM6A	0.332092	0.18397	0.259988	0.30316	0.269656	0.265825	0.233568	0.173195	0.357887	0.238862	0.191209	0.071326
GPR15	0.234138	0.115517	0.057962	0.174674	0.214965	0.311866	0.008247	0.085528	0.095722	0.308472	0.326213	0.388931
GPRC5B	0.364164	0.339984	0.457716	0.771517	0.508449	0.493842	0.545199	0.171406	1.0	0.74481	0.707462	0.757032
GREM2	0.090781	0.266493	0.077191	1.0	0.070201	0.075318	0.298902	0.216473	0.049889	0.402821	0.056001	0.287474
GRIK4	0.0	0.0	0.0	0.0	0.0	0.012033	0.034115	0.0	0.007803	0.049574	0.003288	0.005499
GSDMA	0.199049	0.905181	0.835836	0.750505	0.315023	0.298133	0.295984	0.253141	0.741688	1.0	0.860985	0.188344
GZMB	0.180043	0.182231	0.060592	0.064322	0.219637	1.0	0.053992	0.013983	0.014022	0.01611	0.108697	0.022223
GZMK	0.196831	0.187515	0.273333	0.275695	0.912687	0.137661	0.065874	0.040043	0.044477	0.253209	1.0	0.316061
HBG2	0.361435	0.348214	0.338987	0.361501	0.785551	0.595767	0.250672	0.2287	0.182845	0.342002	1.0	0.054095
HBQ1	0.497339	0.421601	0.289025	0.302588	0.43865	1.0	0.290375	0.099055	0.098039	0.162524	0.361681	0.015561
HEY1	0.443691	0.217105	5.4e-05	0.027853	0.100129	0.179029	1.0	0.539023	0.148388	0.084286	0.012196	0.067838
HIST1H1T	0.00012	0.027736	0.0	0.0	0.000296	0.0	0.0	0.0	0.002824	0.0	0.00385	0.050859
HLF	0.742515	0.471365	0.955489	1.0	0.408585	0.567197	0.56275	0.489686	0.495142	0.787371	0.416756	0.960179
HNMT	0.527129	0.545831	0.135104	0.128632	0.191204	0.266165	0.728153	0.975988	1.0	0.048534	0.059045	0.087867
HPCAL4	0.474174	0.517494	0.859681	0.932758	0.589799	0.275413	0.210817	0.268751	0.326379	1.0	0.62978	0.956701
HRH4	0.106754	0.088128	0.010321	0.140808	0.011102	0.029622	0.021641	0.896488	1.0	0.032965	0.080568	0.494971
HSD11B1	0.469404	0.023346	0.237033	1.0	0.298695	0.125794	0.002343	0.189905	0.133476	0.016948	0.01982	0.591464
IGFBP3	0.503712	0.491727	0.734889	0.781501	0.717423	0.223694	0.386353	0.376804	0.210489	0.786114	0.760462	1.0
IGFBP6	0.363058	0.225857	0.485407	0.086241	0.960158	0.146234	0.681603	0.797901	0.476675	0.153107	1.0	0.035781
IL1A	0.450394	0.510363	0.073549	0.122632	0.17357	0.25547	0.656592	1.0	0.985012	0.004409	0.000236	0.04256
IL1B	0.023889	0.021291	0.001101	0.001092	0.003706	0.007621	0.036728	1.0	0.259081	0.000125	8.6e-05	0.000476
IL1R2	0.113921	0.116155	0.056624	0.063042	0.087882	0.109146	0.344192	0.123807	0.121635	0.031249	0.080408	0.038916
IL6ST	0.0	0.003391	0.007735	0.012896	0.007955	0.000156	5.9e-05	0.000143	0.002379	0.009256	0.011693	0.006746
INHBB	0.804628	0.198618	1.0	0.430517	0.712692	0.854706	0.737022	0.502147	0.617617	0.742789	0.264572	0.62516
ISM1	0.730746	0.591089	0.953145	0.41814	0.848876	0.474993	0.695135	0.222709	0.724272	1.0	0.485771	0.745036
JAKMIP1	0.29287	0.035725	0.079938	0.270559	0.007667	0.0	0.096547	0.135653	0.002298	0.002909	0.107771	0.085057
KCNG1	0.489687	0.45918	0.253746	0.256994	0.319477	0.162398	0.434723	0.360148	0.331303	0.184464	0.283751	0.241394
KCNH8	0.356039	0.535639	0.208623	0.349359	0.080112	0.238116	0.606458	0.536276	0.244163	0.368695	0.203649	0.133383
KCNJ15	0.087282	0.06872	0.025191	0.04416	0.05213	0.070898	0.226636	0.061947	0.041871	0.059976	0.028638	0.02947
KHDRBS2	0.305426	0.086095	0.304133	0.122927	0.002677	0.101921	0.216526	0.345745	0.103507	0.146097	0.018738	0.31174
KIAA1257	0.40477	0.301426	0.108042	0.442371	0.227834	0.50915	0.125126	0.498715	0.114249	0.430911	0.456373	0.578027
KIAA1671	0.471739	0.480405	0.489077	0.509627	0.876097	0.707103	0.454744	0.374259	0.407746	0.512002	1.0	0.524175
KIR2DL1	0.342971	0.342261	0.200633	0.205344	0.37787	1.0	0.185053	0.08876	0.122602	0.109282	0.294644	0.108449
KIR2DL3	0.17559	0.168524	0.078153	0.075825	0.181124	1.0	0.055029	0.025295	0.026289	0.02187	0.095357	0.024816
KIR2DL4	0.25548	0.259995	0.118573	0.121243	0.263619	1.0	0.087441	0.053095	0.051344	0.037364	0.148467	0.043463
KIR2DS4	0.632929	0.552774	0.357868	0.262451	0.580335	1.0	0.128946	0.218174	0.008415	0.018725	0.072105	0.150949
KIR3DL1	0.291783	0.280851	0.139257	0.146471	0.290543	1.0	0.151897	0.091314	0.077828	0.035926	0.156114	0.042231
KIR3DL2	0.362776	0.346856	0.247218	0.215966	0.38799	1.0	0.183652	0.167487	0.148542	0.170916	0.28457	0.141636
KIR3DX1	0.329098	0.0	0.019415	0.079491	0.127518	0.008979	0.143399	1.0	0.031214	0.013541	0.63057	0.140721
KLHL14	0.648705	0.638874	0.155786	0.342741	0.070619	0.180847	0.538928	0.46528	0.417665	0.012183	0.229106	0.003242
KLRC1	0.198282	0.193649	0.167611	0.141259	0.219365	0.385487	0.133429	0.07928	0.106896	0.069554	0.20089	0.074291
KLRC2	0.254188	0.266966	0.035622	0.063167	0.459663	0.482311	0.050178	0.000707	0.003074	0.003386	0.506174	0.004239
KLRC3	0.528519	0.501284	0.35319	0.356357	0.846533	1.0	0.204935	0.248079	0.181624	0.058371	0.965368	0.018769
KLRF1	0.171688	0.167734	0.087996	0.096256	0.203704	1.0	0.096238	0.038752	0.043626	0.041101	0.119164	0.036905
KLRG1	0.253917	0.26686	0.296296	0.299564	0.583168	0.311994	0.128337	0.097773	0.103229	0.221936	0.632291	0.270407
KRT1	0.378336	0.390387	0.773783	0.686123	0.547052	0.191508	0.05776	0.09029	0.02639	0.823808	0.583778	1.0
KRT23	0.077385	0.091644	0.009206	0.015083	0.066348	0.018794	0.301939	0.006037	0.048124	0.016543	0.003555	0.003857
KRT72	0.396415	0.374317	0.359694	0.359652	0.418269	1.0	0.235391	0.03307	0.015902	0.338592	0.306746	0.165202
KRT73	0.506723	0.475055	0.528863	0.559862	0.583377	1.0	0.329107	0.185032	0.201419	0.576508	0.569567	0.326312
LAG3	0.358994	0.334214	0.445174	0.477566	0.865906	0.161924	0.207	0.109668	0.097031	0.436513	1.0	0.538885
LAMC3	0.525429	0.584298	0.812805	0.951255	0.70107	0.007772	0.113171	0.465781	0.130821	1.0	0.705969	0.349845
LCN2	0.145383	0.145598	0.059813	0.071131	0.122859	0.137969	0.60891	0.053605	0.033134	0.015921	0.046296	1.0
LDB2	0.519998	0.441903	0.473007	0.455348	0.487877	1.0	0.422119	0.329489	0.163045	0.203327	0.378638	0.364986
LDLRAD3	0.007917	0.063504	0.0	0.0	0.028874	0.010726	0.006604	0.590073	1.0	0.0	0.0	0.000514
LEF1	0.162626	0.166822	0.478447	0.417561	0.31596	0.036904	0.071387	0.052062	0.050681	0.447674	0.358627	0.296354
LGALS2	0.551416	0.517243	0.11719	0.114868	0.171836	0.224258	0.722998	0.973154	1.0	0.056137	0.041341	0.109477
LGALS9B	0.721615	0.658208	0.457925	0.375597	0.398449	0.672946	0.718636	0.989805	1.0	0.247786	0.417236	0.411465
LILRA4	0.614845	0.498549	0.203616	0.152182	0.530185	0.520257	0.672352	0.705448	0.575105	0.795669	0.061738	0.233207
LIM2	0.016076	0.018885	0.0	0.006039	0.001941	1.0	0.0	0.009461	0.000575	0.000858	0.007223	0.0
LINGO2	0.3681	0.218777	0.114631	0.000197	0.185401	1.0	0.008239	0.005872	0.0	0.000601	0.0006	0.002522
LMF1	0.573205	0.43872	0.58764	0.840921	0.688551	0.677189	0.119846	0.54168	0.417449	0.889213	0.726813	1.0
LOC541472	0.758828	0.743522	0.595071	0.702501	0.763683	0.691901	0.535292	1.0	0.995206	0.578502	0.673532	0.792084
LOC730102	0.249966	0.42511	0.007869	0.083637	0.068506	0.809036	0.170453	1.0	0.612353	0.206863	0.004898	0.032083
LPAR3	0.394313	0.588893	0.406294	0.505001	0.200118	0.530185	1.0	0.920974	0.726237	0.795368	0.517439	0.73638
LRIG3	0.025514	0.179369	0.0	0.0	0.211991	1.0	0.260245	0.052526	0.0	0.070079	0.0	0.929451
LRP1	0.222982	0.207167	0.033362	0.0	0.072329	0.131509	0.246967	0.40598	0.413465	0.001089	0.009889	0.044432
LRRC4	0.002774	0.001788	0.0	0.001658	0.0	0.041028	0.006849	3.3e-05	0.021488	0.013925	0.001562	0.0376
LRRC43	0.363082	0.20068	0.21078	0.176363	0.377359	1.0	0.285005	0.035095	0.396585	0.30363	0.046293	0.272574
LRRC7	0.033626	1.0	0.424853	0.013736	0.004957	0.208627	0.345834	0.020879	0.305926	0.039695	0.055349	0.086912
LRRN3	0.449099	0.459172	0.768677	0.691124	0.981563	0.105285	0.267894	0.20729	0.184584	0.649026	1.0	0.280974
LTF	0.336805	0.348171	0.311519	0.218745	0.24186	0.283458	0.55809	0.242903	0.276861	0.324241	0.296694	1.0
LYZ	0.218214	0.050926	0.001302	0.000954	0.003085	0.007999	1.0	0.676035	1.0	7.9e-05	5.9e-05	0.000902
MACROD2	0.098089	0.244813	0.328956	0.225257	0.039278	0.240702	0.177571	0.216465	0.011697	0.37578	0.095609	0.007289
MAF	0.425563	0.416575	0.703556	0.709644	0.533184	0.593104	0.254497	0.231974	0.223445	0.723352	0.556206	1.0
MAL	0.294263	0.244998	0.985211	0.929084	0.399821	0.031439	0.100274	0.061137	0.0596	1.0	0.477204	0.771385
MANSC1	0.379426	0.381288	0.083225	0.105344	0.115827	0.232972	0.898003	0.265262	0.225665	0.287594	0.025911	0.214308
MCOLN3	0.536944	0.475819	0.782049	0.982299	0.101021	0.127638	0.372346	0.055385	0.450581	1.0	0.282629	0.96481
ME1	0.045849	0.523609	0.710873	0.224442	0.86396	0.031734	0.157544	0.705881	0.629888	0.338263	1.0	0.120005
MEOX1	0.541799	0.628777	0.731044	0.918391	0.088357	0.220532	0.407005	0.12422	0.218241	0.697542	0.159046	1.0
MGAM	0.068419	0.071465	0.021737	0.034235	0.052452	0.091996	0.172311	0.033276	0.055061	0.053599	0.019618	0.012079
MITF	0.727983	0.772788	0.529151	0.08139	0.27272	0.48748	0.710744	0.939527	1.0	0.005969	0.419534	0.066917
MLC1	0.264156	0.264475	0.145614	0.124975	0.242537	0.466851	0.154021	0.140089	0.120386	0.07451	0.087607	0.052642
MME	0.061962	0.065632	0.013549	0.016515	0.03898	0.04809	0.299913	0.001456	0.005295	1.3e-05	0.001716	3.1e-05
MMP1	0.03286	0.162783	0.0	0.004878	0.364547	0.974921	0.434672	0.991968	1.0	0.006717	0.112913	0.098933
MMP25	0.042448	0.046428	0.019563	0.018843	0.028026	0.032793	0.301228	0.036212	0.038513	0.013867	0.015048	0.021474
MMP28	0.671177	0.702748	0.870952	0.884289	0.796063	0.514799	0.256157	0.462069	0.512413	1.0	0.964803	0.631733
MMP9	0.214647	0.223335	0.099523	0.093734	0.134907	0.196471	1.0	0.204333	0.214938	0.098441	0.083459	0.159013
MOXD1	0.271952	0.175792	0.000362	0.027042	0.0	0.008101	1.0	0.007275	0.1456	0.00204	0.0	0.0
MS4A1	0.013199	0.021897	0.004801	0.007096	0.004657	0.011414	0.020897	0.014247	0.008317	0.01196	0.002118	0.008512
MS4A3	0.263493	0.227505	0.254051	0.258854	0.128201	0.180184	0.605688	0.231053	0.211677	0.235659	0.150934	1.0
MS4A4A	0.0	0.13155	0.111883	0.0	0.008969	0.257498	0.2841	0.422884	0.550561	0.0	0.0	0.000161
MS4A6A	0.302546	0.280837	0.032346	0.030757	0.064049	0.106654	0.425057	0.936391	1.0	0.005527	0.000405	0.01997
MT1E	0.523538	0.537502	0.781143	0.782361	0.909697	0.361821	0.457654	0.446401	0.390084	0.827943	1.0	0.818347
MTMR11	0.50469	0.474757	0.089693	0.114433	0.170845	0.230105	0.651736	0.978488	1.0	0.035838	0.010131	0.025959
MYO1B	0.885053	0.849856	0.90533	1.0	0.747732	0.388952	0.693645	0.000436	0.735492	0.658798	0.979743	0.913491
MYOF	0.544678	0.652415	0.233115	0.250902	0.287994	0.374251	0.699245	0.991191	1.0	0.200816	0.173222	0.105824
NCAM1	0.41704	0.360985	0.242196	0.209024	0.325399	0.894822	0.205031	0.080915	0.059938	0.014139	0.138961	0.002023
NCR1	0.086656	0.096048	0.05535	0.033334	0.074687	0.17826	0.013597	0.0	0.000245	0.001855	0.010469	0.010159
NEFL	0.615274	0.607981	1.0	0.839257	0.40606	0.557858	0.49301	0.587453	0.467902	0.875227	0.701041	0.847157
NETO1	0.35256	0.222426	0.155383	0.397795	0.006071	0.107171	0.075519	0.411342	0.193618	0.11801	0.261444	0.316437
NID1	0.407036	0.794088	0.001759	0.039067	0.045072	0.588585	0.691703	0.884797	1.0	0.097087	0.420212	0.427908
NLGN4Y	0.312445	0.167487	0.473022	0.031476	0.959994	0.0	0.205147	1.0	0.500746	0.317319	0.041739	0.551103
NMUR1	0.405499	0.352378	0.054798	0.034377	0.40971	1.0	0.169415	0.000632	0.000947	0.003274	0.170858	0.00155
NOG	0.610546	0.446337	0.90415	1.0	0.856572	0.04403	0.085805	0.117593	0.252591	0.806543	0.804935	0.489977
NPAS2	0.082078	0.024424	0.060702	0.04164	0.744427	0.123478	0.005243	0.0	0.110911	0.301025	1.0	0.22032
NPDC1	0.828485	0.784511	0.835174	0.883384	0.827058	0.931239	0.110877	0.275252	0.185823	0.953406	0.849985	0.927178
NRCAM	0.486304	0.48579	0.445583	0.301553	0.839334	0.290606	0.299801	0.155424	0.205424	0.793678	1.0	0.276406
NRG1	0.566318	0.555508	0.006974	0.020422	0.116165	0.177394	0.65448	1.0	0.978419	0.000506	0.003232	0.0
NT5E	0.308482	0.33923	0.217745	0.222857	0.374767	0.057098	0.259065	0.217416	0.11838	0.131452	0.430552	0.158588
NTN4	0.373807	0.358762	0.758723	0.26297	0.866225	0.078199	0.219063	0.257322	0.0	0.705241	1.0	0.403416
NTNG1	0.019934	0.0	0.0	0.048941	0.009819	0.544486	1.0	0.027731	0.047988	0.158229	0.004408	0.254596
NXPH4	0.537086	0.617004	0.266391	0.042653	0.667632	0.520619	0.587717	1.0	0.848639	0.230768	0.383495	0.334979
OLFM1	0.39476	0.276551	0.0	0.001253	0.020202	0.00649	0.612051	1.0	0.824916	0.004146	0.0	0.001938
OLFM4	0.006805	0.033629	0.386063	0.03969	0.249847	0.166762	0.600409	0.229387	0.388094	1.0	0.191209	0.752212
OSBPL10	0.255362	0.275887	0.055157	0.05701	0.115811	0.120346	0.275887	0.191774	0.179361	0.025932	0.014437	0.0
OTX1	0.020526	0.075045	0.0	0.0	0.0	0.002416	0.0	0.0	0.0	0.069517	0.0	0.0
PACSIN1	0.697254	0.609336	0.709065	0.803768	0.929987	0.981251	0.444109	0.029284	0.176656	0.787991	1.0	0.877219
PANX2	0.302067	0.294586	0.004855	0.000231	0.010396	0.192195	1.0	0.357459	0.357105	0.0	0.001793	0.0
PAQR5	0.58998	0.081245	1.0	0.724543	0.029223	0.994376	0.15275	0.015975	0.296539	0.034074	0.046368	0.0
PARM1	0.939467	1.0	0.297758	0.050677	0.391545	0.434679	0.848251	0.690978	0.738165	0.035224	0.151768	0.161892
PAX5	0.012948	0.000523	0.000533	0.001472	0.00028	4.2e-05	0.01561	0.0	0.063798	0.0	0.01561	0.0
PCDH1	0.775609	0.474968	0.810381	0.454525	0.64703	1.0	0.598966	0.155436	0.102646	0.226418	0.16132	0.937163
PCDH9	0.775182	0.511548	0.562411	0.735779	0.672676	0.515893	0.538255	0.59064	0.69429	0.717573	0.632036	0.366359
PCSK1N	0.302408	0.527775	0.491331	0.619254	0.82129	0.322613	0.298226	0.11936	0.120402	0.55595	1.0	0.636936
PDCD1	0.44064	0.383046	0.719843	0.725068	0.722889	0.011834	0.246142	0.089272	0.014564	0.86968	0.872705	1.0
PDGFB	0.805736	0.464594	0.413133	0.023767	0.932756	1.0	0.744993	0.888743	0.49196	0.442655	0.721519	0.143658
PDGFD	0.424337	0.445945	0.300252	0.347113	0.51743	1.0	0.296255	0.154822	0.15316	0.153131	0.506456	0.178041
PHOSPHO1	0.04387	0.036934	0.010653	0.039464	0.067387	0.034574	0.131115	0.01579	0.00802	0.024312	0.047897	0.035235
PI16	0.384463	0.380581	0.7269	0.699691	0.32645	0.244782	0.348563	0.120041	0.219187	0.803318	0.308669	1.0
PI3	0.151392	0.144093	0.048312	0.040639	0.088526	0.110269	1.0	0.056155	0.061108	0.0	0.004428	0.028699
PID1	0.501784	0.492816	0.077399	0.143724	0.186184	0.294538	0.632439	1.0	0.978201	0.049152	0.076077	0.036196
PKIG	0.107752	0.0881	0.05767	0.074416	0.016885	0.038546	0.089418	0.083345	0.051019	0.029006	0.061069	0.07444
PLA2G7	0.458679	0.469234	0.088709	0.109515	0.219816	0.271011	0.637651	1.0	0.942032	0.024776	0.064574	0.044808
PLD4	0.122759	0.089616	0.13635	0.045385	0.080252	0.072487	0.14051	0.16952	0.153375	0.123217	0.040339	0.032482
PLEKHG7	0.303537	0.402061	0.104622	0.372169	1.0	0.834834	0.61825	0.09999	0.376151	0.027763	0.756283	0.669182
PLEKHH2	0.020505	0.430598	0.036439	0.409162	0.023653	0.0	0.0	0.164187	0.0	0.210292	0.576541	0.177654
PLIN5	0.686455	0.71136	0.925299	0.879034	0.670853	0.710318	0.813842	0.709389	0.644806	0.978247	0.790922	0.811786
PLS3	0.053178	0.127153	0.681199	0.539014	0.269076	0.065051	0.114349	1.0	0.62493	0.631139	0.340881	0.781588
PLXDC1	0.285527	0.57342	0.77867	0.604527	0.579519	0.562025	0.169436	0.284921	0.108373	0.674628	0.601249	0.444208
PLXNB2	0.491641	0.498263	0.123587	0.119436	0.20243	0.258146	0.733918	0.977044	1.0	0.085695	0.110424	0.109014
PNOC	0.895538	0.92584	0.235158	0.288407	0.318972	0.401234	0.892529	0.715167	0.67559	0.144795	0.161412	0.109083
POU2AF1	0.878229	0.937693	0.371911	0.386363	0.36748	0.397867	0.773594	0.547926	0.566864	0.333263	0.368301	0.324553
PPP1R14A	1.0	0.916599	0.69686	0.686414	0.740187	0.542659	0.959738	0.751383	0.678006	0.822782	0.752895	0.708279
PPP1R14C	0.641631	0.413407	0.107555	0.027244	0.701596	0.119441	0.660039	0.061227	0.8674	0.031009	1.0	0.151982
PPP1R2P9	0.997591	0.053985	0.203679	0.119908	0.637147	0.0	0.195036	0.679835	0.784424	0.619007	0.077395	1.0
PRF1	0.114466	0.107473	0.037245	0.039684	0.12671	1.0	0.032175	0.008975	0.009209	0.012853	0.060836	0.01657
PRSS23	0.343777	0.329785	0.211889	0.212263	0.46272	1.0	0.180127	0.112205	0.109687	0.124115	0.380447	0.149434
PRSS35	0.032839	0.343947	0.124586	0.389023	0.678492	0.117079	0.564976	0.156239	0.270542	0.142242	1.0	0.358205
PTGDR	0.383495	0.381303	0.23877	0.278289	0.400399	0.879751	0.252815	0.109476	0.002732	0.134359	0.312946	0.07511
PTPN13	0.440823	0.67971	0.640774	0.62803	0.550445	0.25247	0.400282	0.478671	0.281721	0.944482	0.336406	1.0
PTPRG	0.072166	0.001712	1.0	0.043574	0.026746	0.215884	0.362164	0.004147	0.001163	0.096794	0.706817	0.009395
RAPGEF5	0.689649	0.316603	0.148106	0.082292	0.295051	0.218347	0.421598	0.096335	0.086378	0.000791	0.76539	0.023922
RASGRF1	0.081489	0.312501	0.006347	0.004928	0.6111	0.168495	0.020894	0.911624	0.006015	1.0	0.102278	0.012448
RCAN2	0.093845	0.119991	0.271404	0.184916	0.871051	0.004932	0.042158	0.0	0.000661	0.07805	1.0	0.493837
RDM1	0.253357	0.770688	0.072556	0.659217	1.0	0.859831	0.884374	0.519326	0.476637	0.620104	0.404345	0.595279
RFPL2	0.035538	1.0	0.130061	0.496793	0.071065	0.70551	0.05134	0.013914	0.357967	0.964021	0.897093	0.664939
RGS7	0.0	0.043746	0.038696	0.01196	0.003111	1.0	0.047409	0.011851	0.178387	0.009319	0.0	0.016135
RIN2	0.468079	0.488587	0.104321	0.013682	0.197688	0.300558	0.784907	0.945573	1.0	0.0	0.004243	0.027152
RMRP	5e-05	4.2e-05	4.8e-05	4.7e-05	4.8e-05	4.6e-05	3.7e-05	4.3e-05	4.8e-05	4.8e-05	3.1e-05	4.8e-05
RNF165	0.502953	0.552736	0.340565	0.392072	0.514832	1.0	0.219496	0.052508	0.001856	0.241201	0.366731	0.025426
RNF175	0.684608	0.781489	0.850292	1.0	0.338815	0.575264	0.626388	0.851217	0.634023	0.951245	0.041716	0.276577
RORC	0.601854	0.677822	0.967198	0.996191	0.996191	0.334312	0.26794	0.203214	0.178987	0.859401	1.0	0.911722
S100P	0.092895	0.097407	0.027423	0.028573	0.044394	0.063741	1.0	0.099325	0.091439	0.011245	0.008959	0.053605
S1PR5	0.17015	0.173425	0.092119	0.09723	0.237461	1.0	0.066374	0.02874	0.028752	0.045278	0.196917	0.051222
SCGB3A1	0.405636	0.663402	0.088144	0.123511	0.798471	0.087659	0.808128	0.973286	1.0	0.015855	0.884747	0.010531
SCN3A	0.127347	0.184881	0.170148	0.010512	0.114052	0.239898	0.044541	0.172056	0.299531	0.056782	0.131727	0.017408
SEMA3A	0.989158	0.059086	0.325993	0.199905	0.492398	0.006381	0.004894	0.110046	0.120242	1.0	0.348132	0.267282
SEMA3D	0.625446	0.110979	0.015059	0.274126	0.592809	0.0083	0.321633	0.28667	0.411187	1.0	0.754465	0.160176
SERPINB2	0.148474	0.172898	0.070457	0.047247	0.115265	0.078845	0.194014	0.298593	0.302693	0.121479	0.022216	0.115791
SGCD	0.001705	0.397736	0.120613	0.187544	0.093211	0.250725	0.167678	0.277465	0.460739	0.022987	1.0	0.009217
SH2D1B	0.233027	0.221484	0.102868	0.107562	0.184808	1.0	0.105916	0.060828	0.065655	0.039885	0.046719	0.027099
SIGLEC6	0.454772	0.062324	0.557684	0.343206	0.075919	0.471756	0.223398	0.794987	0.422703	1.0	0.980599	0.396227
SIRPG	0.466726	0.484788	0.96295	1.0	0.731592	0.133268	0.276939	0.228807	0.124324	0.986804	0.820031	0.906867
SLC16A10	0.247443	0.523502	1.0	0.890871	0.667722	0.000431	0.068172	0.019183	0.134978	0.866133	0.754762	0.786095
SLC26A8	0.852128	0.608104	0.953365	0.82206	0.848526	0.626315	1.0	0.953803	0.95481	0.979634	0.836402	0.866495
SLC38A11	0.368004	0.35095	0.296314	0.236653	0.309083	0.288025	0.374807	0.366581	0.355525	0.264781	0.34496	0.247229
SLC4A10	0.019373	0.0	0.0	0.0	0.0	0.00047	0.075759	0.0	0.011549	0.063555	0.459643	0.0
SNORA56	0.096631	0.251873	0.372614	0.307657	0.328707	0.075789	0.464337	0.346974	0.060144	0.163621	0.45778	0.439006
SORCS3	0.354029	0.102936	0.598232	0.16574	0.739081	0.054446	1.0	0.466626	0.627379	0.422906	0.177159	0.120423
SOX5	0.312652	0.010291	0.388691	0.230812	0.388543	0.505102	1.0	0.011698	0.275244	0.017946	0.085474	0.042836
SPIB	0.102312	0.094229	0.074029	0.046591	0.012584	0.0272	0.111239	0.06323	0.090454	0.049584	0.009373	0.002517
SPON2	0.071891	0.081315	0.040105	0.047473	0.071615	0.226378	0.045931	0.015261	0.014497	0.019069	0.038921	0.005863
ST6GALNAC1	0.289882	0.139828	0.903123	0.68183	0.000696	0.085202	0.001204	0.231061	0.257145	0.990172	0.033848	1.0
ST8SIA1	0.400497	0.413101	0.835751	0.815783	0.539612	0.181453	0.355308	0.159406	0.333782	0.753522	0.449657	1.0
STAB1	0.150447	0.132205	0.000701	0.071188	0.06887	0.096629	0.218839	0.278683	0.280662	0.010007	0.000719	0.017841
STYK1	0.045307	0.093851	0.131641	0.570506	1.0	0.358074	0.052695	0.961147	0.00566	0.405207	0.061956	0.041888
SYN3	0.358181	0.217862	0.313861	0.131331	0.43477	0.049665	0.509839	0.203682	0.019454	0.09502	0.246825	0.229043
SYT17	0.258104	0.401001	0.006308	0.108674	0.000537	0.042128	0.464527	0.116181	0.641257	0.0096	0.010181	0.0
TBC1D3F	0.761726	0.79596	0.757367	0.77899	0.760856	0.705133	0.826337	0.94367	1.0	0.933701	0.875605	0.763227
TCEA3	0.387616	0.382449	0.89772	0.905828	0.524436	0.11837	0.228883	0.169889	0.186731	1.0	0.594992	0.742506
TCL1A	0.112698	0.105638	0.024874	0.030218	0.028613	0.030244	0.123111	0.076537	0.073653	0.021063	0.013119	0.004011
TCL1B	1.0	0.98436	0.234315	0.138836	0.493431	0.50273	0.852816	0.716697	0.648545	0.082461	0.28752	0.336539
TCL6	0.133341	0.159103	0.190459	0.170003	0.212593	0.161585	0.179308	0.18774	0.193861	0.227698	0.195615	0.114525
TEK	0.25006	0.149261	0.149453	0.110356	0.234352	0.67038	1.0	0.258255	0.26168	0.685849	0.113906	0.150314
TFPI	0.156046	0.141233	0.06639	0.204592	0.21838	0.952703	1.0	0.379677	0.336705	0.119513	0.05349	0.660803
TGFBI	0.349078	0.347228	0.034373	0.037287	0.073664	0.09793	0.534666	1.0	0.983108	0.01802	0.011353	0.030732
TGM3	0.315863	0.319374	0.156576	0.285098	0.31678	0.343899	1.0	0.398575	0.383883	0.129577	0.310722	0.224297
THBS1	0.315077	0.308144	0.039637	0.039189	0.08113	0.114835	0.377246	0.924472	0.896562	0.000487	0.015318	0.020619
THRB	0.0	0.006866	0.0	0.055002	0.058684	0.014285	0.185585	0.017667	0.026941	0.0	0.005991	0.009493
TIGIT	0.315441	0.332365	0.420033	0.386467	0.417408	0.441418	0.134556	0.035794	0.094489	0.402955	0.437745	0.493916
TJP1	0.608955	0.269554	0.544994	0.473259	0.536358	0.474854	0.570717	0.57897	0.599891	1.0	0.694422	0.308874
TMEM176A	0.567734	0.49294	0.128676	0.115622	0.190144	0.220469	0.677231	1.0	0.954542	0.030945	0.045402	0.106189
TMEM176B	0.208263	0.208088	0.035101	0.05948	0.077066	0.110906	0.241129	0.402086	0.404044	0.01007	0.00056	0.00351
TNF	0.1704	0.164154	0.072405	0.072693	0.095032	0.096157	0.267152	0.358122	0.338334	0.065032	0.089876	0.063491
TNFRSF13B	0.501731	0.490764	0.20767	0.240235	0.237171	0.278966	0.482979	0.330176	0.315355	0.248562	0.271192	0.050406
TNFRSF25	0.373993	0.360968	0.844869	0.899426	0.534014	0.230398	0.26303	0.148397	0.159889	1.0	0.645701	0.861178
TNFRSF4	0.390954	0.333023	0.781769	0.788031	0.281719	0.286936	0.303488	0.256244	0.240456	1.0	0.264728	0.956446
TNIP3	0.523951	0.096042	0.028605	0.020797	0.889648	0.01368	0.003405	0.125909	0.142328	0.016138	1.0	0.001666
TPO	0.044593	0.018688	1.0	0.996466	0.463142	0.048715	0.04746	0.329626	0.016348	0.033346	0.009581	0.056693
TPRG1	0.0	0.001284	0.0	0.0	0.000582	0.014415	0.002382	0.0	0.0	0.0	0.0	0.011785
TSHZ2	0.477014	0.444866	0.862321	0.846842	0.212175	0.059415	0.321978	0.325248	0.247686	1.0	0.238697	0.856105
TSPAN13	0.591303	0.599246	0.168447	0.112549	0.20039	0.238791	0.528858	0.34664	0.360568	0.10761	0.148846	0.112132
TSPAN15	0.414586	0.810203	0.665896	0.766682	0.835843	0.225813	0.381729	0.403875	0.016122	1.0	0.837658	0.801443
TTC16	0.636164	0.578527	0.64797	0.776078	1.0	0.707026	0.320705	0.064302	0.278123	0.670896	0.952504	0.753164
TUSC3	0.153287	0.008235	0.0	0.0	0.002396	0.003246	0.073922	0.543634	0.265126	0.0	0.002682	0.0
UGT2B17	0.616104	1.0	0.151819	0.007848	0.054332	0.044652	0.688428	0.61515	0.907803	0.058594	0.285626	0.127564
VCAM1	0.166292	0.168855	0.232018	0.697622	0.033991	1.0	0.238013	0.633141	0.293342	0.211737	0.006639	0.498833
VCAN	0.151173	0.163157	0.017937	0.018718	0.037854	0.050449	0.218021	0.468343	0.403634	4.4e-05	2.3e-05	0.009814
VIT	0.570603	0.595186	0.210477	0.064786	0.641192	1.0	0.490494	0.009962	0.684177	0.004473	0.036068	0.031831
VNN3	0.069997	0.075323	0.016565	0.025236	0.040784	0.051121	0.218687	0.149468	0.15446	0.002745	0.022713	0.015041
VPREB3	0.844298	0.81066	0.192517	0.185048	0.225626	0.270194	0.758414	0.428388	0.415323	0.114335	0.13955	0.006634
WNT16	0.046475	0.306022	0.398532	0.003069	0.039863	0.688949	0.276354	0.0	1.0	0.091231	0.094947	0.114735
WNT7A	0.395671	0.391635	0.760874	0.777899	0.436792	0.127502	0.321069	0.127652	0.219515	1.0	0.487931	0.912259
WSCD2	1.0	0.79662	0.767923	0.412376	0.026285	0.45248	0.760671	0.323515	0.509505	0.895498	0.804722	0.628803
XCL1	0.537236	0.154379	0.411771	0.139493	0.521522	1.0	0.104119	0.061853	0.028249	0.02332	0.620545	0.00986
XCL2	0.081465	0.001694	0.012626	0.001279	0.002235	0.007247	0.001116	0.011565	0.06579	0.0	0.00079	0.020272
ZBTB32	0.867275	0.940857	0.732542	0.736463	0.866104	0.55544	1.0	0.810116	0.81954	0.832955	0.969588	0.867323
ZNF462	0.010702	0.006654	0.081679	0.140845	0.005124	0.262227	0.0	0.007209	0.0	0.61628	0.014034	1.0
ZNF662	0.027265	0.0113	0.250747	0.286087	0.321171	0.0	0.0	0.222894	0.0	0.128032	1.0	0.004968
ZNF683	0.329946	0.322932	0.274844	0.240704	0.902503	0.318087	0.174206	0.140768	0.123774	0.149834	1.0	0.194149
ZNF860	0.897852	0.668725	0.850973	0.973293	0.865289	0.967934	0.844555	0.578049	0.504599	0.855075	0.903562	0.99013
