Neutrophils	T_cells_.gamma.delta.	Monocytes_CD14.CD16.	Macrophage	T_cells_.CD4..	Fibroblasts	Endothelial_cells	Keratinocytes	CD34.	Platelets
V1	0.01936	0.03389	0	0.00591	0.13915	0	0.02067	0	0.01489	0.76613
V2	0.6373	0.01803	0.03067	0	0.03347	0.23874	0.04155	0.00023	0	0
V3	0.11723	0.09835	0.07236	0.01166	0.39807	0.01308	0.09627	0.10536	0.02257	0.06505
V4	0.00533	0.08243	0.02094	0	0.06678	0.08249	0.0127	0.00301	0.49593	0.2304
V5	0.01601	0.12359	5e-05	0.07113	0	0.06108	0.02289	0	0.01302	0.69223
V6	0.01523	0.13118	0.15073	0.02184	0.54272	0.02822	0.00474	0.0385	0.01284	0.054
V7	0	0.56399	0	0.01567	0.25082	0.00999	0.07058	0.04806	0.02608	0.01481
V8	0.00545	0.60658	0.02785	0.02297	0.01111	0.02319	0.03233	0.21746	0.05265	0.00041
V9	0.02452	0	0.06875	0.12359	0.0425	0.02247	0.2434	0.40674	0.04212	0.0259
V10	0	0.14331	0	0	0.6122	0.06399	0.01896	0.09849	0.01126	0.05178
V11	0.00862	0.59501	0	0.01422	0.01224	0.04758	0.03263	0.19695	0.08143	0.01133
V12	0.05993	0.02924	0.14582	0.45246	0.02838	0	0.08671	0.00352	0.00817	0.18577
V13	0.10081	0.00754	0.11262	0.00839	0.07116	0.12257	0.42709	0.00607	0.09719	0.04657
V14	0.08646	0.47085	0.11737	0.07323	0.03922	0.04754	0.13284	0.00368	0.0251	0.00371
V15	0.30931	0.01347	0.1172	0.49744	0.01446	0.01219	0.01888	0.00591	0.01114	0
V16	0.06743	0.06105	0.18592	0.50742	0.02853	0.03796	0	0	0.09559	0.01609
V17	0.01748	0.13758	0	0.00248	0.00964	0.0701	0.05105	0	0.0206	0.69108
V18	0.09875	0.07504	0.03365	0.26257	0	0.00307	0.006	0	0.01067	0.51025
V19	0.00675	0	0	0.05413	0	0.07364	0.02114	5e-04	0.00904	0.83481
V20	0	0.23252	0.00564	0.01774	0.03237	0.00608	0.52742	0.0367	0.00701	0.13453
V21	0.10407	0.45853	0.0106	0.00826	0.01437	0.31964	0.03893	0.01507	0.03052	0
V22	0	0	0	0	0	0.01296	0.03197	0.20588	0.05507	0.69412
V23	0.30018	0.03315	0.45187	0.05304	0.00485	0.00822	0.00587	0	0.00694	0.13589
V24	0.02426	0.64529	0.02935	0.02258	0.02742	0.00263	0.08924	0.05137	0.10787	0
V25	0.02934	0.12153	0.00386	0.01766	0.06606	0.11449	0.03599	0	0.14004	0.47104
V26	0.01981	0	0.04421	0.00972	0.02557	0.02874	0.07523	0.73633	0.04932	0.01107
V27	0	0.0853	0	0	0.32648	0	0.02777	0	0.0095	0.55094
V28	0.27075	0	0	0.00215	0	0.01746	0.03824	0.01778	0.00212	0.65149
V29	0.00447	0.71155	0	0.02307	0.01006	0.0936	0.02895	0.00613	0.03208	0.09009
V30	0.00975	0.00242	0.09912	0.00852	0.05326	0.28731	0.29159	0	0.20945	0.03857
V31	0.02301	0.38284	0.17319	0.03119	0.06578	0.00861	0.02697	0.23711	0.03768	0.0136
V32	0.477	0.06069	0.02977	0	0.24774	0.03734	0.03388	0	0.07344	0.04014
V33	0.0885	0.01666	0.2027	0.46057	0.02287	0	0.18849	0	0.00454	0.01567
V34	0	0.06755	0	0	0.18179	0.00025	0.02088	0.0027	0.04415	0.68268
V35	0.00235	0.87307	0	0.02526	0.00998	0.00797	0.03379	0.00682	0.04076	0
V36	0.04993	0.01248	0.02097	0.00706	0.07066	0.00501	0.75605	0.02997	0	0.04787
V37	0	0.57338	0	0.01843	0.03949	0	0.29634	0.02046	0.02994	0.02196
V38	0.14566	0	0.05873	0.15625	0.04881	0	0.54925	0.00527	0.00062	0.03541
V39	0.09453	0.00293	0.06213	0.15123	0.08103	0	0.53758	0.01773	0.00194	0.0509
V40	0.1545	0.04111	0.58515	0.06836	0.0988	0.00247	0.00207	0	0.009	0.03854
V41	0.60908	0.06549	0.05807	0.00341	0.03217	0.005	0.01214	0.00447	0.19056	0.01961
V42	0	0.64782	0	0.01115	0.2439	0.00052	0.01287	0	0.02927	0.05448
V43	0.14584	0.04832	0.1026	0.07137	0.20941	0.03722	0.21878	0.01508	0.11619	0.03518
V44	0.06293	0.00276	0.50623	0.05841	0.01513	0.01155	0.02449	0.27488	0.0284	0.01521
V45	0.00363	0	0.0394	0.0018	0.06996	0.00897	0.27618	0	0.50536	0.0947
V46	0.19507	0.10136	0.03926	0.20217	0.00826	0	0.00594	0.00713	0.00942	0.43139
V47	0	0	0.02133	0.00861	0.05302	0.00536	0.83641	0.00889	0	0.0664
V48	0.00976	0.00408	0	0	0	0	0.02631	0	0.08442	0.87543
V49	0.22213	0	0.00417	0.00842	0.0222	0.02256	0.05317	0.63237	0.035	0
V50	0.31746	0.18354	0.0226	0	0.03018	0.41742	0.02092	0	0.00789	0
V51	0.19614	0.02257	0.49862	0.05417	0.07775	0.0045	0.01233	0.04052	0.04951	0.04389
V52	0.04558	0.00023	0.17411	0.31484	0.034	0	0.38706	0.008	0.00705	0.02912
V53	0.44818	0.01411	0.09332	0.08802	0.01077	0.00274	0.01909	0.1015	0.00753	0.21474
V54	2e-04	0.04859	0	0	0.20237	0.70924	0.0308	0	0.00164	0.00716
V55	0.07329	0.02569	0.11962	0.65259	0.06676	0.00414	0.01663	0	0.01037	0.03092
V56	0.18007	0.0322	0.45781	0.06656	0.08067	0.13329	0.00625	0	0.00494	0.03822
V57	0.07437	0.00863	0.49553	0.23024	0.01843	0.01011	0.00712	0.01693	0.0846	0.05405
V58	0.03159	0.20275	0.07053	0.13163	0.02674	0.48764	0.0354	0	0.01372	0
V59	0.02395	0.05244	0.02069	0.0092	0.05568	0.00478	0.77747	0.00737	0	0.04841
V60	0.72551	0.02494	0.04235	0.00312	0.07714	0.00417	0.00556	0.00063	0.10645	0.01014
V61	0.00844	0	0.0408	0.01313	0.03668	0.8515	0.04294	0	0.0022	0.00432
V62	0.02616	0	0	0.01503	0.01528	0	0.40497	0.00746	0.02907	0.50203
V63	0.00074	0.26487	0.01295	0	0.16539	0.48116	0.03141	0	0.01587	0.02761
V64	0.12025	0.0037	0.27501	0.25324	0.00932	0.0138	0.01546	0.21574	0.01776	0.07571
V65	0.10946	0.02076	0.08727	0.32957	0.02394	0.0058	0.07285	0.20543	0.1031	0.04182
V66	0	0.14504	0	0	0.54105	0.02462	0.02591	0.00362	0.02751	0.23225
V67	0.05102	0.18159	0.41625	0.09144	0.02683	0.04101	0.08434	0.00175	0.05412	0.05166
V68	0.02158	0.00696	0.02565	0	0.08241	0.02014	0.02732	0.28642	0.51218	0.01734
V69	0.08493	0.02397	0.72981	0.10059	0.0193	0.00221	0.00111	0	0.00998	0.0281
V70	0.70654	0.0185	0.11063	0.01092	0.02168	0.02807	0.03426	0.00602	0.06338	0
V71	0.03756	0	0	0.00865	0.02284	0.02867	0.06843	0.75079	0.04913	0.03393
V72	0.25888	0.04094	0.04566	0.2238	0.14863	0	0.00127	0.0011	0.01287	0.26684
V73	0.01492	0.18719	0	0.00191	0.68635	0.01817	0.00744	0	0.01228	0.07174
V74	0.03628	0	0.01114	0.16631	0	0.03139	0.01355	0.00129	0.00923	0.73081
V75	0.06167	0.0832	0.20326	0.42461	0.04334	0.00684	0	0	0.16812	0.00898
V76	0.00371	0.00666	0.00773	0	0.03041	0.90297	0.04557	0	0.00293	0
V77	0.03245	0	0.06152	0.28263	0.03104	0.26781	0.29758	0	0	0.02697
V78	0.00028	0.4777	0.02761	0.01974	0.04252	0.00554	0.30781	0	0.018	0.10081
V79	0.03453	0.02087	0.07824	0.26646	0.03779	0.27617	0.01623	0	0.22582	0.04389
V80	0.39861	0	0.00493	0.00859	0	0.00063	0.03852	0	0.04623	0.50248
V81	0.0167	0.04438	0.03035	0.13623	0.1703	0.57332	0.02037	0	0.00226	0.00608
V82	0.08387	0.52021	0.04542	0.24188	0.014	0.01453	0.00985	0.04432	0.02592	0
V83	0.08336	0.06101	0.10686	0.45652	0.03683	0.00451	0.00994	0.21966	0.0213	0
V84	0.02754	0.01799	0.02422	0.01984	0.13475	0.53638	0.22381	0	0	0.01548
V85	0.23403	0.00108	0.3691	0.05073	0	0.00066	0.00789	0	0.00812	0.32839
V86	0.34151	0.01448	0.28171	0.32617	0.01214	0.00498	0	0	0.00534	0.01368
V87	0.00504	0.02816	0.05076	0.00095	0.12096	0.01472	0.00328	0	0.74599	0.03013
V88	0.0533	0.34632	0.09654	0.47201	0.00968	0	0.00157	0	0.02057	0
V89	0.00294	0	0.02345	0.03838	0.05717	0	0.74381	0.08791	0	0.04634
V90	0.04242	0.05481	0.30383	0.04598	0	0.01949	0.01179	0	0.0117	0.50998
V91	0.09307	0.01594	0.71408	0.0914	0.02601	0.00269	0.00207	0	0.01556	0.03917
V92	0	0	0.02365	0.00787	0.06117	0.00604	0.79875	0.00771	0.04173	0.05308
V93	0.00836	0.03927	0.0936	0.00204	0.08171	0.00889	0.25144	0.00875	0.46983	0.03613
V94	0.80625	0.01359	0.06316	0.00674	0.01555	0.02694	0.02542	0.02774	0.00436	0.01026
V95	0.00286	0.00094	0.01058	0.00514	0.06261	0.00832	0.57642	0.27976	0.01875	0.03462
V96	0.08289	0.1256	0.32765	0.38242	0.01341	0.01349	0	0.0051	0.03125	0.01819
V97	0	0	0.0152	0.00709	0.03975	0	0.74587	0.00733	0.0021	0.18265
V98	0.00591	0.30382	0.00554	0.05289	0.17636	0.02044	0.05031	0.06914	0.1532	0.16238
V99	0.58721	0.00784	0.05268	0.00076	0.0441	0.0051	0.07334	0.00542	0.20671	0.01685
V100	0.23005	0.01709	0.06819	0.18392	0.04969	0.30209	0.02513	0	0.10132	0.02252
V101	0	0	0	0	0	0.07132	0.16603	0.0255	0.00249	0.73467
V102	0.04695	0.23586	0.00232	0	0.10388	0.31191	0.16214	0.08932	0.01692	0.0307
V103	0.08913	0.00767	0.054	0	0.08251	0.01436	0.00438	0	0.70854	0.03942
V104	0.09385	0.01298	0.72612	0.08694	0.0148	0.00277	0.00125	0	0.03313	0.02817
V105	0.37321	0.00148	0.10409	0.01358	0.02317	0.14683	0.03208	0.28758	0.01797	0
V106	0.029	0.67261	0.17455	0.04188	0.00832	0.02159	0.01411	0	0.03213	0.0058
V107	0.26716	0.23774	0.0219	0.00949	0.26802	0.01881	0.01375	0.02179	0.12116	0.02019
V108	0.02099	0	0.01642	0.13001	0	0.39145	0.02314	0.01232	0.00988	0.39578
V109	0.00387	0.02838	0.01133	0	0.03776	0.85853	0.05054	0	0.0096	0
V110	0	0.18372	0	0	0.67744	0.00413	0.00564	0.04536	0.01369	0.07002
V111	0	0.01046	0.01651	0.01408	0.144	0	0.73975	0.00562	0	0.06958
V112	0.00096	0	0.00937	0.00478	0.03217	0	0.60689	0.00443	0.04362	0.29778
V113	0.01838	0	0.02836	0	0.05564	0.06695	0.0262	0.01191	0.57042	0.22214
V114	0.01997	0.00683	0.05922	0	0.08714	0.01508	0.00481	0	0.76434	0.0426
V115	0	0.86725	0	0.02769	0.01333	0	0.0381	0	0.05364	0
V116	0.46931	0.08777	0.02986	0.00562	0.02023	0.01755	0.04045	0.31318	0.01603	0
V117	0.01169	0	0.02346	0.00854	0.05429	0	0.83997	0.00906	0	0.05299
V118	0.02806	0	0.00881	0	0.0282	0.88256	0.05149	0	0.00088	0
V119	0.05849	0.02909	0.10756	0.49619	0.03109	0.18233	0.02055	0	0.07384	0.00087
V120	0.64525	0.01288	0.20992	0.02278	0.01383	0.08005	0.00844	0	0	0.00685
V121	0.06184	0.09803	0.22868	0.03311	0.04359	0.11554	0.31542	0.00873	0.00784	0.08722
V122	0.01414	0.01834	0.14164	0.00395	0.07743	0.06673	0.14085	0	0.49227	0.04465
V123	0.01095	0.08529	0	0.00097	0.39604	0.01521	0.03152	0.37305	0.0549	0.03206
V124	0.69905	0.05265	0.02906	0.00536	0.01255	0.00682	0.02329	0.16477	0.00646	0
V125	0.0181	0.1764	0.08503	0.03375	0.0336	0.14352	0.05942	0.41305	0.03713	0
V126	0	0.22332	0	0	0.63988	0.00428	0.00517	0.03164	0.04066	0.05505
V127	0.05607	0.01165	0.50386	0.05591	0.0311	0.00217	0.20817	0	0.0858	0.04527
V128	0.03616	0.21823	0.34225	0.04105	0.26485	0.04799	0.00461	0	0.01342	0.03144
V129	0.04171	0.08366	0.09226	0.2058	0.12433	0.0139	0	0	0.39166	0.04668
V130	0.05564	0.00974	0.42559	0.04941	0.01574	0.01424	0.03107	0.36071	0.02677	0.01108
V131	0.06745	0.38479	0.3541	0.1107	0.01357	0.00759	0.01215	0	0.04424	0.0054
V132	0.11459	0.00395	0.02648	0.00507	0.10905	0	0.61822	0.07967	0	0.04297
V133	0.02743	0.0267	0.03072	0.18065	0.0293	0.13801	0.10457	0.43573	0.0269	0
V134	0.03453	0.07454	0.1665	0.05887	0.21759	0	0.16284	0	0.01805	0.26708
V135	0.01861	0.19622	0.17545	0.0163	0.06728	0.00877	0.02052	0	0.47632	0.02051
V136	0.01497	0.60188	0.01107	0.15472	0.00179	0	0.01034	0	0.02947	0.17575
V137	0.00164	0.00641	0.0286	0.00597	0.07313	0.33651	0.473	0	0.04541	0.02933
V138	0.01357	0.01816	0.01188	0.00566	0.04026	0	0.53124	0.00301	0.03055	0.34567
V139	0.59497	0.02969	0.04887	0.00482	0.08784	0.07443	0.007	0	0.14949	0.0029
V140	0.09863	0.01861	0.31328	0.43976	0.04084	0.04651	7e-04	0	0.00862	0.03304
V141	0.08967	0.01488	0.12541	0.67703	0.01794	0.01656	0	0	0.01	0.04851
V142	0.02271	0	0.06124	0.21145	0.04046	0	0.59431	0.00522	0	0.06461
V143	0.00103	0.82292	0	0.07208	0.01845	0.00724	0.01544	0	0.06283	0
V144	0.00079	0	0.01883	0.0063	0.04309	0.35066	0.53558	0.01734	0	0.02741
V145	0.09497	0.0986	0.09579	0.47813	0.02097	0.02686	0.00585	0.15481	0.02402	0
V146	0.05112	0	0.39773	0.04532	0.00292	0.01845	0.05415	0.09067	0.01816	0.32147
V147	0.00554	0.0245	0.01923	0.00046	0.1774	0.00981	0.00831	0.01058	0.46332	0.28085
V148	0.01779	0.01697	0.04506	0	0.08489	0.06283	0.03916	0	0.70686	0.02645
V149	0.06453	0.01767	0.10736	0.54317	0.02468	0.00043	0	0.0877	0.1389	0.01557
V150	0.06751	0.01349	0	0	0.05831	0.00588	0.02371	0	0.03657	0.79453
V151	0.01568	0	0	0.00382	0	0.06573	0.02275	0	0.01206	0.87996
V152	0.00699	0	0	0	0.02048	0.02385	0.06931	0.67056	0.04261	0.1662
V153	0	0.17252	0	0	0.67468	0.00498	0.00703	0.06752	0.01468	0.05859
V154	0.13557	0.02229	0.50169	0.2915	0.01237	0.01377	0	0	0.00799	0.01481
V155	0.06152	0	0.01046	0	0.03553	0.12609	0.0458	0.46878	0.23763	0.0142
V156	0.13417	0.02622	0.16753	0.02014	0.02983	0.46149	0.04596	0.0251	0.07738	0.01218
V157	0.00236	0.46346	0.00791	0.04741	0.19267	0.21511	0.01559	0	0.03749	0.018
V158	0.28809	0.55113	0.01223	0.02449	0.05528	0.00111	0.02486	0.02064	0.02218	0
V159	0.04996	0.09562	0.1918	0.05332	0.28911	0.02555	0.01654	0.06177	0.01267	0.20367
V160	0.01383	0.88181	0	0.02655	0.01083	0	0.01871	0	0.04826	0
V161	0.08079	0.01636	0.13377	0.70953	0.02184	0	0	0	0.0243	0.0134
V162	0.00138	0	0	0.00395	0	0	0.0233	0	0.01996	0.95141
V163	0.16249	0.02043	0.64905	0.07562	0.01117	0.01763	0.00478	0.00775	0.00812	0.04297
V164	0.0823	0.01177	0.71784	0.09088	0.01299	0.01718	0.01472	0	0.01396	0.03836
V165	0.03644	0	0.2316	0.03273	0	0.00044	0.01436	0.00407	0.01805	0.66231
V166	0.10884	0.10762	0.09533	0.50546	0.01415	0.00623	0.01128	0.05318	0.05157	0.04634
V167	0.8286	0.01739	0.05221	0.01095	0.02585	0.00346	0.00675	0.00236	0.05244	0
V168	0.07057	0.01115	0.01053	0	0.03674	0.30294	0.05041	0.31475	0.1787	0.0242
V169	0.02347	0	0.0113	0.13863	0	0.16861	0.01828	0.00589	0.00624	0.62758
V170	0.01904	0	0.05188	0	0.08848	0.01533	0.00328	0	0.7934	0.02859
V171	0.0315	0.00317	0.22275	0.07254	0.05446	0.40425	0.05947	0.03336	0.09704	0.02146
V172	0	0.01173	0.02884	0.00459	0.0627	0.15478	0.65895	0.01193	0.02468	0.0418
V173	0.01369	0	0.00073	0.00383	0.00979	0.01367	0.50392	0.00361	0.0218	0.42896
V174	0.05699	0.0992	0.21756	0.35065	0.11197	0.02122	0.00484	0.0047	0.01093	0.12195
V175	0.77735	0.01786	0.13349	0.01675	0.02215	0.00259	0.02288	0.00646	0.00047	0
V176	0.20345	0	0.0165	0	0.03478	0.68192	0.03009	0	0.0316	0.00165
V177	0.67227	0.01184	0.04173	0.08596	0.00861	0.00085	0.00703	0.01203	0.00638	0.15331
V178	0.21768	0.00921	0.01932	0.01375	0.06701	0.57864	0.03273	0	0	0.06167
V179	0.1636	0.1485	0.0022	0.0048	0.60487	0.0021	0	0	0.00984	0.06408
V180	0.49357	0.12215	0.07634	0.2699	0.01793	0.00523	0.0049	0	0.00999	0
V181	0.06036	0.16778	0.5408	0.0664	0.03593	0.00801	0.07638	0	0.01134	0.033
V182	0.00451	0.06957	0	0.02381	0.3395	0.04117	0.03267	0.37453	0.07429	0.03996
V183	0.06883	0.17085	0.09543	0.51536	0.01794	0.00367	0.11294	0	0.0116	0.00338
V184	0.20341	0.00349	0.01133	0.00187	0.00918	0.54	0.03078	0.01818	0	0.18177
V185	0.61825	0.01226	0.06471	0.15452	0.02282	0.00277	0.00633	0.06532	0.04931	0.0037
V186	0.77979	0.02423	0.05962	0.0868	0.02061	0.0016	0.0152	0.00748	0.00468	0
V187	0.71222	0.01282	0.12545	0.01987	0.01689	0.00274	0.01193	0.00571	0.04923	0.04314
V188	0.08274	0.2325	0.00076	0.06012	0.5208	0.00176	0.0143	0	0.01911	0.06791
V189	0.79752	0.01586	0.05708	0.06396	0.01446	0.01377	0.00667	0.00751	0.0048	0.01837
V190	0.00333	0.02269	0.03691	0	0.14787	0.11178	0.0061	0	0.64325	0.02808
V191	0.05004	0.08676	0.09473	0.31795	0.34686	0	0.03731	0.01095	0.00966	0.04573
V192	0.00257	0.03544	0	0	0.14702	0.00659	0.01721	0.00417	0.01462	0.77238
V193	0.13504	0.03951	0.18861	0.27991	0.12834	0.00029	0.12597	0.05132	0.0191	0.0319
V194	0.00325	0	0.01525	0	0.03449	0.74417	0.1994	0.00188	0	0.00156
V195	0.03636	0.04764	0.02258	0.00258	0.11847	0.13178	0.5483	0.03791	0.00344	0.05094
V196	0.72896	0.02366	0.06882	0.15562	0.01366	0.00076	0.00285	0.00264	0.00166	0.00136
V197	0.04192	0.01023	0.04612	0.18559	0.05427	0.01505	0.04348	0.36504	0.23175	0.00655
V198	0	0.12484	0.00856	0	0.50469	0.23475	0.02991	0	0.05154	0.04569
V199	0.02939	0.06176	0.02914	0.01703	0.21025	0.00615	0.13687	0	0.01243	0.49699
V200	0	0.08436	0	0	0.41397	0.11331	0.24736	0.07326	0.00472	0.06302
V201	0.24498	0.03763	0.04115	0	0.05994	0.00824	0.10371	0.00062	0.43244	0.07129
V202	0.05828	0.29649	0.39892	0.08021	0.01877	0.00091	0.08032	0	0.05209	0.01402
V203	0.05159	0.07473	0.34373	0.16966	0.04018	0.01009	0.09586	0	0.16802	0.04614
V204	0.05437	0.2095	0.25636	0.28273	0.02233	0.08487	0.0072	0.04646	0.03412	0.00208
V205	0.06491	0.05384	0.03025	0.0057	0.0615	0.0178	0.59577	0.05644	0.07528	0.0385
V206	0.3303	0.01622	0.48506	0.05663	0.02872	0.00188	0.0093	0	0.00604	0.06586
V207	0.02437	0.14101	0.00975	0.06098	0.03026	0.00141	0.01772	0	0.17225	0.54225
V208	0.00963	0	0.03222	0.03988	0.04028	0.77427	0.03516	0	0.06192	0.00664
V209	0.03705	0.16566	0.06352	0.00585	0.63609	0.00957	0	0	0.012	0.07027
V210	0.06206	0.13421	0.04449	0.00243	0.53068	0.01356	0.0158	0.09178	0.03246	0.07253
V211	0.06532	0.07241	0.575	0.06563	0.02789	0.01099	0.06734	0.02127	0.05841	0.03575
V212	0.11442	0.07882	0.02271	0	0.05072	0.01729	0.03784	0.31543	0.35585	0.00693
V213	0.13317	0.02873	0.01292	0.00042	0.15674	0.6019	0.03951	0	0	0.0266
V214	0	0.05539	0.00019	0.00103	0.27002	0.03292	0.48218	0	0	0.15827
V215	0	0	0.02233	0.00895	0.05478	0.00558	0.84587	0.0091	0	0.05338
V216	0	0.71668	0	0.01879	0.1919	0.00068	0.02184	0	0.03443	0.01569
V217	0.03473	0.23142	0.03375	0.07775	0.16335	0.2464	0.01873	0.02908	0.03025	0.13453
V218	0.03667	0	0.00894	0	0.03572	0.61706	0.23468	0	0	0.06693
V219	0.01905	0	0.00461	0.066	0.02885	0.0253	0.13387	0.67859	0.04347	0.00026
V220	0.04251	0.01318	0.09016	0.33701	0.05176	0.00657	0	0.04818	0.39683	0.0138
V221	0.1848	0.09785	0.28094	0.03611	0.03011	0.00526	0.03654	0.0586	0.14878	0.12101
V222	0.08404	0.00867	0.62968	0.06903	0.01462	0.16112	0.0073	0	0.0061	0.01942
V223	0.0751	0.01001	0.65059	0.07304	0.02304	0.07236	0.06409	0	0.00555	0.02622
V224	0.06937	0.01602	0.56243	0.11046	0.02445	0.01352	0.00578	0.05041	0.12522	0.02235
V225	0.06996	0.00632	0.32411	0.33141	0.01303	0.02158	0.01108	0.1867	0.01735	0.01846
V226	0.00454	0.7574	0	0.02016	0.0225	0.00412	0.03285	0.11863	0.0398	0
V227	0.06336	0.05422	0.5623	0.07155	0.19302	0.0022	0	0	0.01624	0.03711
V228	0.02923	0.6282	0.05079	0.03151	0.0218	0.00446	0.02997	0.11566	0.08485	0.00354
V229	0.66327	0.014	0.03196	0	0.01501	0.22886	0.03091	0.01599	0	0
V230	0.03906	0	0.04406	0.30888	0	0.00354	0.11305	0	0.01838	0.47304
V231	0.02986	0.25502	0.03137	0.01374	0.05729	0.11198	0.01232	0	0.46489	0.02353
V232	0.05448	0.38262	0.37548	0.05415	0.01756	0.01014	0.0132	0.05266	0.02322	0.0165
V233	0	0.12834	0.00451	0.02274	0.55462	0.01312	0	0	0.20941	0.06725
V234	0.01547	0.04715	0.00484	0.00027	0.22937	0.01298	0.27167	0.35506	0.0191	0.04409
V235	0.06225	0.0176	0.37646	0.04327	0.01505	0.01387	0.0454	0.3671	0.02588	0.03312
V236	0.04879	0.01515	0.23219	0.2456	0.02838	0.38634	0.0188	0	0.02257	0.00218
V237	0.07443	0.0724	0.34841	0.16241	0.24647	0.03339	0.00117	0.01385	0.01615	0.03131
V238	0.04253	0.0512	0.30705	0.03656	0.03846	0.01509	0.04248	0.41732	0.02959	0.01971
V239	0.07466	0.16108	0.07752	0.44626	0.03606	0.01917	0.03059	0	0.01798	0.13668
V240	0.07498	0	0.02696	0	0.0467	0.26558	0.51713	0.00218	0	0.06646
V241	0.26577	0.0163	0.10959	0.52358	0.02645	0.02592	0	0.01758	0.00666	0.00815
V242	0.02445	0	0.06872	0.03461	0.08362	0.02403	0.00218	0	0.73556	0.02683
V243	0.03041	0	0.05435	0.1109	0.0532	0.08279	0.05253	0	0.4683	0.14752
V244	0.06135	0	0.33343	0.04615	0.0356	0.00048	0.43834	0.03375	0.01165	0.03924
V245	0.18626	0.14002	0.15769	0.01165	0.01913	0.44113	0.03007	0.00968	0.00436	0
V246	0	0.21816	0.01257	0.01238	0.05609	0	0.62667	0.0023	0.0328	0.03902
V247	0.08339	0.03024	0.72835	0.08751	0.01207	0.00231	0.00159	0	0.01606	0.03847
V248	0.52678	0.06588	0.04517	0.0061	0.04097	0.01925	0.15288	0.1315	0.0092	0.00227
V249	0.0769	0.02427	0.57587	0.06621	0.0716	0.00185	0.00289	0	0.02142	0.15899
V250	0.04771	0.05289	0.05026	0.2716	0.03384	0.28479	0.03963	0.18584	0.01403	0.0194
V251	0.58525	0.17209	0.03026	0.02912	0.07935	0.00309	0.00936	0.04281	0.04265	0.00603
V252	0.07218	0.53599	0.00525	0.05067	0.01074	0.235	0.031	0.03547	0.02368	0
V253	0.03654	0.00013	0.32025	0.03175	0.05694	0.09084	0.01207	0	0.42664	0.02484
V254	0	0.16502	0	0.03551	0.63877	0.0089	0	0	0.01233	0.13946
V255	0	0.18157	0	0	0.73555	0.00221	0.00691	0	0.01072	0.06304
V256	0.07933	0.02366	0.13029	0.69674	0.01345	0.03503	0	0	0.01039	0.0111
V257	0.42722	0.01048	0.33963	0.05875	0.01483	0.12432	0.01908	0	0.00102	0.00467
V258	0	0.14795	0	0	0.60971	0.00086	0.01476	0	0.00922	0.2175
V259	0.09368	0.02861	0.01326	0.09534	0.16194	0.01571	0.06647	0.47449	0.02879	0.0217
V260	0.00962	0.22373	0	0.00897	0.01649	0.02214	0.05725	0.60673	0.05508	0
V261	0.22833	0.01387	0.02283	0	0.04533	0.26977	0.33603	0.00024	0.0428	0.0408
V262	0.00861	0.46148	0.07559	0.02297	0.0192	0.32971	0.02462	0.00031	0.02068	0.03683
V263	0.43958	0.39642	0.01339	0.01365	0.02844	0.00622	0.04859	0	0.01253	0.04117
V264	0.06529	0.06422	0.08424	0.48202	0.23787	0.01338	0.01141	0	0.00911	0.03247
V265	0.05137	0.29907	0.04354	0.25955	0.00898	0.02008	0.1431	0	0.01947	0.15485
V266	0.01951	0.71517	0.08879	0.03305	0.01602	0.00142	0.02318	0.00632	0.09654	0
V267	0.00115	0.17035	0	0.02007	0	0.01042	0.02024	0	0.01571	0.76207
V268	0.00973	0.37236	0.01777	0.11932	0.35996	0.00084	0.01728	0	0.05071	0.05203
V269	0.10446	0.01579	0.29073	0.53554	0.02143	0	0	0.00146	0.02284	0.00775
V270	0.00788	0.17877	0	0	0.72481	0.00226	0	0	0.01233	0.07395
V271	0.04714	0.01712	0.18965	0.00918	0.10223	0.0202	0.03385	0	0.55048	0.03015
V272	0.02272	0.18066	0.06182	0.01078	0.03881	0.17022	0.0506	0.14327	0.20812	0.113
V273	0.02334	0.01463	0.04939	0.17651	0.08453	0.62792	0.02207	0	0.00161	0
V274	0.08982	0.00398	0.03807	0.02178	0	0.14481	0.02284	0.02907	0.02905	0.62058
V275	0	0.20793	0	0	0.44532	0.05292	0.00837	0	0.01007	0.2754
V276	0.05211	0.11502	0.06986	0.34995	0.06152	0	0.12806	0.00953	0.0962	0.11776
V277	0.07642	0.22714	0.38927	0.26313	0.01814	0	0	0	0.01694	0.00897
V278	0.12547	0.00595	0.00805	0.01022	0	0	0.02343	0	0.01212	0.81475
V279	0.03623	0.19295	0.04562	0.24794	0.21062	0.00607	0.22385	0	0.00739	0.02933
V280	0.10936	0.03165	0.03035	0.05431	0.15225	0.23418	0.28346	0.06336	0.00524	0.03584
V281	0.00565	0.03481	0.01985	0	0.03258	0.70275	0.0508	0	0.00865	0.14491
V282	0.07931	0.0232	0.13008	0.69041	0.01471	0	0	0.01851	0.03147	0.01231
V283	0.08194	0.09558	0.03624	0.05315	0.43186	0.04784	0.00235	0.00705	0.20071	0.04329
V284	0.02633	0	0.1331	0.02399	0	0	0.02301	0	0.01299	0.78058
V285	0.0134	0.12177	0	0.0013	0	0.0064	0.09202	0.22596	0.04264	0.49653
V286	0.03599	0	0.0428	0.03506	0	0.40258	0.03122	0	0.00274	0.44961
V287	0.02305	0	0	0.00232	0.00839	0.01209	0.42689	0.00174	0.00464	0.52088
V288	0.02451	0.02096	0.02366	0	0.02229	0.29936	0.06649	0.50534	0.03739	0
V289	0.06078	0.19067	0.53853	0.06744	0.0577	0.00156	0.00463	0	0.01498	0.06371
V290	0.01489	0.01084	0.14782	0.02284	0.04228	0.20823	0.50107	0.00725	0	0.04478
V291	0.73245	0.01787	0.08783	0.06304	0.03132	0.05146	0.01183	0.00119	0	0.003
V292	0.06488	0.00583	0.46726	0.04605	0.02502	0.36054	0.01503	0	0.00401	0.01138
V293	0.1019	0.01267	0.69007	0.08117	0.01715	0.00362	0.00496	0.01987	0.01034	0.05825
V294	0.05756	0.24013	0.16462	0.04004	0.05667	0.00607	0.07446	0	0.34281	0.01765
V295	0.07933	0.06786	0.57296	0.07251	0.0078	0.02498	0.01502	0.03935	0.01178	0.1084
V296	0.02215	0.07406	0.09336	0.13544	0.2642	0.01592	0.02839	0.07449	0.26001	0.03198
V297	0.20909	0.05878	0	0.00282	0.01337	0	0.06532	0.00164	0.00547	0.64352
V298	0.08069	0.02424	0.1543	0.68473	0.01571	0.00504	0.00281	0.00501	0.02525	0.00223
V299	0.34322	0.02311	0.01737	0	0.11243	0.45481	0.02018	0	0	0.02888
V300	0.03039	0.03821	0.0402	0.21824	0.18812	0.01984	0.04838	0.36458	0.02574	0.0263
V301	0.01716	0	0.00101	0.01356	0.0172	0.04108	0.07283	0.78305	0.05411	0
V302	0.28928	0.00671	0.1042	0.01191	0.01579	0.02445	0.04099	0.48083	0.02582	0
V303	0.0094	0.55121	0.09656	0.02303	0.01241	0.25486	0.02135	0	0.02984	0.00134
V304	0.1636	0	0.00162	0.00115	0.01744	0.03238	0.07103	0.65607	0.05671	0
V305	0.0572	0.08145	0.30221	0.0375	0.29858	0.06311	0.00482	0	0.01442	0.14071
V306	0.03741	0.01103	0.06309	0.29798	0.02441	0.4572	0.03326	0.03763	0.03798	0
V307	0	0.28777	0	0	0.6287	0.00183	0.00167	0	0.0158	0.06423
V308	0.00059	0.82369	0.0072	0.04784	0.01178	0.0233	0.03303	0.00698	0.04559	0
V309	0	0.31273	0	0.0027	0.57358	0.00213	0.00247	0	0.04737	0.05903
V310	0.24519	0.13936	0.00678	0.00572	0.39229	0.03169	0.00854	0.04624	0.01483	0.10934
V311	0.85184	0.01674	0.05109	0.01093	0.01557	0.00389	0.01007	0.03846	0.00141	0
V312	0.02866	0	0.05946	0.01192	0	0.01664	0.03692	0.11425	0.03567	0.69649
V313	0.00598	0	0	0	0.01713	0.54091	0.06083	0.29217	0.0158	0.06718
V314	0.13174	0.37779	0.14475	0.06269	0.20704	0.02152	0.01167	0	0.01664	0.02615
V315	0.05694	0.00824	0.41933	0.04906	0.03376	0	0.38647	0	0.00628	0.03992
V316	0.01645	0	0.0052	0	0.02578	0.7973	0.04682	0.08862	0.00549	0.01434
V317	0.01731	0.01156	0.0316	0.05711	0.00275	0.00461	0.16557	0	0.0078	0.7017
V318	0.02616	0.52435	0.24903	0.04436	0.02646	0.00679	0.08273	0	0.02383	0.01628
V319	0.01186	0	0.00487	0.00391	0.04502	0.02202	0.58916	0.00432	0	0.31884
V320	0.10439	0.01431	0.46754	0.344	0.02098	0	0.02262	0	0.0091	0.01705
V321	0.04124	0.00468	0.02578	0	0.05566	0.50996	0.02222	0	0.33472	0.00573
V322	0.02455	0	0.08485	0.07788	0	0.08549	0.05934	0	0.01129	0.65659
V323	0.06617	0.00976	0.11008	0.55951	0.01702	0.12749	0	0.01674	0.00844	0.0848
V324	0.31728	0.00244	0.04087	0	0.05837	0.29812	0.02466	0.01985	0.23551	0.0029
V325	0.01431	0	0.02602	0.03062	0.06104	0	0.77669	0.03125	0.01002	0.05005
V326	0.09706	0.01381	0.62663	0.21819	0.01207	0.00031	0	0	0.00956	0.02238
V327	0.00221	0.04206	0.00344	0	0.09815	0.78482	0.04774	0.01834	0.00324	0
V328	0.09949	0.12385	0.14043	0.02052	0.01595	0.0169	0.04334	0.49667	0.03471	0.00813
V329	0	0.82567	0	0.0301	0.01188	0	0.094	0.00149	0.03686	0
V330	0.03616	0	0.0163	0.10967	0.01878	0.08768	0.0535	0.60547	0.07244	0
V331	0.00186	0	0	0	0	0.00756	0.03021	0.20284	0.11962	0.63791
V332	0.03956	0.15615	0.00147	0.07969	0.60227	0.03499	0.00192	0.01884	0.01216	0.05296
V333	0.05779	0.14143	0.11944	0.01756	0.51123	0.03433	0.01727	0.01748	0.01056	0.07292
V334	0.01673	0.00559	0.05974	0.12658	0.06561	0.00653	0.19843	0	0.44801	0.07278
V335	0.09196	0.17858	0.14258	0.07729	0	0.01196	0.0282	0	0.03384	0.43559
V336	0.01719	0	0.06112	0.10646	0.0788	0.12034	0.00539	0	0.57608	0.03462
V337	0.06171	0.00522	0.10323	0.52495	0.01149	0	0.12534	0.00599	0.01346	0.14863
V338	0.35588	0.00202	0.13916	0.00936	0.04003	0.00485	0.09352	0.00853	0.21245	0.1342
V339	0.14454	0.04236	0.05203	0.08343	0.18589	0.04211	0.00091	0	0.41092	0.03781
V340	0.01169	0.00038	0	0.00758	0.02165	0.15226	0.06928	0.69154	0.04563	0
V341	0.15967	0.17491	0	0.00407	0.49814	0.00345	0.06474	0.03372	0.01488	0.04641
V342	0	0.09088	0	0	0.38026	0.00015	0.00915	0	0.01181	0.50777
V343	0.07804	0.005	0.10934	0.01778	0.09512	0.01392	0.17151	0	0.32621	0.18309
V344	0.81696	0.02432	0.08819	0.01623	0.01809	0.00305	0.00701	0.00211	0.02404	0
V345	0.00964	0.82531	0.00482	0.02856	0.02698	0.0013	0.01941	0.01326	0.07073	0
V346	0.07608	0.02433	0.04705	0.02624	0.02523	0.02703	0.03786	0.39388	0.03194	0.31036
V347	0.02335	0	0	0	0	0.12159	0.02375	0	0.00646	0.82485
V348	0	0.13536	0	0	0.57987	0.21067	0.01779	0.00299	0.00494	0.04838
V349	0	0.73129	0	0.02546	0.01892	0	0.18548	0	0.03885	0
V350	0.04809	0	0.09103	0.15819	0.05049	0.00906	0.43576	0.00757	0.16426	0.03554
V351	0.02996	0	0.15007	0.045	0.05909	0.10816	0.47787	6e-05	0.01483	0.11496
V352	0.02904	0.02645	0.00692	0.01148	0.11714	0.28375	0.01969	0	0.11105	0.39449
V353	0.00682	0	0.0053	0	0.02197	0.49353	0.08526	0.24434	0.01834	0.12444
V354	0.00498	0.02759	0.03987	0	0.07437	0.2255	0.02864	0	0.58004	0.01899
V355	0.8012	0.01575	0.04205	0.00651	0.01506	0.00242	0.00897	0.0029	0.00631	0.09882
V356	0.01343	0	0.03783	0.03568	0.06027	0.0292	0.05678	0.36308	0.39051	0.01323
V357	0.02582	0.02233	0.00793	0	0.13517	0.77112	0.03629	0	0.00091	0.00043
V358	0.08386	0.00712	0.61007	0.07383	0.01423	0.10036	0.01111	0.05422	0.01527	0.02991
V359	0.3225	0.00128	0.05035	0.01881	0.0481	0.23737	0.01422	0.00662	0.24956	0.05119
V360	0	0.20131	0.01444	0.00768	0.6334	0.00992	0.01441	0	0.02588	0.09297
V361	0.00371	0	0.00818	0	0.02937	0.90341	0.05285	0	0.00248	0
V362	0.01811	0.05911	0.00022	0	0.29223	0.01528	0.03647	0.42438	0.02979	0.12441
V363	0.33632	0.07873	0.02677	0.00428	0.01544	0.29088	0.02678	0.08715	0.00517	0.12848
V364	0.00517	0.80451	0	0.02946	0.00884	0.00266	0.02503	0.08241	0.04192	0
V365	0.00235	0	0.0062	0.00362	0.06083	0.04804	0.48978	0.0085	0	0.38069
V366	0.1333	0.01646	0.56929	0.06408	0.01235	0.00986	0.00308	0	0.07149	0.12007
V367	0.51033	0.01142	0.03485	0.0839	0.00435	0.12451	0.01612	0.07114	0.0023	0.14109
V368	0.13117	0.01982	0	0.00127	0.01966	0.06604	0.02521	0.00036	0.00646	0.73001
V369	0.26621	0.08863	0.03824	0	0.04833	0.21311	0.01296	0	0.31662	0.01589
V370	0.02142	0.27283	0.00526	0.01714	0.09567	0	0.45954	0.02634	0.00755	0.09426
V371	0.07558	0.01157	0.12151	0.65107	0.01232	0	0	0.00362	0.04952	0.07482
V372	0.42966	0.1176	0.01965	0.00175	0.39071	0.00274	0.00229	0	0.00589	0.02969
V373	0.48316	0	0.00631	0.00953	0	0.00674	0.04014	0.03633	0.00163	0.41615
V374	0.04877	0.26837	0.42471	0.0539	0.02057	0.07519	0.01467	0.06122	0.02438	0.00823
V375	0.04008	0.32825	0.08061	0.32722	0	0.01127	0.00384	0	0.01942	0.1893
V376	0.04989	0.85374	0	0.02892	0.00895	0	0.0177	0	0.0408	0
V377	0.06737	0.10448	0.01957	0.0113	0.003	0.01186	0.02265	0.11562	0.11803	0.52612
V378	0.34389	0.25975	0.08495	0.08235	0.07779	0.02	0.0248	0.00514	0.01516	0.08617
V379	0.00207	0.3463	0.00181	0.00282	0.01363	0.4413	0.02913	0	0.01559	0.14735
V380	0.32518	0.01249	0.02641	0.05381	0.01692	0.03643	0.31342	0.00309	0.00115	0.2111
V381	0.14979	0.00212	0.02859	0.00178	0.04867	0.68617	0.06808	0.0057	0.0091	0
V382	0.09002	0	0.11658	0.00474	0.03273	0.01577	0.00737	0	0.40902	0.32377
V383	0.13766	0.0067	0.031	0.02223	0.02487	0.732	0.04555	0	0	0
V384	0.00645	0	0	0	0	0.06847	0.16193	0.10004	0.00416	0.65895
V385	0.05718	0.02606	0.08874	0.37395	0.08824	0.00841	0.22811	0.09106	0.00692	0.03133
V386	0.38908	0.01086	0.33472	0.09992	0.01948	0.00506	0.01115	0.11453	0.00982	0.00538
V387	0	0.01983	0.02875	0.00805	0.05531	0.04297	0.74545	0.00648	0.01811	0.07505
V388	0.18931	0.00145	0.16554	0.14491	0.02136	0.02676	0.04192	0.35292	0.02116	0.03467
V389	0.04974	0	0.27728	0.04024	0	0.05417	0.01337	0	0.00807	0.55713
V390	0.10173	0.00073	0.02515	0.00409	0.06061	0	0.61733	0.0042	0.0894	0.09678
V391	0.02478	0.00371	0.02069	0.01452	0.07857	0.0053	0.75942	0.03002	0	0.06298
V392	0.09404	0.0044	0.0959	0	0.01674	0.61542	0.03538	0	0.01099	0.12714
V393	0.00019	0	0	0	0	0.19607	0.04449	0.32284	0.02236	0.41405
V394	0.07641	0.00785	0.11067	0.5729	0.02338	0	0.19002	0.00064	0.00573	0.0124
V395	0.01776	0.12892	0.18888	0.01908	0.52575	0.01757	0.01919	0	0.01609	0.06675
V396	0.00931	0.17607	0.0022	0.01955	0.71344	0.00176	0	0	0.01418	0.06348
V397	0.01804	0	0.01223	0.01508	0.01685	0.76625	0.03684	0	0.00702	0.1277
V398	0.07064	0.01841	0.45368	0.25353	0.05986	0.00162	0.0028	0	0.11744	0.02201
V399	0.00595	0.03261	0	0	0.13633	0.00365	0.0202	0.00996	0.19843	0.59287
V400	0.01052	0.00025	0.01298	0.05014	0.04493	0.01391	0.41605	0.4092	0.02072	0.0213
V401	0.041	0.0302	0.1711	0.01993	0.00937	0.05638	0.04937	0.44593	0.03494	0.14177
V402	0.07437	0.01587	0.62889	0.07269	0.01395	0.01394	0.02571	0.11837	0.01439	0.02182
V403	0.02448	0.0056	0.179	0.06446	0.09835	0.01814	0.0838	0	0.48132	0.04485
V404	0.07401	0.05125	0.30296	0.45201	0.09338	0	0	0	0.01089	0.0155
V405	0.80764	0.01259	0.04485	0.00609	0.01886	0.00746	0.09853	0.00399	0	0
V406	0.08447	0.01439	0.41354	0.44386	0.01329	0	0	0	0.01719	0.01326
V407	0.44347	0.12879	0.10777	0.07986	0.08874	0.00791	0.05164	0	0.06524	0.02657
V408	0	0.56943	0	0.01508	0.01044	0.00661	0.18783	0	0.06043	0.15018
V409	0.01364	0	0.02774	0.01406	0	0.06761	0.07953	0	0.0076	0.7898
V410	0.01158	0.01348	0	0.01489	0	0.00924	0.01986	0.03041	0.14097	0.75957
V411	0.06608	0.05783	0.10419	0.5784	0.01041	0.04633	0.02962	0.0038	0.0161	0.08724
V412	0.25791	0	0.03881	0.01736	0.0424	0.34956	0.04982	0.02828	0.21363	0.00224
V413	0.01578	0.0182	0.06513	0.01049	0.12592	0	0.63534	0.00243	0.00894	0.11776
V414	0.14823	0.02594	0.03759	0.01802	0.13492	0.00813	0.35071	0.24117	0.00783	0.02746
V415	0.02813	0.01077	0	0.00536	0.02029	0.0295	0.07051	0.76122	0.05269	0.02154
V416	0.06314	0.2481	0.11237	0.54758	0.01062	0	0	0.00096	0.01724	0
V417	0.0111	0	0	0.0253	0	0	0.02616	0	0.01864	0.91879
V418	0.02832	0.01528	0	0.0172	0.01036	0.02118	0.01857	0.00588	0.0904	0.79282
V419	0.02	0.68126	0.19053	0.04491	0.0092	6e-05	0.02044	0	0.0336	0
V420	0.69312	0.04149	0.10179	0.01383	0.04313	0.0077	0.00772	0.00514	0.00633	0.07976
V421	0.06002	0.22111	0.12861	0.02372	0.03474	0	0.46656	0.00569	0.00481	0.05474
V422	0	0.04121	0.01595	0.00489	0.21837	0.00225	0.36973	0	0.20182	0.14577
V423	0.09491	0.01515	0.25346	0.60751	0.01317	0	0	0	0.01057	0.00522
V424	0	0.83806	0	0.02883	0.00943	0.03945	0.04076	0.00011	0.04335	0
V425	0.64166	0.11299	0.03631	0.00431	0.02285	0.00492	0.01608	0.05649	0.10439	0
V426	0	0.16058	0	0.02545	0.6293	0.06888	0.00085	0	0.04807	0.06687
V427	0.00171	0.25597	0.00579	0.00346	0.02156	0.65392	0.04087	0	0.01671	0
V428	0.16139	0.27645	0.01522	0.01738	0.03768	0.00199	0.30951	0.08267	0.01052	0.08719
V429	0.86545	0.01962	0.06823	0.00832	0.0183	0.00334	0.00807	0.00289	0.00578	0
V430	0.1272	0.01021	0.13063	0.52848	0.0276	0	0.02606	0	0.1431	0.00671
V431	0.0478	0.0447	0.06931	0.37912	0.06997	0.00772	0.02279	0.26355	0.09119	0.00386
V432	0.84678	0.01749	0.05178	0.00592	0.02316	0.00228	0.04919	0.0034	0	0
V433	0.0052	0.07043	0.04389	0.00401	0.06773	0.00916	0.16791	0	0.51582	0.11585
V434	0.80528	0.02554	0.12271	0.01646	0.01682	0.00292	0.00737	0.0016	0.00131	0
V435	0.31869	0.01173	0.13752	0.01922	0.04618	0.01525	0.00411	0	0.36229	0.08501
V436	0.4607	7e-04	0.03636	0.03748	0.02788	0.17119	0.23005	0.00813	0.01025	0.01725
V437	0.00507	0	0	0.00936	0	0.02577	0.02305	0.00167	0.01637	0.91871
V438	0.0819	0.02454	0.13454	0.7181	0.01302	0	0	0.00442	0.01142	0.01206
V439	0.1005	0.00319	0.09845	0.37837	0.00727	0.02454	0.02237	0.13484	0.01418	0.21628
V440	0	0.05196	0	0.00577	0	0	0.02749	0	0.01759	0.89718
V441	0.4264	0.04966	0.07623	0.28913	0.13372	0.0129	0.00295	0	0.00352	0.00548
V442	0.46307	0.00478	0.06206	0.00358	0.02355	0.42406	0.0189	0	0	0
V443	0.01148	0	0.01253	0.00624	0.03394	0	0.7104	0.00696	0	0.21844
V444	0.53687	0.00698	0.17692	0.04307	0.00828	0.00663	0.08603	0.00035	0.00011	0.13476
V445	0.03374	0.42586	0.05665	0.32194	0.01572	0	0.01468	0	0.10017	0.03125
V446	0.00649	0.72051	0	0.02319	0.07476	0	0.13101	0	0.03249	0.01155
V447	0.03636	0.06646	0.00083	0	0.32293	0.33948	0.03618	0.15758	0.01717	0.02301
V448	0.00019	0.75839	0.02992	0.02961	0.01595	0	0.12525	0	0.04069	0
V449	0	0.17662	0	0.01098	0.68925	0.01134	0.01007	0.01759	0.01223	0.07192
V450	0.40411	0.00166	0.03922	0	0.01904	0.51184	0.02414	0	0	0
V451	0.11832	0	0.01766	0.00943	0.03677	0.05982	0.52479	0.20438	0.00142	0.0274
V452	0.2196	0.00459	0.02222	0.10344	0.04437	0.01106	0.03699	0.36593	0.04502	0.14678
V453	0.59765	0.06829	0.05531	0.13937	0.05339	0.0059	0.02458	0.00053	0.00028	0.0547
V454	0.0099	0.06954	0.02395	0.12539	0.34009	0.04323	0.3182	0	0.00697	0.06274
V455	0.21199	0.1144	0	0	0.47277	0.0082	0.00277	0	0.00695	0.1829
V456	0.79302	0.03051	0.10861	0.01387	0.01648	0.0084	0.01812	0.00669	0.00072	0.00357
V457	0.07036	0.16055	0.1208	0.62125	0.01192	0.00062	0	0	0.0145	0
V458	0.07306	0.02144	0.12092	0.64423	0.01447	0.10755	0	0	0.00891	0.00943
V459	0.00845	0.09925	0.01085	0.00111	0.27447	3e-05	0.44046	0	0.09821	0.06716
V460	0.00903	0	0	0.01093	0.00262	0.02563	0.09205	0.49446	0.09553	0.26976
V461	0.0125	0.04076	0.02754	0.0083	0.05364	0.02466	0.72479	0.03696	0.01199	0.05886
V462	0.04019	0.00259	0.12534	0.01823	0.02008	0.02516	0.05918	0.66521	0.04402	0
V463	0.02114	0	0.07968	0.02346	0	0	0.04618	0.00023	0.01222	0.81709
V464	0.00301	0.84107	0.03607	0.04617	0.01115	0	0.01624	0	0.04628	0
V465	0.04715	0.42683	0.04149	0.22451	0.02498	0.12054	0.03081	0	0.0837	0
V466	0.09604	0.06932	0	0	0.2534	0	0.01158	0	0.01419	0.55548
V467	0.03165	0.03279	0.00868	0.05073	0.01966	0.05366	0.06319	0.69288	0.04676	0
V468	0.01525	0	0.01168	0	0.03439	0.77753	0.10074	0.0059	0.05451	0
V469	0.10997	0.07726	0.00912	0.12468	0.06681	0.00816	0.01555	0.09263	0.01861	0.47721
V470	0.01587	0.09588	0.09166	0.05029	0.02376	0.68641	0.032	0	0.00412	0
V471	0.04963	0.01732	0.38299	0.04418	0.03621	0.01107	0.01437	0.08143	0.03163	0.33117
V472	0.00993	0.12489	0.00864	0.11755	0.52833	0.07982	0.01214	0.0425	0.01746	0.05873
V473	0.06711	0.00476	0.5632	0.06459	0	0.04491	0.00744	0	0.01465	0.23333
V474	0	0	0	0	0	0.03185	0.02942	0	0.01463	0.9241
V475	0.00498	0.26805	0.07969	0.02503	0.16197	0	0.41452	0	0.0075	0.03827
V476	0.16964	0.10012	0.22326	0.02356	0.39777	0.00194	0.01247	0	0.00771	0.06352
V477	0.02721	0.2765	0	0.00815	0.0166	0.35073	0.06355	0.23467	0.0226	0
V478	0.08426	0.05885	0.62751	0.08631	0.03424	0.0025	0.00256	0	0.04593	0.05783
V479	0.07327	0.06343	0.17945	0.58123	0.02638	0	0	0.00183	0.07075	0.00365
V480	0.20009	0.17519	0.02327	0.0598	0.2961	0.00342	0.00269	0	0.15464	0.08481
V481	0.04589	0	0.03489	0.07576	0.05347	0	0.6812	0.01345	0.03712	0.05822
V482	0.02165	0	0.01839	0	0.02706	0.31096	0.14137	0.41364	0.04218	0.02475
V483	0.007	0.37916	0	0.01999	0.01184	0.01654	0.04743	0.47269	0.04535	0
V484	0.02417	0.00197	0.03187	0.07881	0.08329	0.31265	0.25706	0.08423	0.10806	0.01789
V485	0.00984	0.28606	0.01481	0.01154	0.04681	0	0.4946	0	0.10555	0.03078
V486	0.01359	0.00218	0.0151	0	0.04274	0.56647	0.3162	0	0.03137	0.01234
V487	0.44149	0.06735	0.17009	0.02999	0.24424	0.00864	0.00259	0	0.00458	0.03103
V488	0.05339	0.00566	0.40357	0.06662	0	0.00773	0.00783	0	0.04979	0.40541
V489	0.13084	0.04222	0.01483	0.03946	0.02045	0.02107	0.05938	0.60842	0.05753	0.0058
V490	0.00062	0.5447	0.0038	0.02571	0.05783	0.07222	0.02664	0.03679	0.19595	0.03574
V491	0.00593	0	0	0	0	0.00345	0.0586	0.15233	0.0235	0.75618
V492	0.01805	0.06768	0.02982	0.00751	0.05347	0.10192	0.10015	0	0.44412	0.17728
V493	0.18321	0.16306	0.31279	0.11634	0.15733	0.01596	0.00294	0.00147	0.02828	0.01862
V494	0.03418	0.0162	0.23609	0.03775	0.03605	0.03952	0.0678	0.32354	0.14525	0.06362
V495	0.00206	0.1489	0.00072	0.03547	0.47845	0.17868	0.01855	0.02628	0.00961	0.10128
V496	0.05839	0.14545	0.48475	0.05952	0.01355	0.00753	0.02467	0.17338	0.0207	0.01205
V497	0	0.01591	0	0.00281	0.05724	0	0.02052	0.00079	0.01666	0.88608
V498	0.07361	0.01418	0.13593	0.61093	0.02804	0	0	0.10846	0.01578	0.01307
V499	0.21731	0	0	0.00054	0	0	0.0227	0.00245	0.00603	0.75098
V500	0.41331	0.01413	0.12202	0.00981	0.03859	0.15772	0.15266	0	0.008	0.08376
V501	0.03	0	0.16468	0.02766	0	0.00898	0.03081	0.28397	0.03348	0.42041
V502	0.06756	0.00755	0.10382	0.57006	0.01616	0.01018	0.02427	0.15173	0.03639	0.0123
V503	0.03711	0	0.01315	0	0.02775	0.03154	0.08129	0.55993	0.19218	0.05706
V504	0.10602	0	0.00698	0.00543	0.01927	0.09212	0.30751	0.32957	0.01706	0.11604
V505	0.0808	0.02985	0.26633	0.0236	0.11938	0.19497	0.10999	0.10107	0.0069	0.06712
V506	0.00262	0.03672	0	0	0.08542	0.04883	0.05087	0.32779	0.0226	0.42515
V507	0.01031	0.4296	0.00305	0.01465	0.03052	0.00282	0.32641	0.10153	0.06773	0.01337
V508	0.40377	0.00343	0.05266	0	0.02731	0.47319	0.02442	0.01302	0.00175	0.00046
V509	0.01877	0.69776	0.00192	0.02196	0.01564	0.06296	0.15118	0	0.02982	0
V510	0.05358	0.58594	0.01077	0.02262	0	0	0.0167	0	0.02829	0.28211
V511	0.06006	0.25545	0	0.01425	0	0	0.01634	0	0.02003	0.63387
V512	0.03942	0.33193	0.25253	0.03324	0.02553	0.22123	0.01692	0	0.0213	0.0579
V513	0.62492	0.01283	0.01264	0.00616	0	0.00234	0.01356	0.0474	0.00397	0.27618
V514	0.01924	0	0.01829	0	0.03343	0.00866	0.00943	0	0.49023	0.42073
V515	0.01948	0.10858	0.01381	0.00113	0.03396	0.11235	0.17791	0.41032	0.11787	0.00459
V516	0.05123	0.40619	0.05713	0.24943	0.07641	0	0.06161	0.03269	0.03954	0.02579
V517	3e-04	0.0145	0.00271	0.01013	0.14386	0	0.51572	0.00127	0.01121	0.30029
V518	0.04553	0.00279	0.0533	0.36142	0	0.0504	0.04377	0	0.01448	0.42831
V519	0.03812	0.00223	0.0252	0.00678	0.09954	0.2318	0.51272	0.02267	0.00126	0.05967
V520	0.02331	0.02416	0.12715	0.01272	0.02793	0.19722	0.05316	0.50323	0.03113	0
V521	0.00693	0	0	0.05237	0	0	0.01933	0	0.01607	0.9053
V522	0.04528	0.06769	0.15047	0.0422	0.2199	0.01569	0.04788	0.01434	0.02755	0.36899
V523	0	0.18142	0	0	0.73342	0.01056	0	0	0.01194	0.06265
V524	0.02997	0.06651	0.14311	0.0192	0.03145	0.67002	0.03004	0	0.00272	0.00698
V525	0.02768	0.262	0.10071	0.01614	0.05464	0.01338	0.03101	0.30022	0.19054	0.00368
V526	0.00786	0.21681	0	0	0.45704	0.01758	0.02113	0.22009	0.02316	0.03633
V527	0.34524	0.01902	0.33476	0.0368	0.03288	0.02101	0.0169	0.16528	0.01172	0.01637
V528	0.02155	0.38633	0	0.00871	0.24519	0.00287	0.0224	0.07423	0.02769	0.21102
V529	0.42191	0.01325	0.42274	0.04804	0.021	0.01025	0.00663	0.02929	0.01649	0.0104
V530	0.00405	0.05711	0.0384	0.02442	0.31155	0.00781	0.08921	0	0.42197	0.04548
V531	0.35179	0.00259	0.06071	0	0.06369	0.01047	0.00357	0	0.49184	0.01535
V532	0.03273	0.01854	0.05038	0	0.08796	0.01511	0.0047	0	0.76329	0.02729
V533	0.02413	0	0.00912	0.1291	0	0.02163	0.04004	0.45863	0.03586	0.28151
V534	0.04636	0.02753	0.09312	0.38844	0.0925	0.00329	0.00173	3e-04	0.31736	0.02938
V535	0.6589	0.00865	0.04257	0.03831	0.01516	0.21385	0.01717	0.00059	0.0048	0
V536	0.02861	0.00634	0.01608	0	0.08072	0.66912	0.04663	0.08813	0.03	0.03436
V537	0.09158	0.00793	0.46231	0.19968	0.01694	0.15822	0.00393	0	0.03566	0.02376
V538	0.00538	0	0.00737	0	0.01799	0.54812	0.04395	0	0.09516	0.28203
V539	0.07138	0.03524	0.21268	0.04449	0.02391	0.02977	0.05581	0.38955	0.05711	0.08007
V540	0.40023	0.3079	0.0628	0.01438	0.17178	0.00764	0.0121	0	0.01636	0.00683
V541	0.10308	0.01584	0.61216	0.18197	0.02571	0.03171	0	0	0.00789	0.02164
V542	0.08209	0.01693	0.15579	0.70024	0.02037	0	0	0	0.01082	0.01377
V543	0.00259	0	0	0.00213	0	0.40372	0.06862	0	0.00083	0.52211
V544	0.22898	0.00961	0.51064	0.06178	0.02588	0.00427	0.00161	0	0.13694	0.0203
V545	0.13954	0.03272	0.30091	0.25466	0.11598	0.12264	0.01388	0	0.0051	0.01457
V546	0.09465	0.09159	0.03948	0.22177	0.38007	0.07372	0.04722	0	0.00536	0.04615
V547	0.04994	0	0.0535	0.08962	0.06401	0.00867	0.52095	0.00159	0.17039	0.04133
V548	0.0037	0.04133	0.01634	0	0.22722	0.45036	0.08737	0.13766	0.00784	0.02819
V549	0.05724	0	0.15234	0.00473	0.06604	0.01232	0.00464	0	0.59389	0.10879
V550	0.33706	0.04071	0.46635	0.06607	0.03283	0.00295	0.01124	0.02221	0.0071	0.01348
V551	0.06125	0.05936	0.50416	0.08447	0.01538	0.00123	0.02868	0	0.06287	0.18257
V552	0.08189	0.03565	0.27045	0.57342	0.02057	0	0	0	0.01109	0.00692
V553	0.00603	0	0.0164	0.01078	0.02885	0.88487	0.04393	0	0.00913	0
V554	0.1675	0.02251	0.12777	0.59452	0.01737	0.00462	0.0253	0.00516	0.03375	0.00149
V555	0.41845	0.03011	0.05804	0.07299	0.08786	0.29134	0.01308	0	0	0.02812
V556	0.01924	0.15252	0.00209	0.0947	0.51889	0.03546	0.00641	0.06376	0.01364	0.09328
V557	0.05834	0	0	0	0	0.20364	0.09171	0	0	0.64631
V558	0.07934	0.27353	0.02075	0.03086	0.39458	0.00054	0.00395	0	0.01409	0.18237
V559	0.53499	0.07505	0.25985	0.05993	0.01548	0.00139	0.0444	0.0031	0.00289	0.00293
V560	0.06242	0.00373	0.09623	0.51596	0	0.00176	0	0	0.01772	0.30217
V561	0.01687	0.03637	0.17834	0.02035	0.06119	0.08301	0.48698	0.01336	0.05256	0.05098
V562	0	0.09166	0.01033	0	0.31622	0.19625	0.13098	0	0.20275	0.05182
V563	0.07198	0.00313	0.04522	0	0.10344	0.20795	0.00972	0	0.5387	0.01986
V564	0	0.09654	0	0	0.29977	0.00611	0.01153	0	0.01042	0.57563
V565	0.05683	0.00079	0	0.00446	0	0.00512	0.03292	0.00164	0.01848	0.87976
V566	0.61764	0.02294	0.04092	0	0.06195	0.08926	0.02551	0	0.14126	0.00053
V567	0.05289	0.00724	0.02687	0	0.0438	0.7221	0.04831	0	0.09878	0
V568	0.59239	0.19722	0.04564	0.09538	0.0135	0.01239	0.03853	0	0.00449	0.00047
V569	0	0.84353	0	0.04096	0.01223	0	0.01764	0	0.06571	0.01992
V570	0.25952	0.00806	0.0239	0.10716	0.00307	0.03378	0.0786	0	0.04629	0.43963
V571	0.27605	0.02397	0.42964	0.22063	0.02011	0.00014	0	0	0.01764	0.01183
V572	0.02038	0	0.01082	0.08818	0.02066	0.05059	0.14553	0.61855	0.04481	0.00048
V573	0.55975	0.01409	0.05962	0.14815	0.03161	0.03351	0.01344	0.05192	0.00213	0.08577
V574	0.04588	0.0287	0.40089	0.03763	0.01924	0.40102	0.02562	0	0.01027	0.03074
V575	0	0	0	0	0	0	0.05075	0	0.01672	0.93252
V576	0.00797	0.0024	0.04564	0	0.10973	0.11625	0.02221	0.17	0.50555	0.02025
V577	0.00458	0.0061	0.01698	0	0.03124	0.87983	0.04519	0	0.01609	0
V578	0.77732	0.01632	0.08098	0.00955	0.02737	0.0082	0.04497	0.01744	0.00377	0.01408
V579	0.70796	0.01176	0.10902	0.02051	0.01654	0.09369	0.01406	0.00033	0.02613	0
V580	0	0.71844	0.00093	0.02269	0.18573	9e-05	0.02629	0	0.04087	0.00497
V581	0.02106	0.2091	0.12895	0.0227	0	0.00115	0.01392	0	0.10968	0.49344
V582	0.33392	0.05457	0.03076	0.13683	0.17149	0.00598	0.00356	0	0.0059	0.25699
V583	0.15258	0.70392	0.00372	0.02287	0.00501	0.03652	0.01896	0.02562	0.0308	0
V584	0.06443	0.03889	0.56903	0.06494	0.14231	0.01187	0.01254	0.04646	0.01764	0.03189
V585	0.05248	0.00304	0.29795	0.17496	0.01195	0.00138	0.00291	0	0.13263	0.32271
V586	0.42255	0.00774	0.05345	0.00225	0.07062	0.0096	0.00457	0.00128	0.41557	0.01238
V587	0.05938	0.534	0	0.01621	0	0.13774	0.02659	0	0.02763	0.19845
V588	0.00199	0	0.0338	0.03167	0.05558	0.06322	0.75951	0.00717	0	0.04706
V589	0.09318	0.16099	0.02493	0	0.02627	0.30065	0.09816	0.20214	0.07331	0.02036
V590	0.0021	0.83337	0	0.0238	0.03215	0.00665	0.06398	0	0.03794	0
V591	0.03936	0.05433	0.06602	0.33013	0.02776	0.4509	0.02065	0	0.00495	0.0059
V592	0	0.16489	0.00945	0.00056	0.67578	0.00246	0.00066	0	0.01379	0.13243
V593	0.01117	0.02123	0.01804	0.01159	0.02136	0.0514	0.01415	0	0.28795	0.5631
V594	0.38739	0.01084	0.05364	0	0.07037	0.01265	0.03193	0.00177	0.24084	0.19056
V595	0.8687	0.0198	0.05807	0.01709	0.01854	0.00312	0.00823	0.00321	0.00165	0.00159
V596	0.00548	0.04277	0.02275	0	0.0411	0.34889	0.25919	0.23441	0.02468	0.02072
V597	0.02237	0.37722	0.02038	0.17418	0.00997	0.00916	0.03663	0.31461	0.03549	0
V598	0.05156	0.02401	0.0213	0.00744	0.08784	0.00881	0.27984	0	0.13171	0.38747
V599	0.0302	0.03516	0.02147	0.03679	0.05665	0.01672	0.3683	0.00536	0.10719	0.32216
V600	0.07581	0.13017	0.12277	0.53267	0.01438	0.03148	0.00431	0.04544	0.03378	0.00919
V601	0.47907	0.02173	0.02602	0.00427	0.1164	0.00748	0.30782	0.00311	0.00035	0.03374
V602	0.64669	0.00639	0.08552	0.01647	0.02148	0.00062	0.19273	0.01475	0	0.01536
V603	0.16181	0.03017	0.01814	0.00369	0.17329	0.02524	0.15968	0	0.13493	0.29305
V604	0.2667	0.19265	0.03033	0.12949	0.01198	0.00905	0.03229	0.30512	0.0224	0
V605	0.06642	0.00346	0.05043	0.10787	0.04776	0.66175	0.04334	0.01267	0.0063	0
V606	0.14603	0.00424	0.28665	0.14195	0.04597	0.014	0.02064	0	0.3208	0.01973
V607	0.00259	0.51996	0.0375	0.02432	0.29231	0.00287	0.01118	0.01858	0.07068	0.02001
V608	0	0.47617	0	0.06157	0.39804	0.00058	0.00501	0	0.03018	0.02844
V609	0.69808	0.1482	0.05129	0.02521	0.01505	0.00148	0.03841	0.00598	0.01629	0
V610	0.134	0.01322	0.69911	0.08312	0.014	0.00247	0.00794	0	0.01992	0.02622
V611	0.68105	0.10978	0.05801	0.09595	0.03567	8e-04	0.00479	0.00085	0.00256	0.01055
V612	0.00539	0.37142	0.00864	0.08234	0.4014	0.03417	0.0078	0.0261	0.0324	0.03033
V613	0.01385	0.21321	0.02074	0.00652	0.10631	0.40197	0.17101	0.04999	0.00832	0.00807
V614	0.07685	0.1181	0.08268	0.4307	0.01874	0.00935	0.01057	0.10095	0.10297	0.04909
V615	0	0.16061	0	0	0.66916	0.07473	0.00195	0	0.01416	0.07939
V616	0.44948	0.25773	0.04255	0.0268	0.0608	0.10153	0.02352	0.00602	0.01803	0.01354
V617	0.00424	0.67148	0.05923	0.0267	0.12487	0.04005	0.01643	0.00516	0.0504	0.00144
V618	0.09122	0.12096	0.11096	0.59589	0.01573	0	0.0462	0	0.01834	0.00071
V619	0.03751	0.00261	0.0158	0.03758	0.0842	0.03505	0.21005	0.48594	0.05323	0.03802
V620	0.58416	0.00333	0.04256	0.02192	0.02362	0.03462	0.24572	0.00485	0	0.03922
V621	0.01323	0	0	0.01087	0.01685	0.03223	0.07429	0.79746	0.05507	0
V622	0.05324	0.02048	0.24226	0.13894	0.06786	0.29669	0.05004	0.0958	0.02681	0.00788
V623	0.06555	0.01568	0.5699	0.06091	0.01575	0.24019	0.01103	0	0.00503	0.01595
V624	0.09031	0.6258	0.01836	0.01885	0.01751	0.05497	0.06883	0	0.10538	0
V625	0.00429	0.16545	0.00635	0.08157	0.66884	0.00036	0	0	0.01339	0.05975
V626	0	0.12362	0.01671	0.00481	0.15795	0.13005	0.51997	0.00654	0	0.04035
V627	0.26353	0.01582	0.26261	0.41213	0.02065	0	0	0.0022	0.01855	0.00451
V628	0.03148	0	0.01264	0.02156	0.01729	0.02994	0.0693	0.75954	0.05824	0
V629	0.46127	0.17431	0.07695	0.2542	0.01649	0	0.00051	0.00921	0.00707	0
V630	0.025	0.12071	0.03991	0.01414	0	0.01818	0.0177	0	0.0155	0.74888
V631	0.08268	0.01511	0.13652	0.7271	0.0146	0.01139	0	0	0.01178	0.00082
V632	0.0604	0.01945	0.41553	0.03832	0.02415	0.24724	0.02551	0.05134	0.08278	0.03528
V633	0	0.16968	0	0.00469	0.69955	0.00207	0.03379	0	0.02513	0.0651
V634	0.20258	0.00783	0.00494	0.00616	0.04429	0.00784	0.04107	0	0.1051	0.5802
V635	0.00328	0	0	0.00814	0	0.06341	0.0247	0.04096	0.04208	0.81742
V636	0.05609	0.44223	0	0.04729	0.30406	0.00041	0.03885	0	0.04336	0.06771
V637	0.08816	0.40493	0.00394	0.00935	0.30013	0.00843	0.13397	0.00154	0.02093	0.02863
V638	0.00122	0.07118	0.01977	0.03611	0.08072	0.08136	0.64411	0.01088	0	0.05466
V639	0.0169	0	0	0.00661	0	0	0.04852	0	0.02502	0.90295
V640	0.03936	0.60751	0.01306	0.07144	0.09872	0.01024	0.01629	0.05627	0.0871	0
V641	0.00638	0	0.08828	0.01428	0.04929	0.02289	0.71842	0.01299	0	0.08747
V642	0.01711	0	0.01509	0.00274	0.02813	0.86821	0.05137	0	0.00187	0.01548
V643	0.05993	0.59466	0.00602	0.01982	0.0076	0.00782	0.03117	0.22875	0.04423	0
V644	0.02033	0	0	0.01001	0	0	0.02723	0.00189	0.02255	0.91801
V645	0.79238	0.01533	0.0753	0.00859	0.02231	0.00971	0.01019	0.04357	0.02018	0.00244
V646	0.00573	0.01126	0.01246	0	0.08914	0.60284	0.03255	0.00284	0.00221	0.24097
V647	0.07498	0.01881	0.64431	0.08803	0.02482	0.00128	0.11128	0	0.00624	0.03026
V648	0	0	0.03145	0.00936	0.06301	0	0.82213	0.01629	0.00378	0.05398
V649	0.13029	0.05151	0.00737	0.01323	0.17888	0.32251	0.04859	0.22935	0.0117	0.00656
V650	0.13396	0.09178	0.01866	0.00324	0.02682	0.64725	0.05149	0	0.02493	0.00186
V651	0.7775	0.03189	0.04047	0.00446	0.08909	0.03918	0.01262	0.00114	0.00365	0
V652	0.02802	0	0	0.01693	0.02251	0.04711	0.06447	0.70916	0.1118	0
V653	0.08022	0.02714	0.70145	0.08291	0.03846	0.00225	0.00136	0	0.01585	0.05036
V654	0	0.11662	0	0.00573	0.50795	0.01136	0.02959	0.26334	0.02247	0.04294
V655	0.05541	0.00062	0.26641	0.0733	0.03066	0.02395	0.03685	0.44655	0.03594	0.03031
V656	0.05999	0.0176	0.14422	0.01966	0.06508	0.05088	0.02101	0.09528	0.50573	0.02055
V657	0.02103	0	0.06761	0.16267	0.07464	0.02642	0.16516	0.00127	0.4525	0.0287
V658	0.05159	0.15859	0.05353	0.19285	0.03337	0.28248	0.04039	0.16541	0.02179	0
V659	0.00195	0.04898	0.03041	0	0.2856	0.01017	0.05826	0	0.5213	0.04333
V660	0.13154	0.00931	0.11019	0.43575	0.03993	0	0	0.00164	0.22666	0.04498
V661	0.28209	0.60502	0.00842	0.032	0.01362	0.00056	0.01268	0	0.04562	0
V662	0.20405	0.00781	0.47882	0.0906	0.00418	0.04289	0.01088	0	0.00652	0.15425
V663	0.43897	0.01046	0.13022	0.05299	0.02897	0.0071	0.30338	0.00863	0.00127	0.01799
V664	0.02107	0.64355	0.0055	0.02507	0.0285	0.00192	0.08621	0	0.18817	0
V665	0.07294	0.24981	0.0958	0.54366	0.01098	0.00214	0	0.00144	0.01727	0.00597
V666	0	0.64839	0	0.01136	0.28338	0.00106	0.0121	0	0.03011	0.0136
V667	0.59775	0.00748	0.04947	0.03319	0.02958	0.12118	0.00889	0.00425	0.14821	0
V668	0	0.18023	0	0	0.70098	0.00397	0.00488	0.03794	0.01203	0.05996
V669	0.07978	0.03633	0.13075	0.70335	0.02201	0	0.00118	0.01247	0.01278	0.00136
V670	0.01463	0.00125	0.01645	0.03808	0.04129	0.02309	0.0709	0.53496	0.2539	0.00544
V671	0.0046	0.00783	0.01064	0	0.03754	0.86912	0.04612	0.0204	0.00375	0
V672	0.60325	0.01442	0.09315	0.24665	0.01353	0	0.02166	0.00179	0.00072	0.00484
V673	0.0278	0.06928	0.01006	0	0.01962	0.44694	0.05034	0.01695	0.04719	0.31182
V674	0.00489	0	0.05033	0	0.08763	0.01517	0.0035	0	0.79506	0.04342
V675	0.03486	0	0.03957	0.22856	0	0	0.00751	0	0.01648	0.67301
V676	0.02928	0	0.23173	0.0285	0.01842	0.5856	0.03351	0	0.00089	0.07205
V677	0.82148	0.02024	0.07242	0.00865	0.03255	0.00316	0.01392	0.0226	0.00146	0.00351
V678	0.00763	0.00726	0.07858	0	0.0869	0.03464	0.00392	0	0.75312	0.02795
V679	0.00273	0.2398	0	0	0.3924	0.30111	0.02812	0	0.0077	0.02813
V680	0.08874	0	0.11711	0.01558	0.02439	0.02351	0.05511	0.63603	0.03953	0
V681	0.01747	0.08445	0.13322	0.01224	0.34205	0.07931	0.02508	0.25415	0.02034	0.03168
V682	0.05888	0.37883	0.0997	0.25494	0.01906	0.01003	0.01916	0.1158	0.0436	0
V683	0.06437	0.51298	0.1649	0.06115	0.02259	0	0.14667	0	0.02137	0.00596
V684	0	0.18574	0	0.004	0.33445	0.01393	0.03937	0.35538	0.04267	0.02446
V685	0.01533	0	0.01484	0.05612	0.00357	0.18121	0.02514	0.09385	0.1517	0.45824
V686	0.3669	0.0431	0.01434	0.00775	0.02615	0.02806	0.10919	0.38099	0.01734	0.00618
V687	0.0603	0.00585	0.52605	0.06208	0.03859	0.00649	0.00076	0	0.27188	0.028
V688	0.0054	0.0273	0.05355	0	0.15159	0.08529	0.23949	0	0.20524	0.23212
V689	0.86917	0.02064	0.056	0.00667	0.02411	0.00301	0.01367	0.00311	0.00137	0.00226
V690	0.01519	0	0.09392	0.00631	0.00233	0.56857	0.03656	0	0.00691	0.2702
V691	0.30333	0.04428	0.02611	0.05847	0.17477	0.1043	0.16935	0.08855	0.00191	0.02893
V692	0.48105	0.33269	0.03197	0.08128	0.04139	0.0066	0.01258	0.00156	0.01089	0
V693	0	0.13331	0	8e-05	0.12968	0.03455	0.02412	0.0145	0.01688	0.64689
V694	0.02091	0.00154	0.03258	0.09164	0.0995	0	0.66725	0.03609	0.00339	0.0471
V695	0.06757	0.02794	0.11406	0.57829	0.01679	0.01664	0.05941	0.10412	0.0136	0.00159
V696	0.07795	0	0	0	0	0.01174	0.04085	0.40561	0.02737	0.43648
V697	0.0505	0.00697	0.0409	0.25468	0.01776	0.01635	0.06186	0.51621	0.03478	0
V698	0	0.79177	0.01615	0.02885	0.06522	0	0.01598	0	0.04458	0.03746
V699	0.07988	0.06037	0.20679	0.37193	0.22128	0.00415	0	0	0.00953	0.04608
V700	0.0719	0.01718	0.59174	0.10426	0.01475	0.16324	0.01316	0	0.0058	0.01797
V701	0.00207	0.79719	0.02521	0.04863	0.01434	0.00702	0.03591	0	0.06818	0.00145
V702	0.00426	0.65802	0.04009	0.02404	0.00378	0.11111	0.02843	0.00587	0.03056	0.09385
V703	0.05649	0.54169	0.01572	0.02473	0.05764	0.01561	0.20594	0.01815	0.03375	0.03027
V704	0.00623	0.03726	0	0.00523	0.19834	0.01755	0.03176	0.30051	0.02378	0.37933
V705	0.0057	0.01376	0.00475	0.00414	0.01963	0.00846	0.39317	0.28392	0.01329	0.25319
V706	0.01163	0	0	0.00233	0.0263	0.03226	0.07467	0.79755	0.05525	0
V707	0.05637	0.06043	0.07429	0.46119	0	0	0	0.01542	0.01329	0.319
V708	0.00712	0.60973	0.08393	0.02965	0.01032	0.00577	0.14416	0	0.02658	0.08274
V709	0	0	0	0	0	0.00597	0.02458	0.00787	0.01797	0.94362
V710	0	0.74008	0	0.01665	0.01108	0.14756	0.02242	0	0.06221	0
V711	0.07411	0	0.02086	0.00383	0.0711	0.0791	0.68923	0.00609	0	0.05569
V712	0.32252	0.00652	0.0286	0.02875	0.01745	0.24297	0.03657	0.29915	0.01748	0
V713	0.05024	0.00121	0.41468	0.05454	0.04067	0.01038	0.01813	0.11037	0.2769	0.02287
V714	0.01078	0	0	0.05973	0	0	0.01946	0.0127	0.01946	0.87786
V715	0.03789	0.10418	0.23816	0.02555	0.43077	0.00563	0.00771	0.08271	0.02113	0.04627
V716	0.00146	0.02099	0	0.02262	0	0.01165	0.02311	0.00129	0.01728	0.90159
V717	0.00617	0.00435	0.0629	0.00194	0.12337	0.01173	0.11403	0	0.6257	0.04981
V718	0.0212	0.00475	0.01711	0.03286	0.02711	0.74342	0.05837	0.09	0.00519	0
V719	0.02906	0.00549	0.14303	0.04429	0.0243	0.00815	0.01708	0.04754	0.0248	0.65627
V720	0.06798	0.01225	0.11952	0.58678	0.02312	0.18318	0	0	0.00717	0
V721	0.0578	0.00029	0.0566	0.09103	0.08523	0.02244	0.01659	0.08101	0.55363	0.03538
V722	0.26317	0.01876	0.09743	0.46424	0.00996	0.01312	0	0.06532	0.01539	0.05261
V723	0.38374	0.00253	0.18384	0.06133	0.01168	0.06371	0.02963	0.12916	0.03468	0.09969
V724	0.24723	0.01046	0.09849	0.36462	0.0405	0.00748	0	0	0.21449	0.01673
V725	0.22868	0.0179	0.09197	0.42163	0.00609	0	0	0.02891	0.00899	0.19582
V726	0	0.17317	0	0	0.67895	0.04448	0.00597	0.03052	0.01007	0.05683
V727	0.0104	0	0.01268	0.00503	0.00484	0.00593	0.01378	0	0.34155	0.6058
V728	0	0	0	0.00037	0	0	0.03431	0	0.01853	0.94678
V729	0.00081	0.39524	0.02442	0.00702	0.05617	0.00845	0.02643	0	0.47082	0.01066
V730	0.00778	0	0	0.00106	0	0	0.02321	0	0.01922	0.94873
V731	0.01732	0	0	0.00057	0	0	0.02829	0	0.01843	0.93538
V732	0.01546	0.52154	0.03129	0.13261	0.01366	0.00462	0.04953	0.15545	0.07108	0.00475
V733	0.04245	0.4442	0.0661	0.4034	0.00985	0	0	0	0.03066	0.00334
V734	0.00375	0.10604	0.04393	0.00367	0.11063	0.35838	0.18914	0.00618	0.16039	0.01789
V735	0.05425	0.03071	0.47649	0.04825	0.01814	0.33467	0.0212	0	0.00492	0.01137
V736	0.16991	0.70228	0	0.02297	0.00745	0.00604	0.06293	0	0.02841	0
V737	0.05418	0.04222	0.48709	0.06134	0.1738	0.00145	0.13452	0	0.0058	0.03961
V738	0	0.06651	0	0	0.31818	0.52979	0.02266	0	0.04132	0.02154
V739	0.25826	0.06965	0.00694	0.00912	0.01697	0.03236	0.07753	0.50213	0.02704	0
V740	0.24518	0	0	0.00401	0	0	0.01672	0	0.00562	0.72848
V741	0	0.44479	0	0.00299	0.41811	0.00263	0.00715	0	0.09224	0.03209
V742	0.03014	0.02082	0.14651	0.06852	0.07859	0.00631	0.01171	0	0.01231	0.62509
V743	0.7809	0.03168	0.04811	0.00629	0.06172	0.00178	0.0591	0.00249	0	0.00794
V744	0.08571	0.01506	0.74045	0.09534	0.01965	0.00275	0.0021	0	0.0101	0.02884
V745	0.04518	0.01926	0.14007	0.19489	0.05464	0.0039	0.20938	0.00251	0.30261	0.02756
V746	0.11111	0	0.0227	0.01051	0	0	0.01809	0.00154	0.01341	0.82264
V747	0.01286	0.76819	0	0.0204	0.04728	0.00071	0.02045	0.02535	0.03689	0.06788
V748	0.54299	0.00624	0.01269	0.00582	0	0.00131	0.0115	0.001	0.04057	0.37789
V749	0.1229	0.02486	0.65783	0.11642	0.02532	0.00165	0.00704	0	0.00844	0.03553
V750	0.02668	0	0	0	0	0	0.24369	0.00436	0.00042	0.72485
V751	0.34304	0.01316	0.35271	0.04238	0.03904	0.0675	0.02632	0.01642	0.02556	0.07387
V752	0.02534	0	0.01318	2e-05	0.03004	0.02482	0.09465	0.61059	0.18492	0.01643
V753	0.20597	0	0.01008	0.0086	0	0.00159	0.01354	0	0.12356	0.63664
V754	0.01911	0.09497	0.14995	0.07868	0.34514	0.0088	0.19828	0	0.04358	0.06149
V755	0.84799	0.01853	0.07061	0.01396	0.017	0.00891	0.00829	0.00259	0.00119	0.01094
V756	0.00737	0.12266	0	0	0.54326	0.00776	0.00666	0.06597	0.19351	0.0528
V757	0.08609	0.0141	0.50147	0.35948	0.0124	0	0	0	0.00995	0.01651
V758	0	0	0.02393	0.01699	0.05445	0	0.84211	0.00909	0	0.05343
V759	0.08368	0	0	0.0068	0	0	0.09034	0.04733	0.00603	0.76581
V760	0.00475	0.00757	0.05121	0	0.09065	0.01536	0.00365	0	0.79793	0.02888
V761	0.0073	0.00656	0.05616	0	0.0812	0.01354	0.01536	0.01232	0.66576	0.14181
V762	0.00892	0.36238	0	0.00723	0.01117	0.33453	0.02501	0	0.01487	0.23589
V763	0.21427	0.09364	0.01471	0	0.03406	0.4573	0.04898	0.03985	0.06952	0.02768
V764	0.04079	0.28246	0.03786	0.13022	0.18757	0.00455	0.04415	0.16435	0.02158	0.08647
V765	0.00458	0	0.0165	0	0.02979	0.86829	0.06088	0.01326	0.00282	0.00389
V766	0	0.02603	0.02735	0.00838	0.07946	0.01383	0.74276	0.00594	0.01828	0.07798
V767	0.02232	0	0	8e-05	0.02187	0.07038	0.17437	0.61854	0.0638	0.02863
V768	0.00469	0.08126	0.02272	0.03145	0.39513	0.08988	0.07706	0.1146	0.12918	0.05404
V769	0.00965	0.00913	0.01574	0.00119	0.01474	0.38824	0.04609	0.29199	0.05636	0.16688
V770	0.05383	0.41123	0.10494	0.21646	0.01463	0.09258	0.0182	0.02399	0.05876	0.00538
V771	0.07771	0.02582	0.12902	0.68673	0.05953	0	0	0	0.01724	0.00396
V772	0.00988	0.42488	0.00046	0.0073	0.19718	0.01085	0.02279	0	0.21093	0.11573
V773	0.06852	0.02016	0.10647	0.59175	0.01494	0.06154	0	0.01004	0.01599	0.11058
V774	0.0966	0.03441	0.11624	0.03786	0.08041	0.12029	0.05537	0	0.39905	0.05978
V775	0.01646	0.08973	0.06676	0	0.39753	0.37561	0.01588	0	0.0046	0.03344
V776	0.00302	0.04653	0.00704	0	0.03015	0.8635	0.04378	0	0.00431	0.00168
V777	0.18198	0.33632	0.07181	0.36929	0.00913	0.00425	0.0051	0	0.02212	0
V778	0.0803	0.02141	0.66285	0.12394	0.02174	0.00105	0.05334	0	0.00768	0.02768
V779	0.03186	0.02025	0.02458	0.00697	0.03482	0.26977	0.13709	0.13154	0.19279	0.15033
V780	0.00325	0.84537	0.00478	0.08153	0.0094	0	0.01525	0	0.04041	0
V781	0.01984	0.01594	0.04202	0.00397	0.05409	0.49415	0.05323	0.06881	0.23039	0.01756
V782	0	0.82159	0	0.04041	0.01187	0	0.07991	0.00793	0.03829	0
V783	0.01446	0.21666	0.04921	0.01961	0.60999	0.00212	0.00695	0	0.01415	0.06686
V784	0	0.64522	0	0.02051	0.02424	0	0.24527	0	0.05954	0.00521
V785	0.15129	0	0	0.00164	0.025	0.02498	0.06594	0.67849	0.05267	0
V786	0.04593	0.01457	0.11285	0.36017	0.04964	0.02213	0	0.00772	0.3735	0.01349
V787	0.03396	0	0.2121	0.03798	0	0.03083	0.02527	0.08068	0.03857	0.54061
V788	0.00922	0.14848	0.00085	0	0.44133	0.20284	0.00824	0	0.14904	0.04001
V789	0.7982	0.01726	0.06275	0.09155	0.01456	0.00788	0.00486	0.00259	0.00037	0
V790	0.0052	0	0.04798	0	0.07994	0.09408	0.00623	0	0.71298	0.05359
V791	0.09899	0.02218	0.66044	0.07703	0.06082	0.01111	0.0051	0.02634	0.01027	0.02772
V792	0.04604	0.00725	0.32433	0.0383	0.01665	0.01765	0.0401	0.47072	0.03192	0.00702
V793	0.05765	0.03015	0.15659	0.04367	0.11404	0.01454	0.14844	0.00566	0.01734	0.41193
V794	0.04917	0	0.01754	0.01956	0.0441	0.00384	0.68418	0.00671	0	0.1749
V795	0.06232	0.00231	0.21121	0.29022	0.02397	0.0136	0.22692	0	0.00894	0.16051
V796	0.10059	0.00255	0.20673	0.25256	0.01131	0.06785	0.02728	0.13265	0.0183	0.18018
V797	0.01313	0.04308	0.12115	0.05215	0.12926	0	0.50701	0.00658	0.06809	0.05956
V798	0.04656	0	0.06218	0.02059	0.02605	0.72035	0.03321	0	0	0.09106
V799	0.02457	0	0.01166	0.01767	0.03551	0.36577	0.05619	0.46167	0.02695	0
V800	0.17935	0.10068	0.25788	0.03869	0.07808	0.01933	0.00645	0.00245	0.19274	0.12434
V801	0	0.66036	0	0.02046	0.02129	0.00696	0.25301	0.00563	0.02809	0.0042
V802	0.5502	0.00072	0.00956	0.00745	0	0.00074	0.01251	0.00155	0.0039	0.41338
V803	0.09515	0	0.07063	0.0072	0.04896	0	0.56787	0.0102	0.11815	0.08183
V804	0.17617	0.4512	0.00196	0.014	0.01526	0.01812	0.03014	0.15045	0.02527	0.11743
V805	0.47467	0.0047	0.03499	0.00021	0.02508	0.42845	0.02653	0	0.00537	0
V806	0.03638	0	0	0.00086	0.02019	0.05596	0.07737	0.74011	0.04866	0.02047
V807	0.0784	0.00521	0.56159	0.07255	0	0.00132	0.0053	0	0.01627	0.25935
V808	0.03509	0.00195	0.09527	0.26162	0.0631	0.00754	0	0	0.51576	0.01966
V809	0.01724	4e-04	0.01122	0.01348	0.02334	0.03882	0.06929	0.74376	0.07276	0.00969
V810	0.03526	0.10627	0.0538	0.34185	0.4147	0	0	0	0.01145	0.03667
V811	0.65953	0.00753	0.03424	0.00356	0.01584	0.26415	0.01473	0.00042	0	0
V812	0.00311	0	0.02592	0	0.06953	0.01123	0.35143	0.17047	0.33495	0.03336
V813	0.01181	0.00096	0.02339	0.00837	0.06832	0	0.8073	0.00788	0.01855	0.05343
V814	0.00777	0.03427	0.02684	0	0.03303	0.61239	0.04847	0.2017	0.01914	0.01638
V815	0.01254	0.26559	0	0.00409	0.00179	0.01401	0.05237	0.4445	0.03674	0.16836
V816	0.00665	0	0	0	0	0.02548	0.02408	0.00154	0.02054	0.92171
V817	0.02935	0	0.0344	0.07675	0.05658	0.01618	0.12938	0.33	0.31225	0.01512
V818	0.03188	0.03361	0.07963	0.06049	0.13557	0	0.02267	0	0.01184	0.6243
V819	0.06828	0	0.02932	0.04399	0.04794	0	0.71298	0.04544	0.00771	0.04434
V820	0.03688	0.09549	0.0657	0.34302	0.37786	0	0	0.00293	0.04408	0.03405
V821	0.01698	0	0.00108	0.01322	0.01709	0.05025	0.07243	0.77561	0.05335	0
V822	0.01535	0	0.04363	0.15619	0.04321	0	0.66666	0.00646	0	0.06849
V823	0.05998	0.01142	0.38543	0.04144	0.01878	0.02533	0.02269	0.01481	0.10581	0.31431
V824	0.05132	0.00418	0.09866	0.41885	0.02931	0.20098	0.00426	0.03113	0.14689	0.0144
V825	0	0.82419	0.01882	0.03025	0.0115	0.01459	0.05693	0	0.0437	0
V826	0	0.79824	0	0.02296	0.01997	0.00129	0.01705	0	0.1392	0.00129
V827	0.2489	0.48418	0.01964	0.02147	0.15299	0.00165	0.01688	0.01388	0.03693	0.00347
V828	0.00916	0.768	0.00224	0.02379	0.03275	0.02458	0.01628	0	0.1232	0
V829	0.03241	0	0.25132	0.03467	0.03342	0.03176	0.01396	0	0.35373	0.24873
V830	0.2156	0.01146	0.05038	0.12763	0.06539	0.00993	0.01057	0	0.20616	0.30287
V831	0.00233	0.18444	0.00843	0.00829	0.20476	0.48435	0.03588	0.05273	0.00998	0.00881
V832	0.01833	0.00285	0.04988	0.00912	0.04569	0.48423	0.2662	0	0.10923	0.01447
V833	0.00746	0.0402	0.00107	0.00411	0.03312	0.01847	0.32783	0.5171	0.03756	0.01308
V834	0	0.11548	0	0	0.47752	0.00051	0.00608	0	0.01116	0.38925
V835	0.01745	0.04305	0.07077	0.04115	0.17733	0.01507	0.06577	0.22025	0.02435	0.32482
V836	0.80964	0.0228	0.06625	0.0083	0.02304	0.00181	0.06498	0.00318	0	0
V837	0.10237	0.24054	0.37211	0.07276	0.08271	0.03812	0.0135	0	0.01965	0.05824
V838	0.34003	0.00895	0.09442	0	0.04072	0.19147	0.0186	0.07851	0.22469	0.00261
V839	0.01129	0	0.0461	0	0.03173	0.49396	0.05802	0.31504	0.04386	0
V840	0.01089	0	0	0.00129	0.01525	0.03009	0.07928	0.76875	0.05892	0.03552
V841	0.09594	0.02926	0.17849	0.56271	0.04971	0.00234	0	0	0.07507	0.00647
V842	0.07881	0.01114	0.38943	0.40668	0.01519	0	0.06297	0	0.00832	0.02747
V843	0.05725	0.19349	0.00704	0.00406	0.412	0.00355	0.0813	0	0.18471	0.05659
V844	0.03494	0	0.02195	0.24772	0	0	0.01307	0	0.01219	0.67014
V845	0.08475	0.01019	0.11418	0.61966	0.01429	0.00854	0	0.12549	0.02292	0
V846	0.0831	0.02975	0.71872	0.09243	0.01213	0.00178	0.01439	0	0.00939	0.0383
V847	0.02598	0.00085	0.21791	0.01259	0.03301	0.67278	0.02965	0	0.00715	8e-05
V848	0.72245	0.03266	0.0526	0.01548	0.04701	0.03967	0.01822	0.00602	0.04261	0.02328
V849	0.048	0.19582	0.29148	0.03949	0.04903	0.00794	0.01123	0.01253	0.02103	0.32346
V850	5e-05	0	0	0.00123	0	0.06533	0.14542	0.00218	0.03883	0.74696
V851	0.04843	0.12495	0.35836	0.06437	0.01161	0.00969	0.02464	0.26115	0.03043	0.06637
V852	0	0.34243	0	0	0.58025	0.00967	0.00311	0	0.01799	0.04654
V853	0.37649	0.01536	0.49739	0.05812	0.02024	0.00926	0.00351	0	0.00545	0.01418
V854	0.79206	0.01184	0.04329	0.00979	0.01702	0.04491	0.07792	0.00318	0	0
V855	0.03172	0.02291	0.18819	0.0286	0.01762	0.1075	0.04758	0.49966	0.03188	0.02435
V856	0.43904	0.10726	0.03137	0.00499	0.02403	0.08722	0.14651	0.09048	0.00379	0.06531
V857	0.01366	0	0.00337	0.01242	0	0	0.02121	0	0.02516	0.92418
V858	0.37286	0.02681	0.04706	0	0.09536	0.36605	0.01799	0.00591	0.06797	0
V859	0.0358	0	0.0431	0.11046	0.0384	0.05563	0.03481	0.41159	0.26552	0.00469
V860	0.08148	0.05858	0.49798	0.31704	0.0126	0	0	0	0.01681	0.01552
V861	0.73103	0.09736	0.05332	0.08366	0.01971	0.00115	0.00534	0.00152	0.00691	0
V862	0.10622	0.23885	0.03226	0.00706	0.06167	0.03297	0.03751	0	0.43237	0.05109
V863	0.03439	0	0.23169	0.14158	0.03739	0.00566	0.50217	0.00799	0	0.03912
V864	0.0152	0.03423	0.02915	0.01136	0	0.01285	0.02444	0	0.07405	0.79873
V865	0.05734	0.02623	0.03272	0.14886	0	0.00418	0.03572	0.0012	0.01042	0.68331
V866	0.00807	0	0.10936	0.01699	0.05736	0	0.74367	0.01369	0	0.05086
V867	0.06752	0.13167	0.58196	0.0769	0.03302	0.00344	0.01419	0.04608	0.01457	0.03066
V868	0.0127	0.03133	0.1166	0.00929	0.08124	0.01383	0.00318	0	0.70402	0.02781
V869	0.46275	0.06847	0.12895	0.03977	0.03407	0.00081	0.00876	0.00787	0.00996	0.23859
V870	0.25882	0.01719	0.46484	0.04973	0.0257	0.01128	0.00859	0	0.13512	0.02873
V871	0.30596	0.13868	0.00528	0.00568	0.48773	0.00272	0.00083	0	0.01291	0.04021
V872	0.51591	0.03179	0.05684	0.01445	0.13323	0.0893	0.10917	0.00443	0.01365	0.03123
V873	0.02316	0.04544	0.06944	0.00553	0.21674	0.01039	0.00815	0	0.16528	0.45588
V874	0	0.76617	0.0044	0.03097	0.02049	0.0095	0.02345	0	0.14502	0
V875	0.07164	0.23599	0.52507	0.08017	0.01506	0.00172	0.00406	0	0.05105	0.01525
V876	0.02056	0.769	0.01026	0.1368	0.01496	0	0.01189	0	0.03652	0
V877	0.00168	0.02621	0	0.00074	0.0953	1e-04	0.30084	0.05816	0.01078	0.5062
V878	0.05544	0.00773	0.05662	0.21016	0.03066	0	0.0128	0.00076	0.0689	0.55692
V879	0.0294	0	0	0	0	0.02223	0.10978	0.45824	0.03153	0.34882
V880	0.02054	0	0.16822	0.00642	0.02518	0.7367	0.03374	0	0.00058	0.00861
V881	0.01002	0.0079	0.06137	0.03579	0.07991	0.02444	0.21627	0	0.38842	0.17589
V882	0.01345	0.02987	0.00344	0	0.12861	0.78186	0.0378	0.00314	0.00183	0
V883	0.01576	0.16008	0.00031	0.08628	0.64849	0.00802	0	0	0.01231	0.06875
V884	0.04962	0.8142	0	0.02683	0.04375	0	0.01661	0	0.03851	0.01047
V885	0.00357	0.05714	0.01244	0.00299	0.0758	0.77471	0.0364	0	0.02956	0.0074
V886	0.01054	0	0.0024	0	0.03927	0.12167	0.08016	0.57681	0.16798	0.00117
V887	0.0138	0.08471	0.00859	0.06045	0.2247	0.01757	0.04016	0.48686	0.04836	0.01479
V888	0.02561	0.12258	0.02329	0.14959	0.51264	0.00226	0.01051	0	0.10419	0.04932
V889	0.11896	0.00689	0.00978	0	0.06829	0.75616	0.03992	0	0	0
V890	0.65997	0.04133	0.05134	0.00763	0.03361	0.03677	0.04766	0.01123	0.11044	0
V891	0.1425	0.13975	0	0	0.54792	0.02576	0.00552	0.03131	0.02701	0.08022
V892	0	0.88754	0	0.02415	0.01024	0.01539	0.02082	0	0.04187	0
V893	0.0387	0.02052	0.03172	0.16751	0	0.03461	0.04583	0.03218	0.01595	0.61297
V894	0.00789	0.01266	0	0.00021	0	0.11845	0.02461	0	0.02024	0.81594
V895	0.0807	0.01585	0.13063	0.70601	0.01875	0	0	0	0.01087	0.0372
V896	0.00889	0.0279	0.00633	0.04449	0.09173	0.17395	0.21364	0.00178	0.00804	0.42324
V897	0.07766	0.02049	0.51141	0.245	0.02057	0.05828	0.00345	0.03734	0.01024	0.01555
V898	0.15213	0.14014	0.11822	0.22311	0.25243	0	0.06386	0	0.01341	0.03669
V899	0.02125	0.03631	0	0.02824	0	0	0.02515	0	0.02004	0.86901
V900	0	0	0	0.00077	0	0	0.02421	0.00255	0.01935	0.95312
V901	0.02812	0.00274	0.03902	0.06142	0.02948	0.03043	0.02589	0.0196	0.33391	0.42938
V902	0.03261	0	0.01136	0.10894	0.00063	0.01272	0.11177	0.41495	0.05001	0.25702
V903	0.0125	0.14251	0.1441	0.01478	0.57853	0.00971	0.00564	0	0.01161	0.08063
V904	0.08162	0.03372	0.61512	0.08379	0.11103	0.00191	0.01957	0	0.02068	0.03255
V905	0.00657	0	0	0	0	0.01857	0.02897	0	0.01577	0.93011
V906	0.26613	0	0.02341	0	0.03435	0.02567	0.03949	0.46207	0.13984	0.00902
V907	0.05425	0.03167	0.09887	0.42672	0.12459	0.01349	0.00949	0.21304	0.01971	0.00817
V908	0.42367	0.00083	0.0308	0.00445	0.04934	0.00789	0.44378	0.01266	0	0.02657
V909	0.7217	0.19761	0.03387	0.0102	0.01184	0.00172	0.01315	0.00057	0.00933	0
V910	0.01201	0.22249	0.0338	0.01045	0.59739	0.01812	0.00802	0	0.03263	0.0651
V911	0.74038	0.01203	0.04447	0.04284	0.02159	0.0038	0.03733	0.07435	0.02048	0.00275
V912	0.06445	0.00609	0.49268	0.1085	0.00019	0.00062	0.00604	0	0.01194	0.3095
V913	0.00992	0.02551	0.01629	0.00575	0.16075	0.00503	0.70623	0.01142	0.00312	0.05596
V914	0	0.54898	2e-04	0.01957	0.02905	0.00642	0.33596	0	0.04735	0.01247
V915	0.06661	0.01297	0.16095	0.4061	0.02796	0.00546	0.28261	0.01435	0.00312	0.01988
V916	0.14247	0.12924	0.0392	0.07881	0.0239	0.05336	0.05539	0.03434	0.21897	0.22433
V917	0.14317	0.09092	0	0	0.36959	0.01168	0.03228	0.30353	0.02079	0.02803
V918	0.82224	0.01505	0.0514	0.01023	0.02042	0.00954	0.00711	0.00729	0.05673	0
V919	0.01738	0.09882	0.09515	0.06572	0.03208	0.63765	0.03605	0	0.01105	0.00609
V920	0.00634	0	0.05128	1e-05	0.08412	0.01646	0.00733	0.03091	0.76146	0.0421
V921	0.34073	0.05681	0.01472	0.00171	0.21469	0.00721	0.14151	0	0.0123	0.21032
V922	0.03032	0.10572	0.04722	0.29867	0.42236	0.01566	7e-05	0	0.02979	0.05019
V923	0.01842	0	0	0.00646	0	0.05981	0.03254	0	0.03885	0.84392
V924	0.01248	0.02506	0.10412	0.01925	0.1641	0	0.33644	0.01609	0.01397	0.30849
V925	0.01931	0.01275	0.04883	0.00046	0.10361	0.01144	0.04459	0	0.61606	0.14295
V926	0.01475	0.0421	0.05273	0.08803	0.07212	0.11585	0.00597	0	0.5342	0.07425
V927	0.11389	0.02371	0.44741	0.05974	0.05809	0.18145	0.01618	0.07766	0.0084	0.01349
V928	0.00647	0.08918	0.05229	0.01167	0.08563	0.03173	0.06693	0.01303	0.61769	0.02539
V929	0.04888	0.00518	0.03281	0.27028	0	0.0071	0.01173	0.08264	0.03167	0.50971
V930	0.01911	0	0.08448	0.02175	0.04887	0	0.75461	0.02211	0	0.04907
V931	0.00074	0.15862	0	0.06625	0.61946	0.00054	0.08349	0	0.01012	0.06079
V932	0.01575	0.22847	0.00399	0.00699	0.05268	0.03857	0.18129	0.20283	0.01886	0.25058
V933	0.17664	0.15765	0.04532	0.01185	0.09824	0.00991	0.08144	0.23178	0.12961	0.05756
V934	0.0288	0.05461	0.00853	0.00523	0.19408	0.00637	0.02393	0	0.01773	0.66071
V935	0.00942	0.06464	0	0.00297	0.02039	0.0283	0.07741	0.73773	0.05232	0.00683
V936	0.00692	0.07559	0	0	0.38403	0.00458	0.33068	0.12564	0.00673	0.06582
V937	0	0.14812	0	0	0.61711	0.00094	0.02851	0	0.01983	0.18548
V938	0.06606	0.01212	0.1853	0.47606	0.02817	0.0204	0.04409	0.00252	0.00844	0.15685
V939	0.69148	0.01146	0.12582	0.01175	0.01651	0.10764	0.00991	0	0.02208	0.00335
V940	0.03153	0	0.1953	0.04955	0.00892	0.28615	0.02966	0.14672	0.01685	0.23532
V941	0.01542	0.00723	0.02541	0.05221	0.12575	0.00413	0.69716	0.00479	0.00217	0.06571
V942	0.27732	0	0.00641	0.00675	0	0.00568	0.01657	0.00753	0.00953	0.67021
V943	0.10506	0.01315	0.72904	0.08721	0.01209	0.00277	0.00248	0	0.00974	0.03845
V944	0.01892	0.03478	0.04765	0.18953	0.0445	0.00346	0.5989	0.01203	0	0.05023
V945	0	0.10657	0	0	0.47237	0.0126	0.03418	0.31226	0.02347	0.03855
V946	0.39133	0.13491	0.00854	0.00191	0.26453	0.00562	0.0185	0.11057	0.02698	0.03713
V947	0.03034	0	0.06538	0.09971	0.07608	0.05109	0.00145	0	0.65272	0.02322
V948	0.03098	0.11853	0.1006	0.21417	0.08311	0.01598	0.00384	0.0446	0.37306	0.01514
V949	0.12552	0.09012	0.48118	0.05385	0.0298	0.04939	0.09515	0	0.05437	0.02061
V950	0.06242	0	0.02242	0.00124	0.04536	0.01882	0.03941	0.34641	0.38412	0.0798
V951	0.00663	0.77642	0.01145	0.10453	0.01655	0.02198	0.01417	0	0.04826	0
V952	0.08218	0.07088	0.59789	0.09649	0.01281	0.00104	0.00889	0	0.01063	0.11918
V953	0.42219	0.00138	0.02423	0	0.02009	0.48624	0.02624	0.01963	0	0
V954	0	0.45789	0.00263	0.01495	0.16583	0.21969	0.11178	0	0.01734	0.00989
V955	0.83667	0.01544	0.04739	0.00543	0.01478	0.00357	0.01026	0.03312	0.00638	0.02695
V956	0	0	0	0	0	0.22215	0.0316	0	0.01005	0.7362
V957	0.01716	0.85248	0	0.02726	0.00936	0.0226	0.03194	0	0.03919	0
V958	0.34419	0.51039	0.00805	0.01524	0.01443	0.06978	0.01544	0.0037	0.01877	0
V959	0	0	0.01879	0.00341	0.05237	0.2128	0.66196	0.01194	0	0.03873
V960	0.01729	0	0.03595	0.01437	0	0.00014	0.02168	0.02311	0.0223	0.86517
V961	0.10662	0.00614	0.52719	0.05622	0.02693	0.00469	0.00843	0	0.18146	0.08233
V962	0.00059	0.07938	0	0	0.31528	0	0.09215	0	0.00728	0.50532
V963	0.00847	0.03395	0.04038	0.0263	0.06946	0.63337	0.02948	0.00359	0.14173	0.01328
V964	0.05165	0	0.00421	0.00338	0.01887	0.02551	0.13382	0.68213	0.05518	0.02525
V965	0.35934	0.00791	0.08625	0.33503	0.02168	0	0.169	0.00807	0.00579	0.00694
V966	0.04364	0.08712	0.15928	0.26873	0.03941	0.05026	0.01353	0.06926	0.25938	0.00939
V967	0.11883	0	0.03546	0.01233	0.01822	0.0328	0.06392	0.65333	0.06512	0
V968	0.61229	0.08651	0.04571	0.00693	0.01862	0.01317	0.03011	0.17868	0.00798	0
V969	0.04293	0.07764	0.35726	0.07219	0.30475	0.00176	0.00112	0	0.01102	0.13132
V970	0.01539	0	0.00814	0	0.02878	0.86429	0.06588	0	0.00131	0.0162
V971	0	0.46108	0.00292	0.02482	0.03936	0.00616	0.42464	0.00355	0.01729	0.02017
V972	0.08177	0.00154	0.09515	0.36025	0.03998	0	0.24988	0.00658	0.14359	0.02127
V973	0.76561	0.12276	0.05936	0.01011	0.01399	0.00799	0.00789	0.00106	0.01123	0
V974	0.27005	0	0.01627	0	0.02266	0.65163	0.03029	0	0	0.00911
V975	0.0306	0	0.14573	0.01062	0.02582	0.74679	0.03405	0	0.00638	0
V976	0.13744	0.05088	0.06808	0.33959	0.19996	0.18124	3e-05	0	0.01075	0.01203
V977	0.23508	0.01524	0.12178	0.59802	0.01264	0	0	0	0.0077	0.00952
V978	0.34496	0	0.0209	0	0.02532	0.48884	0.11999	0	0	0
V979	0.05191	0.06873	0.47541	0.05321	0.2636	0.02495	0.00693	0	0.01503	0.04023
V980	0.02258	0.072	0.14506	0.0702	0.08419	0.57039	0.02424	0	0.00975	0.00158
V981	0.37721	0.00519	0.03891	0.00568	0.03867	0.00084	0.49697	0.00708	0	0.02944
V982	0.80475	0.01524	0.04909	0.00949	0.02607	0.00919	0.01789	0.01253	0.05229	0.00343
V983	0.08546	0.0029	0.06224	0.35483	0.02346	0.01938	0.04016	0.38511	0.02645	0
V984	0.02801	0	0.08398	0.09171	0	0	0.01429	0.00047	0.01809	0.76344
V985	0.00518	0.03484	0.01761	0.02269	0.18483	0.663	0.02727	0	0.00143	0.04316
V986	0.16729	0.13975	0.04542	0.00079	0.04525	0.05223	0.01725	0	0.30116	0.23087
V987	0.01712	0	0.01161	0.00049	0.0469	0.01233	0.41674	0.33496	0.10722	0.05263
V988	0.01491	0.05118	0	0.02668	0.01613	0.00204	0.02793	0.08206	0.05336	0.72572
V989	0.05675	0.00675	0.10012	0.47633	0.01814	0.32154	0.01235	0.00223	0.00579	0
V990	0.00371	0	0.00818	0	0.02937	0.90341	0.05285	0	0.00248	0
V991	0	0.62656	0.0091	0.02419	0.03499	0.00424	0.01351	0	0.2874	0
V992	0.01753	0	0	0.00171	0	0.12746	0.23511	0.00337	0.01362	0.60121
V993	0.07697	0.26144	0.29493	0.10094	0.02368	0.0169	0.03146	0.06359	0.02939	0.10071
V994	0.02397	0.74419	0.12636	0.04645	0.00899	0	0.01426	0	0.0358	0
V995	0.03125	0.05719	0.08821	0.23477	0.21272	0.25065	0.00766	0	0.05128	0.06628
V996	0.02283	0.07344	0.01672	0.12536	0.01476	0.01936	0.0436	0.4069	0.02965	0.24737
V997	0	0	0	0	0	0.1627	0.03714	0	0.00906	0.7911
V998	0.07498	0.03736	0.00986	0.04289	0.20489	0.03446	0.05627	0.49561	0.03095	0.01274
V999	0.00489	0.00393	0.00809	0	0.0258	0.74567	0.04742	0.01856	0.00245	0.14318
V1000	0.02264	0.00336	0.0228	0.12772	0.00701	0.00248	0.00879	0	0.23841	0.5668
