Gene	naive_B_cell	memory_B_cell	CD14_positive_monocyte	CD16_positive_monocyte	CD56dim_natural_killer_cell	CD56bright_natural_killer_cell	neutrophil	CD4_positive_alpha_beta_T_cell	CD8_positive_alpha_beta_T_cell	macrophage_m0	macrophage_m1	macrophage_m2	MAST_cell	basophil	eosinophil	gamma_delta_T_cell	hematopoietic_progenitor	myeloid_dendritic_cell	plasma_cell	plasmacytoid_dendritic_cell
ABCA5	27.65254384	32.71537791	18.35739316	10.10510825	73.07646838	63.34601174	26.22902496	43.08169689	48.07726769	25.20067931	24.63089669	24.96150249	29.59769478	25.89600813	79.50603251	39.50528962	26.24504449	25.80346609	38.17628543	39.97198466
ABCB1	72.40094318	22.47143424	13.46795258	10.76767912	119.9083196	145.813992	23.32784129	34.89057521	57.4775539	25.32911022	15.4641323	13.56698818	17.73919118	20.12920591	9.894062673	64.56254989	48.18348373	16.53728547	14.96364506	24.63094656
ABHD5	24.3727958	31.07959107	62.87856759	62.18461702	72.5112559	39.96361029	160.3476733	42.79990627	32.9409149	42.27956334	108.2592294	85.51079003	36.50364596	305.9038895	45.14522841	37.270202	29.43526135	48.10861369	20.91145325	43.05606653
ACSM3	22.07819592	21.2418919	16.67459145	20.60276156	15.92140434	22.37620719	26.25922365	28.55981184	26.57111106	19.4008541	17.93519339	17.67975881	141.2194725	29.87160081	32.40856344	16.13130007	64.50549273	16.49207962	23.35575398	25.03972973
ADAM19	144.9819635	101.2328466	59.01350143	25.44391341	24.42580812	27.9261372	83.5209787	75.92887949	40.25628181	27.3222873	36.51258648	33.11254006	17.35817639	101.6320192	238.4446642	54.9048683	25.08670694	71.16534465	78.25572265	50.67043957
ADAMTS5	15.66398178	13.96944867	21.41203046	7.78094087	16.79854615	15.14422042	16.4108195	13.76146115	11.28362184	10.37868312	10.08104073	9.472767629	14.13214513	9.32392941	25.86657622	10.71696782	8.144641471	12.47631168	14.91773813	17.53468599
ADI1	112.1409261	167.6288389	175.2336386	280.8209024	91.49760617	66.98540878	121.6727995	101.8592764	65.15642518	277.9636174	48.6164936	79.64399844	228.9448609	70.23462831	429.7643981	154.0195244	506.4890763	95.08737092	283.591945	96.22119979
AGPAT5	89.40214232	69.73067492	60.87478447	34.47735961	37.83463227	42.97780169	26.83427525	59.89600371	61.08871209	118.0549601	50.09999641	42.497776	138.7742909	62.64211864	29.54638318	103.1050946	225.8209591	33.00680932	42.1446658	37.62545468
ALAS1	51.99389586	64.55514086	72.48116293	49.81667919	71.54162959	49.93391614	74.65606303	50.16653962	54.23151819	135.2532938	87.28358498	64.27306893	91.27615234	54.99599939	116.3976747	227.1153441	109.9144219	69.64803883	63.55001977	36.41484136
ALPL	31.64772986	23.76649011	20.88843275	16.18382052	17.36986688	19.6829952	176.0861151	20.80671187	19.43641224	22.73113938	16.65011393	16.25946631	12.22489089	13.35220537	10.61014851	16.52138343	11.66865251	16.42264683	20.90353578	32.38827584
ANK3	16.51013453	36.29423632	20.03764164	20.57222053	20.94517799	23.28151784	26.18605714	43.88988792	33.51073807	19.37374939	17.38314033	16.62370163	21.7143107	32.72533487	17.4845948	43.28046968	21.14351397	28.88122094	18.28253091	71.2294607
ANXA3	11.00668704	14.0431161	16.37089503	10.75834841	11.56022621	20.11809261	221.1816545	13.85315913	12.25311574	23.25972175	11.54270189	8.375525947	20.35884879	44.42098038	16.05938555	10.93511921	43.31532695	24.77957284	14.94848295	21.9470387
AOC2	24.4228892	18.54789364	18.72844432	24.89458903	22.78536769	22.60797111	64.04785504	21.76573172	16.96851796	21.09856905	20.52143482	18.40085168	23.61408741	24.21830845	22.55325487	21.00701081	10.88793556	18.2120567	23.51625091	23.39956011
APOBEC3A	15.73916248	13.56435949	201.2817119	214.1637925	48.43997346	35.09732435	462.7379985	37.09789964	22.59562829	65.70848719	263.1316113	37.61270769	16.08041967	112.7110827	121.9536509	25.00409233	30.12657566	30.41562962	16.35987172	19.93190597
APOBEC3G	143.0002148	112.6783964	73.85765913	128.7099391	162.7945508	123.7862552	72.05457644	77.58580926	148.213874	49.19774249	114.3120673	47.07850749	49.66234717	60.10888615	31.54247368	115.9710513	90.61017686	97.19119231	60.37382298	108.0505862
APOE	20.22094045	21.08660236	15.88414505	13.18975898	32.42902601	19.79474332	19.72990024	21.42623913	18.7958049	538.8582994	770.9806357	468.9857841	28.71268263	11.31623289	20.79974481	13.59420929	46.36463373	30.97087462	21.62795671	41.55509131
ARID4A	88.78179444	70.07768572	57.56405682	74.41107817	357.439316	70.01164907	131.7498766	73.93563844	91.26360696	38.90007583	62.11480645	77.44760865	43.11721097	94.85529853	202.3558236	74.53505164	87.16126144	88.47700703	33.69142284	32.55444706
ARNT2	9.173492373	10.10222634	13.19481679	12.86790715	12.63489844	14.6277663	15.61898998	13.88456719	12.27067936	21.75714977	16.37419888	9.575316709	18.56252432	14.98143848	8.278741684	7.741324362	15.99335892	19.93476041	19.14479479	146.934312
ASGR1	15.04568781	13.57953452	140.6002952	272.6300423	25.38788984	17.03981954	26.22434895	36.8322243	25.50630738	53.40187101	81.90227162	96.54720173	25.41433393	21.62674893	12.488611	8.158053736	28.06320383	58.38033963	14.23758942	21.38772575
ASGR2	15.22924711	14.18564083	142.2593104	51.10434118	25.79322893	19.56040718	26.82691992	31.08651798	21.3362284	16.99952709	30.6919869	66.22253818	25.97519797	16.72404033	12.89357751	12.38968859	31.62956787	60.04554326	18.65142354	13.9061464
ASRGL1	26.04405497	29.11637674	74.41184801	68.92805486	30.26759319	24.38269203	55.15984363	25.0296369	25.8688013	145.3143632	31.97068679	45.72237243	68.67495229	98.71850972	114.8737546	28.70637624	105.5980797	27.16482672	67.12242351	25.84074257
ATP2A1	17.039793	20.0586516	14.15964269	11.77383169	12.2784131	19.76963557	18.43615527	17.03671199	17.74000641	17.18824817	14.15315218	13.16660461	19.51486665	12.23729981	11.38194017	15.60252047	10.26771977	15.50114982	21.67697528	65.42703291
ATP2B1	71.14059348	123.2892594	88.35646159	109.4531558	302.7934343	52.51203328	194.1341892	68.62920333	76.49565348	25.32615385	40.32151962	63.08404678	50.90737014	63.11491981	97.14080659	81.75139744	81.95903185	101.9942212	29.31912777	23.98188567
BEX1	24.407666	20.03982448	22.88234569	20.72225635	17.05441254	25.42560403	57.47984179	30.14888907	28.77196737	24.37833443	18.21061222	16.86005784	79.55138929	45.84157141	31.55427749	25.77631628	426.8837476	22.41229633	31.49768002	18.35054589
BMX	17.93838896	12.96852836	16.51154051	16.44280958	10.7060699	16.44274957	76.41661524	13.5906409	12.19180263	21.59574956	14.97872715	13.81116863	14.96983944	31.58906682	17.97171612	9.550780287	15.94624809	16.64038921	19.75556539	28.43047716
C1QA	15.2137183	14.76883311	37.02531702	191.8128134	20.81582785	16.79735675	18.49192202	20.01536479	15.08335384	217.7480755	183.4545267	174.3966666	28.94467098	26.41830258	13.94383252	13.09544854	66.13687178	49.53825566	39.76216347	42.50932848
C1QB	16.17390602	14.14248512	32.67137278	132.2318013	19.97944495	18.78393912	22.05311091	22.53482389	14.09155468	205.1247813	760.9798947	415.5917569	23.70059645	9.389306711	20.56156613	18.31390553	68.51461143	50.60506888	34.81549057	22.47742164
CA4	15.64649604	19.01970869	20.27253025	24.56942294	23.15458511	20.40647402	155.6536834	21.25708898	21.46462211	35.90771464	23.7859348	24.44003766	12.65611421	33.0261369	30.35354792	16.82187414	14.84432826	21.98809017	15.13338662	33.57916104
CACNA2D3	11.42371438	10.8360074	93.22181405	40.96403246	20.09195691	19.84110691	15.53281947	22.5188412	13.16436291	27.82381992	14.99606335	16.45716959	11.71001508	8.649551151	15.24570132	15.91675651	20.80470299	46.40750813	8.620160171	20.49534201
CALB2	15.72169716	15.96472373	21.30928887	18.12887543	18.00552859	26.81090887	35.26255749	18.59129268	19.87490217	15.27130719	19.91848505	17.7729197	501.9890558	20.07381208	10.47431783	26.83272261	16.1464061	28.15091267	30.55816386	22.52732774
CALML4	20.00346751	25.99601202	69.76988417	98.79595346	31.63508288	32.30542805	35.78537502	41.21755074	27.80484312	34.41947919	52.95317224	61.12603224	20.56217589	42.86115454	13.28200346	25.32031258	27.94308598	41.91611761	41.0223297	25.34566941
CAMK4	20.42454687	22.83113204	13.61871375	14.23668613	20.32190321	22.49724397	27.89583702	96.27289609	102.3916375	20.05554396	10.56839706	9.461181918	12.40498279	12.89652259	14.63295863	57.99161959	8.447203235	14.92806774	18.2344761	11.72607436
CASP1	105.0689198	120.6133413	447.3547393	368.5228716	197.4982858	130.713996	261.4303162	95.6656882	137.9322676	31.96773757	227.5596945	128.4629018	38.81214512	153.0446643	155.7097021	180.3195319	115.8189521	197.8247827	76.88369234	14.66644723
CCR2	19.00474159	51.9703203	164.8844845	30.26527069	14.50738251	26.65849444	37.59234752	37.09747742	33.32338084	20.93589269	19.01126528	26.25299852	18.72485457	55.95017743	39.94294209	62.54041889	23.78619377	33.23382871	151.1572494	26.65772559
CCR3	14.09821024	13.78972973	19.68759621	14.3091728	12.74336115	19.72972584	191.3051261	20.64599527	18.54862461	30.16886138	13.94413427	15.4108147	18.58927077	208.7621736	764.795397	19.60767921	13.91652403	14.484536	16.01964826	25.82138171
CD14	13.03470303	12.33865012	1218.860842	463.3632383	25.5034078	52.59279623	507.3370401	79.32804724	23.98487955	358.8404586	1312.160328	544.1119381	34.1052756	34.16454843	12.67429257	8.768489236	64.76311513	125.5859986	23.81734124	23.95559717
CD160	40.33863307	28.09286941	17.36454503	18.28204557	339.5480771	228.6333483	31.86099671	26.362509	107.5091997	15.06127835	15.19920218	17.19124228	11.76558969	15.02812713	23.26493845	81.40938901	12.28939823	13.87699414	21.77602208	20.59503373
CD163	16.19808895	14.88014821	163.3935432	51.96713433	12.73782387	29.06719361	32.61023753	29.82903342	15.59216713	288.057151	323.4254145	326.2520053	21.58545119	17.06059844	17.70782944	9.699400276	52.12490335	62.39034323	21.01716777	18.97862073
CD19	609.4336482	351.2050872	26.01399832	20.27836633	22.86220116	21.85607593	32.72808579	29.56456171	22.80905766	48.44663646	30.03209343	30.37192664	37.47613836	13.25036125	19.92628772	13.82339962	32.28072885	17.86349351	46.45980047	17.45686494
CD1D	79.01917333	65.39589767	259.0274396	195.6537283	58.45514244	23.17765811	45.76226958	44.96635509	17.70077809	20.11579001	34.05154108	24.18475585	9.205693321	16.1154226	15.49035462	8.328022987	19.29834379	43.39328581	66.44712371	18.19694123
CD1E	15.33559914	12.26737803	24.63318601	25.27364261	16.89412918	17.78898014	20.6376571	19.32584328	14.55959089	20.77670613	22.47912363	79.39968852	24.64518164	24.47368941	13.07404473	12.00155287	14.45896959	92.71717121	12.60120001	32.36751777
CD207	15.53333696	16.02965862	17.82457166	20.78108778	12.53385202	14.29151449	29.96014983	17.79181553	15.82866592	24.59223817	11.73585459	15.36927499	18.32901676	17.30935805	9.852256876	14.96813293	12.20653211	68.26354301	20.17241697	22.42246003
CD209	21.56254956	20.14325391	26.15703426	24.71510312	20.19972167	25.06647389	32.4160258	21.51146378	19.51579738	139.454032	180.5670872	642.8425965	26.99457317	11.9136607	19.62469863	17.99729632	17.36243017	29.15665618	29.72742091	23.46686724
CD38	46.49312722	39.38034122	39.06925426	52.95135664	115.3197478	125.8897764	34.58489164	51.92997274	48.60534078	31.75590727	341.6290369	31.6031121	32.66918791	26.89102744	29.30041384	84.63123304	137.1233461	57.6072479	950.4930806	83.33182394
CD3D	18.3239829	18.91975563	33.2706942	23.30028159	56.33207797	61.59373792	53.17227136	494.4703693	989.4824596	9.849164833	19.44983925	16.65201198	13.40353639	15.83425914	27.1799675	1734.682633	26.45108604	22.40701778	31.49048723	36.93277181
CD3E	29.73323694	25.78064449	28.95306049	23.42789918	54.45066747	91.52059952	36.66548085	297.2120614	313.2516163	31.3083007	18.66376455	19.60410129	24.77985576	16.18721533	20.51554361	306.6140844	23.15110207	14.7189035	63.80930812	28.3558804
CD3G	15.60712541	17.21058276	20.03645029	17.36354073	52.72731285	47.09517542	28.2170751	292.0293503	510.882732	20.44379699	12.80079854	14.36849591	12.99498231	17.15376208	12.5597736	243.0701365	15.10575039	17.70971824	20.51743613	21.85780584
CD4	19.19212466	15.62770324	74.71613013	90.38242317	22.49857057	31.76919646	30.59162918	120.5657427	21.57350834	116.5693974	105.571924	152.7335159	15.19939798	13.17788496	23.73918168	11.81339338	27.55502571	36.8461118	18.98094741	35.20538514
CD40LG	15.79460802	14.01201873	21.31615184	23.73495307	9.46062923	32.18352396	22.2364027	111.2902917	27.33646483	16.3409779	13.37923277	13.92116058	22.83542235	11.09048525	14.26315148	47.08255527	30.54475315	14.19127964	22.23402357	45.88570131
CD79A	895.1168898	517.5152401	39.9746254	31.66153451	27.90374397	34.14135835	47.60436665	50.41894019	44.28348315	53.36758899	34.08679167	35.99041409	21.87083413	26.13806786	32.76710658	27.12536662	51.30205768	24.78062975	215.0423202	22.49512167
CD8A	23.00111779	21.07709964	31.29880096	17.30559764	120.3848475	229.3036515	67.59528421	36.46734199	1501.615502	23.92695816	18.0866491	18.98187466	30.60007243	18.26807565	24.91160991	75.74090796	24.00471412	28.04738504	30.56651269	21.24079235
CDC14B	19.24430534	26.7089239	24.9812427	15.03961235	26.28558395	39.46006237	30.77478769	38.47274641	32.80218	52.02326435	19.04031906	14.90420733	16.74022956	65.05475979	39.18723739	24.37040548	24.38993188	23.94902379	24.27532811	20.87910187
CDC42EP4	14.63394532	18.14435258	56.95588145	176.2484542	36.20271685	28.92054658	50.40495851	32.89870236	24.34291636	68.17939521	118.3100484	86.28357688	30.34282729	192.8707767	28.96534792	18.40212608	37.72680406	81.36766493	27.56864332	73.26641382
CDK2AP2	79.96578551	82.84374054	79.17889087	127.5647821	91.06704481	96.71705783	66.75074747	90.96733487	92.57625685	86.20174325	50.33727674	53.60228034	55.12886253	102.0826218	68.19894932	138.9557643	60.63995931	116.8573925	200.2386126	111.192351
CDKN1C	11.94415318	15.01240285	50.69993146	252.4298789	69.59857696	23.88454356	41.90888579	35.6694605	23.3895029	18.65952032	23.53831954	22.06692573	25.02656543	42.44485239	17.01544301	11.83437278	38.37157569	24.41862314	17.89645034	12.22791651
CDR2L	21.10128528	18.10701081	18.49745856	18.08663106	14.49003115	21.75356981	17.17150059	17.23269699	22.69165604	25.43652796	23.84420299	76.28792304	19.74885217	15.37376804	9.911058884	11.53944757	17.62017993	29.94768911	13.34049	27.8437879
CEACAM1	28.86537659	30.44887156	24.41622262	40.61338305	19.31639632	29.72704583	123.6176652	38.127995	28.09671178	43.50777536	32.49844753	24.81755137	46.65428278	211.6806767	74.6071348	35.26087552	22.95418007	16.55489017	40.70975278	39.09863787
CEACAM3	31.90201057	25.42246179	34.83319693	71.06498395	41.09400293	20.30278747	152.1991869	22.7043003	23.49801954	23.95285678	23.54745231	22.99462162	23.915222	23.09764107	18.83918595	27.07635838	21.91650669	21.48550787	41.57570378	25.40418322
CECR1	249.7297664	198.744684	539.8794125	430.3266894	250.3153376	137.215	58.311901	158.8272698	164.6530975	138.0167247	145.0883627	179.2025962	24.66682588	61.15747237	124.9344685	201.1132789	197.3157742	177.4315467	847.9428125	143.8594742
CES1	13.45248693	14.95624726	144.5041654	41.95228535	62.2735643	22.78794715	28.68559374	30.76289538	24.99168555	55.07078015	83.84816039	43.64794712	25.38659777	14.6385542	29.56379345	17.76260252	19.80146177	58.46034948	16.19596456	34.81281924
CETN1	24.89569218	19.44651507	21.40934038	24.73025365	8.912375355	23.7117837	32.83439425	19.10136596	18.70080591	24.63709035	13.7459945	15.42949224	24.74806031	17.85863713	17.08339269	21.39635027	16.20629452	16.62494245	43.21652336	30.67711824
CFB	12.14243627	15.87675184	28.72609254	28.78063147	17.66632268	17.6712456	18.74896887	17.22933389	15.26889001	40.03805154	468.5396626	64.50948728	12.27898032	18.73626432	14.33444023	10.98485615	20.02018292	38.26573644	20.85730385	20.26149238
CHMP7	268.4936	197.1089897	84.93018581	83.50421345	62.95640663	54.14817252	69.62981071	148.4095575	123.6590612	99.14819489	45.41445344	42.67464861	52.55792824	60.78987012	73.18738336	117.5180617	161.3755582	60.26114171	60.83518006	44.60127722
CHST7	12.19319564	16.8804582	86.82260992	294.5621389	81.58206851	33.75001634	186.5481955	60.49078753	43.81996773	146.8261925	129.464542	145.2959085	20.60427789	36.13637728	12.72287025	49.28401761	22.18176251	178.9400546	21.13654385	101.5312836
CIB2	21.04859498	24.70297591	22.83826695	23.86572785	11.2093524	20.82153048	22.58851136	24.67196308	26.02053088	21.16572619	24.88134138	20.90547855	23.3615131	23.14292831	16.98887022	19.89399875	30.06707096	22.75003866	31.6207411	135.8541957
CIITA	121.5502314	95.65902383	36.15966501	63.79768028	26.26989788	23.32537161	27.63470579	25.25529385	24.74555189	67.7929088	44.17622962	57.18807711	24.44238728	23.47451995	29.73697309	25.47267962	38.86664813	150.0023013	18.8695745	67.84434765
CLCC1	27.7891818	42.24776799	35.93464686	35.05909253	57.92716006	40.60364863	26.13903385	40.78188827	32.72753979	54.60146217	35.05556644	32.93259528	39.16965424	37.86681482	36.72427659	40.44699207	51.96674542	51.85906984	41.92714437	39.6874415
CLCF1	61.40173626	42.80986937	48.05511666	121.3992867	68.07687803	43.74098558	57.6686755	36.93265732	43.31568268	44.68294419	74.89666357	46.96835322	41.34651139	40.80183278	58.82541931	42.49513606	42.74906155	59.57208427	47.74127946	24.71447819
CLEC4E	20.70414541	18.58558176	98.55401972	49.1399919	11.13723716	24.73981091	280.0084598	21.11894247	17.27420315	56.04077492	58.53767926	20.16767877	18.36843106	27.89738771	38.2336454	19.45211441	19.51622166	31.45658318	23.36701643	23.49167408
CLEC5A	12.98292748	11.86480331	97.52192056	23.25975407	10.22467155	15.16108743	56.22675932	19.92657933	12.7425743	191.7649953	109.7549634	39.81637636	17.19997046	18.90166315	13.63964951	9.618154699	13.29645268	61.63366927	16.69046518	27.51389984
CLIC2	7.468387247	8.611576173	32.75340669	43.32486621	14.53433078	17.92876361	26.3459459	16.40414786	10.72987451	63.65224108	73.08324087	124.1197215	10.77888783	22.16149626	10.93696992	18.05563143	62.82223422	202.9639468	49.95556574	43.39825315
CNNM1	19.61789398	17.66561499	18.80153057	17.61030231	20.51884528	24.53321458	30.39384259	21.8796479	22.13548439	17.45349877	28.06154035	29.60525796	15.23410526	22.22185892	29.19904827	19.54136123	15.5882903	16.4153466	22.62154018	107.8466078
CNOT1	260.3170197	230.8352719	140.850067	83.83487872	228.6621511	81.27237088	102.9307928	139.1820965	127.6277602	108.7384462	82.16023697	94.4983749	138.5490071	122.7605196	131.0104129	176.3468061	109.8844621	100.3639707	220.0375206	69.85150713
COL4A3	19.29580211	38.98891791	12.43995681	11.25667227	19.12420137	17.49470048	17.28859084	16.13812635	13.97814569	18.22680619	11.53797592	11.40818467	10.75907029	12.17325277	10.703552	11.46982	10.04244276	13.28415212	16.39646867	24.65654278
CP	17.00364152	20.70941969	13.2037511	11.04519585	14.08199321	21.34070423	18.1156877	13.83729271	11.36970415	18.50482878	26.83125596	13.18819811	8.559270729	10.40288878	21.49822141	13.48512297	14.24224733	13.82999153	21.6810662	90.84015518
CRISPLD2	19.19545005	23.76177648	180.2384048	53.03085184	20.60014779	27.32188501	138.2098871	32.29319963	17.61098593	49.73270252	78.67567215	22.91682658	28.45249636	194.8859945	33.97747143	14.78369332	23.01232851	22.42758	31.77311998	13.10359112
CRLF2	16.03267477	13.66886662	27.25744833	19.67819383	11.40339121	19.15539169	28.60984736	18.07931937	17.86107986	37.14468009	17.54946448	15.36194711	29.52186077	57.24140524	24.16501589	14.41155335	20.34664348	97.08627674	28.33098385	30.25127984
CSTA	17.25957913	15.35953638	574.7465298	401.8013435	61.11498416	36.78289124	293.7510535	29.48469399	24.49647625	34.65174437	97.22243564	85.57357745	33.40806536	18.12443923	85.18983137	16.85978564	205.5933267	165.527305	28.27784177	15.44241179
CTLA4	16.39125434	18.33073654	19.21570613	20.25422079	16.76107336	21.20998798	21.08915552	129.8358033	41.05685999	24.18886816	18.00448652	18.64148468	15.86004001	13.4669453	13.34413399	39.69536246	15.84490473	28.73758411	20.35028338	16.47779834
CXCL10	20.90699047	19.41381296	87.92190309	115.4718369	10.56003288	48.75446359	43.35840761	31.66823352	23.55096242	28.3336035	950.9855097	24.65365702	27.60986934	28.1710396	21.53729962	35.86630216	38.63370689	88.43800026	32.70520659	94.74952566
CXCL9	22.07527932	19.58578528	34.93987019	34.98413505	13.81583269	38.27197326	31.45440524	20.31221477	20.77819418	19.7885047	557.8248547	26.51711073	12.59043656	8.462426785	20.02067566	23.76748073	27.40452126	30.8488391	30.69770678	41.37518932
CYCS	174.8771412	171.6617042	85.02489829	69.67067255	316.5942886	66.27103308	36.09045788	102.7156898	187.0283832	47.78333346	56.3536432	70.4242461	504.8027012	65.09215307	66.85659104	243.6024198	170.5079624	90.50366424	740.9516789	59.64019445
CYP2B6	24.00242662	21.69562159	14.46540426	14.2729004	15.96733242	23.69739118	23.30608286	16.02207936	16.21721204	13.67097021	12.78153124	12.63117756	14.00763817	13.7173937	31.57583036	17.42936424	10.78627672	17.31553768	15.44726799	83.52907977
CYP4F3	13.21151514	12.26800991	22.85906473	16.16546252	14.21587399	16.25843104	436.9726259	17.06078128	12.55577068	30.99010079	14.91273089	10.66355827	16.83485844	22.11671679	30.58264117	21.77831738	10.25216169	15.5561129	16.12174936	34.57000192
CYSLTR1	62.69630639	70.70398363	43.04723975	110.0226911	43.07090676	52.01735227	114.4745112	61.87980983	17.88480491	32.62985585	47.66464156	52.26963133	8.086258361	59.15533707	106.1084009	19.3087469	44.60499195	43.02546975	13.56489665	51.97946926
DEFB1	15.85576983	14.86633036	29.62628318	18.63120606	7.824830729	22.35750157	26.42043284	16.82859449	18.92851977	18.80846081	51.55347185	16.54387976	18.42318386	14.97169512	15.7601367	14.84584607	17.82409811	21.33067414	18.33102914	25.3965503
DENND3	122.082299	82.49760389	92.17932251	205.5595299	98.67207644	84.54777717	229.2851953	45.52199184	42.42020975	77.26288625	75.59647944	51.23959713	19.77261941	233.7916629	138.4685809	70.36141442	58.29519793	87.46675062	102.7264091	17.92573613
DPYD	41.31204965	27.52972346	164.6202964	100.8119196	111.4858179	68.72078771	80.14509206	77.80568603	51.21699397	58.04122753	136.5678674	160.4216423	24.72869033	99.29296522	30.03755088	61.26237951	36.66493924	57.57713111	23.13934239	12.47480963
DUSP4	21.6728451	47.24746394	20.88317657	12.00250321	31.82523212	37.93551429	17.33877089	58.78188282	47.96458798	30.52888123	15.61916099	15.87901832	190.3178905	11.36614323	18.07696698	214.3213446	16.6960445	46.15636906	33.72088564	24.69656923
DYSF	17.91609591	16.85155624	201.0213036	108.3294468	28.23630348	63.86636351	379.7752739	31.61575906	33.27004148	52.35549776	81.31877464	62.84726507	33.23647532	29.93271063	26.06811766	32.74992048	54.15169341	35.45991738	34.1002508	28.83745316
EDN1	19.66071264	19.19874936	25.92446307	30.13190819	18.99435572	22.58979725	66.10140152	21.87177636	19.55849287	29.67045444	222.1283692	41.45148751	24.81718377	24.75340526	21.72792187	18.7998147	22.74285421	23.24530993	25.41969914	48.46994565
EIF1	751.3306066	665.3015201	521.0260328	1362.369181	1474.136332	282.2918075	352.8301683	864.0347869	1022.237841	634.9566056	1127.387628	1147.809467	230.7808023	2161.609855	444.2971339	461.2223147	622.9503429	1023.566342	771.0876206	93.68618909
ELSPBP1	22.36499527	18.85363609	25.96809393	24.75298608	14.74662916	19.96967456	29.21103078	21.97998967	18.0344645	43.18631698	12.41779463	9.097566227	68.74945677	8.246014012	23.02303665	25.38523484	17.57544662	13.60945106	35.29690897	40.7530605
EMILIN2	27.88557602	29.10908855	139.4097467	355.1855263	51.98170656	40.94943893	69.96143497	61.41250531	42.84410397	345.678358	559.1490071	596.8402081	20.50288034	743.4735372	31.52915831	20.55500289	62.29865965	372.0923726	23.24779167	137.1623763
ESPL1	35.62166878	40.29560461	36.54500488	29.3030134	18.48080069	32.24532856	43.94898038	34.83076708	34.33550232	52.5333124	51.74919422	49.85510521	75.42980782	32.1529185	23.02855139	138.2859028	98.46676517	34.0612479	44.36953011	81.54009358
EVL	312.3915454	172.8872923	109.1319104	576.5245978	316.9537431	344.946216	75.34402874	483.6684471	475.7815281	200.4627408	325.2328198	792.5258007	88.98931794	430.9663476	171.0769218	329.1512959	123.6708571	272.5203614	42.64641598	77.81754598
FARS2	65.40103015	56.51347306	43.70708366	90.79365826	37.88692111	63.29049773	30.86963569	68.91493692	57.63681053	59.88576789	71.50239157	62.27751656	34.55761635	52.95285566	18.4435344	40.05537107	83.51249401	68.46762694	43.63490382	56.081439
FBLN1	16.97673405	18.86073726	18.29219151	19.69125387	17.40448684	15.49298208	22.54323102	17.46339588	16.26708074	19.55847437	14.40314601	14.12376741	19.27910941	14.2276348	14.33473176	15.63138764	18.24015219	21.89558428	25.84743412	66.32335027
FCHO1	70.91452629	54.85744008	43.85176214	97.18208886	33.06349914	46.43579349	78.98770212	69.78904316	54.16017361	42.16806879	52.11438959	67.19476826	38.84121537	46.16175581	27.03205771	42.95681431	42.89142716	36.25470697	23.61065579	47.50603691
FCN1	21.78727505	19.61009413	2067.532582	3371.826194	99.44854721	64.36928333	317.4604056	111.8669392	37.55306367	195.2432419	507.278422	357.4507729	24.12047745	66.06127053	28.86421397	18.16413373	92.53500986	197.3510584	39.83675226	16.97767523
FGFR3	12.28823998	12.57019149	13.18081331	10.83440778	26.76219887	16.41693263	19.31676985	16.16241894	16.27252849	19.38339042	21.19644959	20.90160772	18.86260123	19.99681858	37.28180548	12.85321926	16.29416177	22.98414749	16.81097606	87.79738137
FGR	104.6493239	104.5049507	877.0522505	1154.684171	321.3166028	240.971666	561.1761835	67.6244936	85.70727674	120.3041189	230.896904	224.0911633	48.7953119	111.7005567	429.9028528	66.52692525	80.55469549	236.8594708	23.66559057	36.25112019
FKBP11	55.70072112	103.4019889	54.57046782	68.40175112	306.6674633	250.1514897	68.06764854	152.2115486	232.5187051	34.74175405	56.98469184	49.77843561	40.36201594	100.7646201	26.10376212	379.3984915	146.0511916	81.83109728	1555.160221	59.76703576
FLT4	23.7866577	20.7650773	17.96046036	16.11212481	25.11053109	21.64839919	21.26062717	24.19187576	26.11136311	22.93427872	9.057130982	10.3526789	13.35651259	10.97237325	16.27303445	19.91741711	16.50534911	16.08805155	12.44973874	27.49431674
FMO5	24.49876971	18.66550961	43.16146523	35.32797298	17.61099771	31.19976916	24.99455984	20.20486516	15.00466246	20.98037163	25.90327413	24.7397704	32.11041048	42.95351795	22.9827661	12.84156205	20.33591491	17.76570556	12.04866534	21.9146927
FST	17.26727567	18.02608319	21.66556983	12.1672384	19.55187329	19.684031	21.74624803	21.24630049	20.41739639	18.62908914	38.96074309	35.17487388	81.76073417	14.78126134	27.45238712	18.09701774	19.82298491	19.55861647	26.53465593	53.59626043
FSTL1	16.36246373	14.83866762	18.2018517	8.011584719	14.06714961	12.83558449	26.10108905	15.99744838	15.89624331	15.43853819	16.63998017	14.02532426	25.6824391	10.49986323	21.78713507	17.81051126	49.66107222	23.48360313	27.32966771	22.50240809
FUT3	22.89313818	19.72088912	21.89810539	19.46871216	17.90915665	20.19698596	27.68177182	18.16149056	16.99234409	33.81751289	14.1302507	15.87808945	14.64197776	10.93535554	17.6909006	17.43977176	16.46779943	16.48727864	32.11393609	182.6266273
FXYD6	18.4050691	15.08157973	84.76128076	41.87129767	32.33369218	20.82129081	23.12622813	23.40226979	17.40094514	66.60269961	71.3401612	36.16495678	15.29691517	9.807900285	12.50577674	11.87867732	55.50297074	27.04174478	23.24115952	58.10438411
GAS7	37.72261067	32.31294408	130.0359376	88.15071548	71.71099616	52.72034561	102.0873387	27.36101796	28.70453111	69.78308459	43.74388678	56.94902363	50.48294639	22.69617919	35.87550686	34.54821601	33.64971022	57.60122973	28.91207792	38.05181072
GATA2	27.05054805	26.17997548	37.10310758	23.38055189	22.83855309	23.47721837	43.48252884	24.50215867	26.62998346	41.4577378	13.72496308	11.86305888	84.09812303	900.9113667	48.70647303	29.92358228	120.5465771	17.32180407	42.29831729	26.74733625
GBP1	52.1610363	57.56930271	150.0213163	138.4376249	137.6884806	130.0954553	201.5976669	131.7108153	168.8761223	29.27412413	896.7194524	71.27323927	54.1959014	35.00596373	38.54927198	136.6324773	52.60372662	138.500843	23.08120814	13.07872844
GCH1	200.019374	217.0440148	270.792589	293.7851532	718.8957886	216.0294652	144.9619989	132.1649523	195.8943772	19.63170273	137.2616674	19.51713991	72.64687473	70.49469259	70.92837503	815.9165706	223.5638155	73.21534443	39.5716368	39.53250167
GFOD1	67.27533267	83.58693843	66.13875942	159.4712815	80.93701663	185.5033473	105.5626919	44.01506919	59.66219329	116.7024042	85.044203	121.4001914	103.9906778	57.26709095	160.1167478	76.98788511	98.61802732	66.51044205	92.31199016	39.94588521
GIMAP4	14.04155675	14.82705266	522.1604631	534.0291957	337.5113387	444.5650695	263.6919476	355.5067025	328.9828401	374.9614741	396.8194597	166.1545565	11.1236027	23.48774614	22.41240862	132.8874967	58.66677262	67.43030742	11.93828008	16.55683914
GJB1	20.99714866	24.60596487	30.0152769	27.62814837	19.87641852	19.69937063	39.85907775	20.90393074	26.28677095	29.38044041	22.39959526	24.0524593	22.87567049	16.63666812	23.85658245	22.48665159	33.24344634	21.8303041	31.79108759	213.2071426
GLRA1	13.55853382	13.9332404	15.16609712	20.19643587	12.14023384	19.5840056	23.28058537	17.16400595	14.18285704	24.13209053	10.24901433	10.44366812	19.35657656	14.80416562	22.03182568	15.13239121	10.84014056	14.73448887	14.61173407	19.19733821
GLRX2	35.10739771	64.63901106	84.45275679	85.06793784	48.78727149	66.58057884	76.60064347	53.76708579	57.42815006	55.29122878	74.51665154	72.30401571	118.4425257	52.9735146	58.16012826	204.529937	121.6766091	80.1373802	94.38784154	39.42902387
GP5	11.56543218	10.9494715	14.10316163	14.3139444	22.10956286	19.51204587	20.0671064	24.1141718	20.28837667	23.20678774	14.6789088	13.0174903	18.09857816	18.33554734	24.01109182	10.71903506	14.32366402	16.38608973	9.299820087	154.033507
GPNMB	15.61488612	17.93416598	27.04072872	20.35665131	12.59921604	19.05134317	19.39375478	16.54549252	14.50196706	1880.183133	1031.714985	1121.365578	54.2763989	15.54115315	35.34866646	16.36512365	23.56501648	69.30778629	40.07130186	60.66134901
HAGH	53.84207699	77.05956706	88.13032112	231.8086056	92.52369219	80.10562425	57.84331385	115.8230252	93.68965564	175.6624632	157.7161567	156.4871969	59.52255308	139.2149034	62.02511751	100.2902762	133.6387953	143.6262513	90.41243249	148.1996187
HAVCR1	15.58492959	12.35895996	12.057971	11.59423306	41.25695029	40.11192434	19.42734322	21.63682548	16.29918086	22.16255904	7.744263707	7.164531691	13.99508624	12.84218624	15.2360653	20.52786131	7.030115726	14.28359136	12.65053594	56.64210268
HBD	17.80699269	16.54163062	19.50953469	34.50161509	19.72110788	24.57824207	44.8631265	23.73438088	22.11340185	21.76130109	12.99070413	12.81989418	65.82082155	56.19545828	22.10723514	15.24598003	840.5401008	18.26563817	73.91526139	20.88134501
HCK	35.75472225	76.40662764	727.5687237	999.7880336	47.05417864	60.50318527	514.0049379	53.65923183	20.38960763	128.2342694	534.4131937	408.4087652	39.71822225	43.6851485	322.2058022	18.30071807	87.91040059	366.7097552	24.33144938	36.07990541
HDC	23.60161805	17.63783467	31.8817682	19.16264284	16.12387721	27.12769465	46.03912706	24.79671255	24.49503799	78.10687166	10.86885855	12.85377181	484.8934266	3422.912253	48.19807013	24.75113141	106.5756387	18.6791119	33.845556	30.52239461
HGD	13.37414261	15.27678381	21.76468477	23.85427909	13.11847117	19.71925767	27.52683248	19.74540739	19.54822941	26.3326302	18.36490979	19.06908036	27.61532425	35.2197196	19.13888176	13.73602846	16.64571126	25.17697686	11.4789804	203.4507062
HIST1H2BC	91.29108698	33.89727417	18.98534053	47.41982879	44.68292025	20.75525926	180.1359818	25.31454849	19.7877356	24.82178257	27.25987036	13.47976386	18.69246618	40.6032966	37.4068721	17.32357629	18.27888927	25.40061578	53.03586708	27.72294668
HOMER2	26.33567178	23.26630529	21.46805006	17.79457626	29.0614611	64.31812775	26.77783978	25.16089884	19.9894923	29.6665338	17.15479822	124.1841415	48.38369588	27.44168747	34.40429202	19.31032536	24.75757087	124.6103591	57.09358049	52.81747353
HOXA2	13.52273386	11.0420293	11.83396793	19.18315905	28.72779023	18.43706507	20.83897175	15.16854978	11.65181663	17.59028122	14.93323957	16.18707143	11.26210143	27.09530313	22.93851836	12.39156613	12.25832945	16.87458469	7.918722087	118.6300152
HPSE	21.04585024	21.43446204	162.8782819	105.480848	22.8968644	34.50565663	193.2663048	47.03004653	27.07976294	42.47411084	52.39473363	33.54433197	27.94743126	20.86442665	17.77123731	39.59548889	34.14193689	27.30256746	18.5874001	24.43328557
HTRA1	17.39077722	14.54584203	50.69479819	15.5468329	20.27829483	25.37191014	30.27724518	24.02771968	19.66165458	183.7564992	42.29789196	38.70941658	33.82964192	13.65490899	15.3572693	18.95230835	31.94671958	23.0951585	36.34324738	36.10463889
ICOS	9.474305736	12.19663532	16.20388287	20.27816383	15.99561015	31.73077289	18.15031669	262.2459957	128.2692591	22.80801649	22.67749809	18.02020256	12.07733901	27.33815389	12.314254	200.370155	12.96463279	22.80630051	7.751507959	35.90758127
IFI27	14.69742768	17.93501526	19.86261331	22.34340097	25.8845167	19.69897357	24.18862404	32.86394603	27.04397517	27.62459101	605.4244532	34.21767179	33.89648691	9.527926109	12.26762473	14.40289532	63.40497636	46.98111794	75.93238733	139.4249364
IFNB1	11.16649586	9.678102198	14.59276916	10.04851259	9.566131349	11.36682803	14.50513232	13.42832706	12.92187053	12.8379278	11.83224953	8.995349304	17.04029953	8.624413332	15.14553949	8.501837661	11.88700805	17.57560839	11.98669372	133.0398183
IFT20	113.3178067	163.4379884	168.1503913	193.3775233	209.2932541	113.2627418	112.7835745	105.0194904	119.7015465	113.7476132	42.15932293	65.15817723	66.63732772	74.60387248	154.8224879	158.3613232	235.1959567	155.2250317	205.1645265	50.74777235
IGFBP2	11.38408361	11.41790889	17.96018167	17.07936688	34.74783979	16.06666268	16.96916315	18.53067689	22.09406833	31.93832774	22.05986196	27.93255058	296.7895899	16.94414589	27.14680466	11.29119298	22.87934663	16.90090082	11.82118308	25.65256912
IL15RA	36.87123725	49.43536439	56.76373	48.6689714	63.76228257	50.59454286	53.33224855	38.65306276	48.24120477	17.09131597	66.52633684	17.3179006	30.98863233	20.6764375	18.19843203	96.81256192	45.00770984	29.44802329	89.10243703	37.62669863
IL1R2	11.36663054	12.1691811	49.06090804	30.61653492	24.73359716	15.43959088	361.4521089	22.14873879	13.95811697	46.77826977	31.41673028	54.54096711	18.89059602	20.736333	19.56762434	15.53602874	15.38125632	143.5682947	15.77873455	21.9650926
IL1RAP	21.60369602	18.04471171	28.87757163	31.94723253	41.13519095	22.80236489	143.4462668	29.77486199	22.77637014	23.17690824	24.92817637	31.84066441	40.77040515	51.1553808	58.61753469	36.41552442	30.68070128	30.20674336	9.801005392	14.56226359
IL1RL1	17.43619951	15.89768192	19.2216275	17.25745513	13.49741195	22.13385391	39.47909068	16.82384224	15.93023392	19.00949198	14.35108427	14.03936083	135.7583878	149.9260712	64.24435907	19.39821802	19.89265419	20.53927289	20.14092889	24.59289689
IL2RA	25.92118143	60.59147788	23.9556593	17.28964161	18.80790962	43.37721895	32.02635047	83.57645383	40.0419995	33.28933939	68.76511819	21.08119067	29.11740576	69.60907947	23.85086966	185.0498263	18.40329294	34.66659306	18.65213898	38.84838093
IL32	16.33230535	22.63510014	21.18197243	13.72824769	86.14318989	230.2299172	26.27974432	371.0070797	547.3676325	16.39730803	69.33462644	21.18710074	46.31685037	48.63521916	20.63761086	571.6271506	22.35625004	28.58242493	16.18282661	25.94111326
IL4R	375.6406102	77.7473534	124.0596109	103.2191779	78.66209896	79.87643461	154.1953432	133.4605312	140.6215335	143.9788196	115.7422212	117.9965539	128.3239772	98.60215879	126.6168429	142.9658498	63.02814445	87.58654614	42.15754609	61.19877409
IL5RA	16.71994519	19.11990495	15.70334716	17.2331993	13.3050437	19.36587771	55.23833671	16.80990115	17.66818467	22.9607749	23.85436924	22.96417592	27.04318755	105.2094765	126.518973	13.19007054	15.36442332	24.66607514	38.14899304	23.24275044
IL6ST	48.38122351	35.43195123	37.18354987	15.95513395	60.36649813	27.41463583	32.29275522	66.95846414	48.10916813	28.89491177	36.23752486	34.35554182	53.21784938	12.63123813	25.44583936	35.01580969	29.46055955	30.16086536	129.4247168	30.56053702
ING2	33.26759008	41.27163811	39.82278444	88.8725753	64.75935164	44.22625154	58.74540308	53.46608463	60.28268741	63.48123773	108.432819	121.0128683	43.94122677	116.4548343	64.95780462	37.03968436	60.93922395	83.5291621	27.45618087	27.28006349
IRS1	34.69869111	28.20365657	16.84385512	8.009778169	13.25058009	19.37208709	18.6209625	22.06229989	23.27846122	12.83716337	13.36741423	12.07604789	14.64994094	11.98574926	20.50320056	25.00742217	12.57743886	14.83842341	29.18944794	20.14547952
JRKL	26.27941299	33.23124942	33.0780762	18.70791123	28.07468355	38.09596269	36.35972733	36.41475259	31.08567243	24.92407156	29.09142734	28.10768248	46.19104326	28.03714456	38.95193531	40.86876529	43.90835991	20.17972389	18.76812041	68.18896719
KCNJ15	17.60642181	18.44670182	43.18707005	22.10572695	21.86351274	26.17620132	218.9717585	19.06435212	16.51906583	27.54238929	19.47119068	13.97051841	28.88496075	18.53458068	23.50088445	14.10958098	14.9871849	19.83226799	24.1764714	28.81826285
KIF1A	23.67217201	17.7693384	13.62215756	16.45377815	22.69147436	19.76129686	21.83971716	18.94226323	19.10054627	18.47831413	10.5968841	9.506352413	11.63765962	13.6910109	20.34535378	14.31371225	14.44797409	16.76493807	14.5885816	110.8859967
KIF22	50.83765296	57.80792073	35.92394798	80.97597283	64.60176368	42.83782646	41.66658182	83.77423308	87.88455585	32.71381038	22.12256799	20.20835723	42.29223308	176.8919907	35.00125493	76.85563901	55.07010735	76.32341958	32.19235057	23.38458331
KIR3DL1	20.49959873	16.68034794	23.07241398	25.48779327	119.6876306	227.9787831	39.65025835	24.63514698	33.20305617	26.28956108	16.54937759	14.90710171	23.69433566	21.72619702	15.28588845	81.1562988	14.3774254	17.34562013	21.3772964	30.89478598
KLHL18	57.26209285	63.69362464	55.75527881	110.7941512	67.68081264	43.1762552	66.9491149	44.97760504	44.49563429	80.86652554	52.58320675	51.64740862	33.09523536	79.69692199	45.56004767	45.28492107	46.31765497	43.96144321	52.05471035	30.83236656
KLRC3	10.84892361	12.40222519	10.52350246	10.13598699	143.9193874	241.222422	16.18971962	12.75451241	82.90798645	10.1272217	10.86197732	9.579868838	9.883228438	10.23787559	11.56551493	86.49223117	6.057087905	13.72708566	7.988660568	16.48879599
KLRD1	18.63445684	21.63709305	22.25432552	24.50077715	270.5291636	331.256296	42.45389071	28.6562603	158.3502436	16.18927074	17.7808285	14.69422759	17.2605852	15.51958438	18.74248424	215.3280638	14.03746113	17.0992853	23.8413466	13.78780708
KLRF1	15.17427017	16.98512544	22.90095484	36.99651794	673.7489574	565.6932824	42.63188841	25.0391711	88.75665882	18.88138071	21.00578904	25.999136	9.697762888	42.71117648	17.15327209	41.08193456	16.84878819	21.95167092	11.1376922	26.33144491
KRT19	9.490013335	9.792627233	10.1300099	10.50826341	16.27772197	9.579039354	13.95831358	11.99865607	11.57226859	11.42439273	9.873238505	9.542035308	171.0219251	14.38565276	12.11458046	5.968737162	11.46096861	16.77469572	6.556856227	42.93156404
KRT5	20.01456372	16.17776375	19.10683004	16.58760808	20.59448006	15.27227027	23.15904078	17.73161545	13.92685989	19.2985384	10.37859695	10.10112379	23.69448454	8.19732949	23.41757014	13.81711122	16.72595521	14.40753368	32.33928184	76.12941088
KSR1	19.53475219	26.6530874	29.75429435	51.04670086	39.83386739	33.52625867	36.79593621	31.05951173	32.20444509	28.10912836	23.54430514	18.86685554	23.31238384	34.10096158	210.0808156	25.30869136	30.47480504	21.90445375	23.54541166	28.58934721
LAIR1	169.3916158	58.23111439	134.2345606	221.7075953	66.85153946	117.4395769	70.55892785	82.81974575	78.87399164	112.3038394	413.762792	302.2802132	88.56244796	540.341422	69.79964586	57.66522959	124.7153559	147.0294786	40.74207282	59.76154025
LAMP3	14.4047974	12.53568786	33.4583233	19.95134887	14.42469167	29.08803723	59.87608787	51.06559862	33.7397647	60.25366116	133.2219922	47.03768023	19.81501919	45.44705805	50.52524185	36.36111272	13.94363858	363.5602237	127.0412851	39.00601777
LGALS13	17.06609469	15.32526543	14.80677312	19.49602419	8.74291442	22.89825595	22.33297878	15.30101896	14.38561439	26.44983309	21.46551017	23.4300031	13.12365103	15.06714542	15.26656168	16.48930478	15.55478495	12.38732169	19.49360263	21.50683664
LILRA3	19.25196215	15.33975432	257.4257181	269.1539238	19.42275678	33.17727739	123.928456	32.34396029	20.4219805	43.31079112	425.9391278	135.6432383	23.13061014	22.81673942	14.90312888	8.733084479	34.4430089	95.11094294	15.77392953	11.15093087
LILRA4	58.68698021	59.58338099	29.12650213	31.43404042	30.57530433	29.40359451	38.70564453	23.61492201	26.71006619	32.68186906	33.75372099	41.41437124	22.82270958	30.68144494	40.11492638	10.9294152	35.14835835	26.82069011	20.65014268	218.8467606
LILRA5	18.07715546	15.52814799	70.35298796	171.9406187	18.32246116	26.33976743	91.43950692	31.72404275	15.02406596	29.96370145	111.6976491	44.1010288	13.2871532	18.65332587	9.879938865	13.63883291	13.97585664	43.3605239	16.96804725	23.50874323
LILRB1	88.78953524	86.45010813	261.5720198	338.2947964	50.64602144	66.91515295	104.6336779	39.5345332	39.54458751	69.61743099	283.3628638	206.3783712	20.93479918	268.3114589	17.96633992	21.1716452	35.47872475	136.5097128	65.41136813	75.19771923
LIMA1	34.75600124	39.25852962	24.435072	19.21445543	28.67787028	43.14039998	18.80383907	74.8671303	49.82570946	51.62862375	74.20821567	149.4224441	182.8321268	21.51797601	16.6411566	47.07888535	44.2908919	44.41842014	46.95739561	16.9211814
LIMK2	56.85167375	44.94089664	46.69608162	31.98883409	29.6993842	48.33144594	185.6402223	42.22148783	39.10210529	35.46489886	54.28485497	21.66048607	43.44850837	43.39478409	57.21273922	48.82838678	43.22101708	26.46734305	23.45970765	39.82489641
LIPF	15.3742955	13.32646977	14.5412582	17.67923065	8.581607583	21.29408348	25.21611401	13.65587898	15.13010258	14.97861563	23.40284359	20.99030881	10.21312578	28.75278777	10.30886493	14.32134886	9.104581713	18.42608937	13.15559035	62.78170425
LRP5L	30.96499888	25.36349144	47.97887205	105.1239058	44.79549495	61.45769588	54.72770791	52.92407491	43.3981602	112.5433685	61.17091138	74.41954437	29.44324629	922.1525263	38.24706511	37.85264232	75.8797359	82.07849204	15.2593635	55.61124187
LRRC8D	138.7081087	134.2945506	203.6275923	201.1363607	116.4554216	101.4114073	94.54367216	142.8370216	142.7724325	191.339718	81.10557565	89.42766523	66.60572523	35.00255252	71.82602034	159.8990858	326.2287774	92.279135	129.7432278	66.61185037
LSM4	88.98427596	105.7842737	74.42962165	195.5655033	105.0400739	88.91104634	37.43949911	121.0106074	135.425977	126.1834738	192.3552094	205.8875007	51.96354523	143.8925285	55.3230303	85.94577046	85.24263787	164.2053758	48.31695953	144.0889733
MAG	18.9625577	20.05885038	17.71604481	28.77225835	16.06287523	21.73221796	22.26121409	19.38010952	15.4544302	23.20073095	14.51548854	14.01775537	17.87793836	23.51996634	19.9122098	11.22902773	15.04759788	17.04042775	11.08992238	78.97936297
MAL	27.7108582	22.58958379	21.98082047	17.00570414	16.50613621	24.36833996	34.51274065	320.7125872	182.8970995	13.06530448	16.02339661	24.78065881	52.73383405	20.10364177	16.4261505	127.5461842	29.51297219	20.98161073	52.96145023	16.45491145
MAOA	10.39920444	12.76710804	17.52776354	10.63779871	11.88497491	14.3507425	18.26845227	16.04345723	13.02623284	46.11507688	70.41159348	476.2210648	77.06786909	33.62980642	17.11250932	15.41620975	19.25343603	38.94562062	10.48443987	32.32593505
MAPK7	33.73194444	32.97070321	55.67954035	85.04005347	34.37849275	35.1941459	33.50113961	38.53064349	39.04135242	32.36656071	51.41328475	48.98339061	34.28009066	45.21140506	23.58362495	33.15533037	26.7016645	38.13253013	30.27120522	29.13360714
MAT2B	693.2130969	610.1014731	148.0282412	132.7647893	189.5613969	206.9148487	153.0522144	169.0684473	252.7013478	72.79261085	130.12854	175.1308714	200.8882764	181.400137	1094.070575	170.0011353	115.8080766	160.8586725	436.9611497	61.92864393
MEST	26.6982874	24.24340261	26.54739742	18.46474705	16.24709819	20.06025446	28.19834367	22.26591892	27.56139987	24.10130898	11.40305634	11.18871636	17.62394246	12.13421791	24.63007109	19.7937989	441.4729702	17.80902244	39.54548078	31.70104978
MME	17.16725553	16.66138203	20.19588019	15.71942248	10.22148513	13.86791051	238.5493595	16.01947423	13.22752296	22.83864548	16.57501337	15.95707779	20.89235161	12.49942403	29.78551001	8.946019659	35.45528563	14.45733263	20.94702867	32.55579192
MMP25	27.8877984	24.15992273	54.89841597	33.71449772	26.50723309	38.6301524	167.1530174	35.65355189	37.01412604	27.61657763	49.68139491	41.16214341	29.03750868	275.0489511	63.35344234	42.22658987	29.56759593	53.92559473	47.02640269	29.05599824
MMP8	17.19890567	14.46538126	15.0378252	10.17883031	9.318402917	16.58922465	41.06900956	13.563454	11.40491931	44.57211365	7.394263625	6.9489409	24.05947869	9.997669084	23.82022965	14.00398044	17.53616654	11.97297986	35.79004511	22.45249273
MMP9	22.02023517	22.46057904	71.0484368	19.12128466	30.56561174	41.19276221	479.8010018	31.30604498	24.32904544	1082.375474	3825.404778	2402.56263	43.25798	14.53404279	29.45171381	46.07895665	40.63705049	213.215089	80.78303562	40.17353538
MOCS3	28.76160581	24.29961888	30.82444571	16.58146993	19.85762938	25.99305691	32.0788357	33.99311035	24.96936943	38.80311392	25.06908124	27.34085698	41.48321261	18.86986451	14.9272107	37.88751234	23.78311388	18.78963134	40.20538047	24.59145929
MPO	14.56696088	13.2390239	43.19840418	34.88054683	16.0464285	29.21356224	41.15901761	23.44734784	16.63514223	45.47923511	45.85592213	42.88035944	27.95800551	72.8887001	30.97860537	15.11331861	879.9229547	21.32780885	23.47897724	21.2116384
MPPED2	14.50192069	10.99389663	10.30500564	12.25702932	13.9726976	20.84170748	16.87620771	15.06922112	11.91963402	15.59469458	6.657759807	6.76934525	17.57081449	9.555447093	16.9797265	11.34646813	27.69568897	14.54735507	11.16468983	25.84564791
MRPL3	255.0718646	342.3912238	148.0956752	236.4708622	148.6067668	145.3158348	45.63488421	204.3076218	207.7236983	100.9687625	111.3596921	165.7341037	309.6076602	63.40515692	74.05751669	903.2884687	816.3408028	170.2310267	446.7543265	79.45644689
MRPL4	48.4910992	53.5109069	39.61261576	41.80435395	38.09769081	34.67654211	17.32654541	53.74594948	60.7536004	45.00609344	43.65714286	45.23623547	90.72433609	20.69952734	11.30900652	87.90129779	50.05572788	33.41114529	92.44023356	31.30623124
MS4A1	1518.542733	1425.959673	23.62489814	16.37315155	17.08430493	23.59910361	31.43809225	25.6870312	29.09362967	18.17733678	12.43539706	13.62637605	15.78122076	24.88581409	57.17416166	19.75434869	19.03951039	19.24083775	78.46352468	14.10892116
MS4A6A	23.84058066	22.16608874	446.0485563	285.9098531	22.32233981	39.22914965	86.60456504	62.51195241	19.8563612	110.8129237	84.45353431	675.7509151	36.47317139	216.2270205	38.89571358	13.14259401	84.64109865	161.1051483	32.11738057	43.90863889
MT1X	43.61808169	72.14046687	149.8094743	185.1021295	103.874123	68.89061706	86.1766727	132.5304834	162.4430448	199.5262067	624.8495023	146.6020722	201.1852501	60.41167015	67.63864087	221.9997429	119.8736835	79.43837524	69.07253667	37.56604838
MTMR11	20.35202598	18.38267966	179.5649807	194.8768012	35.27654309	27.48901295	32.29785212	37.92172956	23.23172493	47.21855588	45.06123837	33.35605093	25.9858217	35.99507612	16.34258069	16.63405763	23.38404	52.58473313	39.63200396	28.67917268
MTSS1	136.8338526	110.1000479	67.89571607	199.6556971	122.4464251	134.1263521	30.1073677	45.31013535	41.45677758	51.22460454	53.5153049	86.25177392	73.79177449	47.41990273	31.83396259	27.85776047	35.82488796	104.3038787	25.86201782	45.05161721
MUC1	21.15940953	25.36014392	24.30944778	20.35956079	25.78892901	16.51917612	31.79798346	31.92419418	29.01863265	27.32527963	61.02910562	27.57268355	33.5833771	29.69477858	24.00227852	31.13808126	43.88365422	38.70461044	31.15045789	168.4478729
MYLIP	131.3911025	118.916417	97.70121741	307.9021861	225.3320848	131.5082242	266.9578082	150.0150301	131.2137904	49.44986925	105.4791333	111.7434398	45.35543024	684.6693635	123.0912131	84.54222967	126.1833165	196.0252619	40.0185743	37.04467753
NAGA	56.91808615	64.64153099	193.4523314	253.9119606	44.32925356	40.04588602	39.67814193	53.57259922	40.30828893	103.2735677	82.30194765	150.5933048	164.8621681	31.44666242	29.90405946	65.50689227	82.70444996	99.47618317	77.75844065	68.61492274
NBN	71.55835333	105.0491688	87.18340308	73.59558453	169.8097567	102.7631609	169.7808264	64.77969197	81.17406274	75.7572301	107.383916	69.55819286	61.54908607	57.85617397	178.2442919	92.43644319	114.3973441	79.74063481	50.55054852	28.48162307
NBR1	61.07990054	66.6063616	63.47841164	21.86992434	73.09144794	54.01534483	71.62665701	58.81069426	69.58273107	35.00807043	20.301084	32.99776817	87.73088964	26.12003973	128.5778845	87.39335693	35.37472384	27.35279153	129.4946349	28.17176755
NDRG2	29.1725599	26.73085506	26.94037659	27.40159218	29.6999487	31.90470195	32.03729203	39.61226074	26.81456841	41.41162015	48.46157906	52.43067174	37.5518117	27.17990304	28.73225801	19.00415429	23.71418416	97.85402246	32.15503253	37.38001855
NEFL	13.41266956	14.10050093	13.46444923	17.56371234	14.75623551	13.72333368	24.83212512	29.24769675	14.19207094	18.32673125	14.49480313	13.27825852	40.63866386	19.86067026	13.8183414	12.55535105	8.745381944	18.8451213	9.933653425	20.62659094
NGFRAP1	23.25826167	28.73775429	45.90343994	39.26563497	27.12350394	32.46341485	40.08861757	95.37075221	85.7695015	77.23543584	55.07321777	71.0260706	329.1389036	44.10285777	37.10318777	29.2525574	1322.700388	74.62237763	87.72498286	18.97948314
NME1	176.1862467	233.5281896	82.86861481	123.7898164	53.05675147	54.00266122	43.1976046	110.4531213	121.3829507	135.4819185	91.86655108	106.0579619	351.9189762	40.35959092	38.17391106	454.4322734	636.1541749	99.924562	509.0722503	285.7921777
NOTCH4	35.38610358	29.44693273	30.03392263	82.35065983	40.02536952	27.00917151	25.00426124	26.04926333	22.24507761	22.83736638	25.50793987	16.45733236	31.51670631	21.50201957	27.59095444	17.9584548	24.79795111	20.09832583	27.61047236	29.0777003
NOV	18.68579879	13.59326158	18.18954012	22.75398417	20.27226746	15.79635968	116.4208383	18.72601959	14.6829381	33.42813701	24.62132334	28.34607644	19.46977623	32.71164211	45.3278159	14.89624816	23.09389505	19.12263911	16.94994661	22.84985064
NPEPPS	70.26796034	77.23940015	81.25409804	70.58367738	241.1978712	61.61760305	113.2371582	80.70966512	81.31942699	31.24625266	59.87116737	74.87993051	54.3692389	129.1853598	140.2037988	106.9695321	82.53316622	102.6086012	42.28214746	33.22362169
NR2E3	20.03518548	18.80540383	16.86250434	14.62544322	27.86025597	17.40389773	19.89899243	18.57041274	15.03250604	24.62518793	10.35070628	10.20628873	11.68802416	9.62469982	24.8497204	12.49188321	13.42715788	14.58698816	12.09732459	20.16845545
NR4A2	48.23055105	60.67680721	44.37856755	237.0473623	937.6631016	87.9594746	179.0937793	97.48089096	170.0973233	19.62066538	49.37321622	34.24965368	49.64215973	179.5333547	103.1894067	121.0234048	147.6916231	112.9270036	69.09756653	12.65263509
NRG1	15.55800841	14.29776407	41.97409244	20.08432168	20.30695762	15.01071836	21.69112162	18.19652847	16.36535625	13.30854302	11.22497064	11.92937246	20.29660035	14.26631417	17.3261289	12.0925177	12.90127271	21.64954745	15.27618361	14.44231314
NRGN	23.02412522	20.87575488	183.1562184	129.2336011	34.19915545	29.18640595	72.85989994	41.33990717	29.90204555	32.36783867	24.0883387	47.57365438	61.24103689	27.20095809	19.74443402	22.55561068	47.94949847	27.73791628	33.35273335	62.37413468
NUDT1	69.0775237	78.8452126	55.35500161	129.6974599	73.51446503	52.2868293	21.41630814	78.87652511	86.94464827	181.8272433	40.58678191	64.72885211	57.0174401	62.90128839	12.66110659	78.90710216	279.6540922	125.8953968	23.26528484	312.4891873
NUDT18	39.32100194	34.30207126	54.24460724	119.0920061	35.35678601	48.60511	46.2659202	56.65081803	52.85544508	96.44229575	105.1662328	81.77349721	25.22853047	78.09180057	21.37622312	50.22002605	43.9173416	75.49766069	34.97146518	93.72564937
NXT1	116.4704663	97.11042173	93.77289101	225.2499083	156.1548961	98.9993326	105.740605	164.1503968	224.0567431	50.34835974	187.9016481	191.3591698	79.75647628	155.1276135	89.82722144	220.9565384	243.7954668	217.3228601	163.3383389	79.60057513
NXT2	47.13085851	70.97196189	64.94703883	110.4360863	90.64629384	66.08612451	55.637105	58.75690524	59.64845766	35.52610128	94.35147694	85.26560457	220.7561155	53.75236102	29.75977866	79.54870969	79.10475704	93.79684895	36.44381377	100.7763011
OLFM1	13.01591221	13.60352868	37.20237527	55.5957251	13.39205588	17.61282462	18.55587107	19.50176482	15.3121072	23.47824018	23.83663611	21.1287977	17.24737082	11.50268106	18.03449606	12.70192945	19.20638549	24.96536326	18.23940408	25.8238208
OR2F1	14.70546546	11.75854504	18.7656117	13.92144304	15.63838727	15.28803819	18.94028207	18.14242915	12.85605776	20.78210991	9.727019217	9.947481062	24.35262857	10.10019425	20.9229567	13.35120623	15.19851763	12.76177066	18.95969402	17.30337756
OR2J2	12.48202156	10.83052045	13.32759872	14.86394249	7.645069	11.62689815	15.81221445	14.17546853	9.688608305	23.93691937	8.206224718	8.262144095	14.47780873	12.4292015	7.961651798	9.119287361	9.134079698	13.68101859	10.81701846	31.45358737
ORM1	15.92259276	16.18297629	24.14276185	22.19614204	12.49927039	15.94540881	185.8752815	17.52609902	16.91123006	43.18347009	71.60749912	15.63406617	16.81012589	21.49014731	12.71525584	8.145658442	14.88787102	15.72267769	15.69659922	50.76156167
OSBPL10	105.278523	104.8699386	16.34026917	11.22948289	20.49008645	18.60900888	21.34756121	19.38783891	18.37111616	20.36400213	16.20182115	23.09335702	16.26291861	11.48639431	22.97718188	19.38056682	23.42019456	16.47322303	48.38286194	14.93852522
PALLD	25.6123872	25.64908807	52.11078669	43.40409736	34.00971986	60.39619946	20.77189965	25.14299248	22.00001842	90.71793262	64.22008231	322.8395319	59.61767951	660.4177086	10.13306968	17.98311753	22.75823824	127.0726754	14.17094478	55.39097873
PANX1	25.54239171	34.66678104	49.18379799	50.36965466	80.0505484	50.00250853	24.17130176	46.19916789	44.61534081	48.91950256	93.92697878	38.53615581	57.91975227	23.51653451	29.98267906	63.78553443	36.4783395	53.39759651	33.60799796	22.64545543
PAX5	212.0252857	169.2611704	23.44412571	15.45840118	21.44556405	20.57807518	24.08132606	18.67527116	22.34666715	22.05220768	12.4321526	10.26064263	23.5336748	9.27833823	35.31888936	20.0274864	38.73478535	16.97249207	43.32905652	40.0094805
PCGF2	28.85880246	29.00033023	24.94240962	42.00222808	24.75964543	23.907789	34.70816385	27.85059059	24.07973792	25.26857461	54.52115796	38.41658523	29.88309749	15.03170345	21.87178019	28.47440649	30.25808365	21.75402178	47.62778536	179.9496031
PDGFB	23.89904124	18.27973208	23.78580125	19.34862476	14.80261054	21.25407142	21.9189289	23.7937757	22.10112584	32.43057645	31.8521799	39.57795118	21.49769608	21.54749317	18.79803383	15.18291415	22.14019211	29.78351443	24.15883884	132.1503551
PDK4	21.1842502	14.58106362	68.80269998	123.6134415	15.18466476	20.58184344	36.61101496	22.07451304	14.73371552	26.7538026	32.03913265	41.87291518	15.14337441	19.41077844	125.2055514	10.27405397	22.5850627	32.80072283	14.62072152	23.45818026
PGLYRP1	16.89847601	14.74840073	26.52875101	21.39776609	17.98748159	20.27613905	169.4718449	21.15320561	18.57870452	45.07745201	16.97330489	17.56493873	20.66092822	30.70316897	53.20463715	8.959321575	23.01378118	16.8930252	22.09728054	21.54389933
PHEX	22.60471451	21.86549945	18.76270199	15.9330515	14.80531229	17.64635366	30.84258428	23.68828349	22.57833869	16.4550605	13.08565754	13.12320247	15.99427773	16.70863357	19.50160238	22.02460674	9.92504091	17.80845306	31.3345758	116.5278916
PI3	25.14356735	20.63204272	33.5527768	14.96900275	16.04271171	34.37545545	486.9529895	18.8127959	16.40221621	30.77306968	18.59026808	12.49185591	15.01960892	12.86817384	15.99317704	14.58419096	13.12819707	14.66668139	17.40704535	21.85155233
PIK3CG	73.09466473	68.21191522	42.0216535	143.0564556	146.0602813	102.4660155	121.6946636	58.97877543	50.71206659	36.37157682	85.42099389	81.71273906	31.68181283	184.5952155	66.9416155	65.66423761	34.45161099	88.26276714	25.78917122	53.97223125
PLAT	15.91152026	13.03553058	12.76716727	11.08317432	18.94461796	18.63013775	21.21183441	17.8518733	11.14766743	13.37695735	14.3895543	11.15707718	312.2982025	16.17231682	17.53934316	15.80489158	11.08147186	23.92163336	11.26631383	19.29740761
POU2AF1	793.3270891	579.4564008	18.19229778	9.69272773	22.35308831	23.04809206	22.95444767	41.10526208	26.71265193	25.8795455	13.44185424	16.7214804	12.96041945	17.65271669	80.29676955	20.44317757	23.85556406	14.44251622	1310.106229	22.61048894
PPA1	277.6064137	419.289092	427.7470604	362.7888701	142.9054878	137.4205704	69.69378202	369.0317681	423.1915341	241.3422967	883.8645712	284.5844176	322.1897951	93.88382712	123.4163002	793.8150404	1293.448964	890.9252615	802.6122967	88.07950632
PRKCDBP	14.32704851	13.25320744	28.742332	14.32247315	23.98678137	21.20868645	21.07436128	28.40170096	19.85858748	62.96382517	86.78218429	61.96776256	14.1273478	25.91365983	33.74527771	19.71296118	10.96387114	81.66744545	17.86275446	43.09487711
PROM1	10.99974881	12.13655489	12.4050491	11.00532787	13.18317826	20.42375543	25.80653389	17.04839034	13.77568838	20.76327924	8.904686647	12.97496505	16.3859681	50.30324612	39.67224775	16.29332891	482.3235481	14.40471409	12.70867275	22.29824295
PRR5	26.36985905	40.28044582	24.58993605	48.47880774	56.89975476	53.61295555	26.15900106	53.46178404	103.0902471	30.94439013	39.21815577	35.8926021	25.90992153	22.28709304	16.69814432	52.24102049	68.20687458	20.41652552	53.66891558	52.80824792
PSAT1	30.48060763	57.12170462	25.69185751	13.44209951	14.38952964	40.84733565	24.81061926	47.40817501	46.89314084	51.90489237	27.61712448	24.65170473	159.2756845	13.27270986	15.19005951	168.1741603	28.71463061	19.25409634	207.3784957	39.00566045
PTPN13	11.16301959	13.44507121	11.92741301	27.80487824	18.40420915	18.93554451	18.83161524	28.35163486	9.517158609	29.56970397	10.59644796	11.97720998	9.772316003	13.26801011	25.72464229	13.95728358	9.740782049	17.11620666	7.50366005	15.67946297
PTPRK	83.3268931	50.56437725	11.04197364	9.916378979	9.662547653	15.27371825	19.19531589	19.68798458	33.09116584	14.19534452	9.348226197	7.011989311	34.87729913	13.77015221	39.12435725	14.33174847	10.06262312	18.4687391	43.84426488	16.03423348
PTPRS	17.82709281	20.31651839	20.21085827	20.14172728	19.4100669	17.75584348	24.4306265	19.67726039	17.89881682	26.28942443	14.62403384	15.11661763	16.8589686	24.13040619	12.61532795	13.23973115	20.91890834	21.05177115	13.93502441	91.55954099
PTTG2	20.32234439	17.33305667	13.24100657	13.21179343	9.337961832	34.94482618	26.94273621	27.90648458	26.15085808	23.54152693	47.70592128	43.38671748	18.64063061	25.44243448	12.82290071	17.98514338	8.546223392	20.54781947	9.55103472	45.21404696
QPRT	16.62845877	20.06874114	26.07350879	56.57070479	28.56441514	28.99579625	30.65533091	28.50476833	26.64745261	41.05349201	47.82858953	262.2195692	93.17808369	29.60114877	17.24969996	29.60997978	82.68079796	43.40439873	100.2792326	71.91527891
RAB9A	112.6560829	117.6899621	202.1099626	230.4590459	193.0434135	164.4978571	136.1018168	115.5462833	168.4145525	210.0232278	334.0773054	314.4834704	94.81800353	231.1462732	142.7202766	213.0015105	213.2617836	759.2464686	198.7262441	159.4117157
RAMP1	20.7638077	22.0824959	27.56631678	20.23627547	48.18629307	60.14600509	35.90370903	30.16397238	29.83861422	33.58639292	22.13847068	192.5926091	29.20721	15.524146	22.90449525	43.1231342	42.53700947	149.7213396	44.59227288	124.1676548
RARRES2	19.15199898	21.00016901	17.36619803	24.32616325	26.54872603	13.93728094	36.1118421	18.25109405	14.93854033	22.8004139	17.23022641	14.77529764	9.304641076	18.60401972	20.66263073	11.14548953	19.95755335	23.10602964	13.3930145	265.7376514
RETN	15.52906917	17.07861424	89.1250216	76.80643688	24.12848528	23.91568441	41.7696246	30.15636884	23.79798307	25.83344078	15.70253271	13.80782354	22.38537105	24.07131459	15.55151179	18.60933256	30.80805707	24.32723479	22.40102666	31.96371749
RNASE1	19.07772968	14.86287016	22.78342966	20.36525666	19.81050121	16.3624904	21.783092	20.19513756	14.83435711	535.9002635	98.18999294	293.2965946	18.63683172	16.39812	18.88088996	12.99346317	25.75848108	54.14938109	19.09953841	48.52735534
RNASE4	15.30665176	34.98040623	71.0216947	28.6183543	17.12555643	16.63778553	19.33838641	24.32127794	14.12522889	34.55304377	40.49425713	42.01000477	12.08074218	22.21503062	8.283444473	19.94593058	20.17916031	38.03240114	39.58695187	22.32229364
RNF122	48.46965891	33.31944712	54.71556386	121.3380482	39.72723432	39.72706585	92.69415809	38.80654871	37.63997544	60.20054263	33.33754806	31.9262277	35.36693635	52.94285885	62.40676909	35.78510974	38.82806479	41.32786713	148.0699682	32.21021005
RPL7	1033.574633	504.5586973	164.1361825	248.2016049	852.5950874	96.48985148	87.50627636	393.3765809	420.3726686	63.05588815	121.9572102	185.192881	126.8657874	298.8231918	98.33919218	118.7687505	330.1201538	388.134499	217.995344	79.76058618
RRAS	27.64082708	21.46215476	108.6019515	388.5406403	43.2836451	41.63677616	21.89782529	73.41138729	38.42751712	129.8714139	271.2748252	203.6275942	37.19503144	44.86925503	12.84206082	31.23514311	34.671722	99.03144573	43.16693504	102.0122779
S100A12	14.04455284	14.82133631	655.9390706	103.5363811	29.62623346	71.47967761	617.9793152	46.03084801	27.25970063	20.0165161	31.09564885	13.01220354	20.56001744	19.98157608	43.82159575	14.75430043	58.42535615	39.9950359	123.8185103	11.83432212
S100B	9.971537007	10.04302728	9.601537557	10.45242634	18.79017869	34.35659843	11.65674329	11.9424836	22.32865451	20.23880087	10.35864253	11.89971653	11.87389916	9.762508622	10.50355428	9.271948943	8.389109121	29.67431074	10.10568108	15.51415331
S100P	15.49439491	17.96181247	117.6682209	91.22763488	25.23122407	28.55151545	741.1481276	34.51133428	28.0683052	30.92007051	27.52959187	20.79830149	43.58655064	702.5883218	1026.492039	25.05194594	46.27061954	16.1208751	35.42363289	16.09520425
SCRN1	126.5826759	230.9243204	85.13756859	225.9672477	141.0246584	67.68914445	42.81546148	33.9151586	43.23882517	30.8746285	73.29363702	90.38533447	33.31417754	99.02090425	84.31811583	30.40107914	196.3909825	134.783702	168.317944	114.8149179
SDC1	24.79887536	24.55698924	20.62648574	24.60396927	23.52050294	16.40288943	26.78966508	24.60514239	19.21975703	37.53327009	25.55445913	31.127249	19.10655488	28.0420809	16.31651468	15.83297508	21.86168772	31.55905337	996.5638323	47.38932123
SEC63	101.0408738	95.0505003	52.20434746	64.64920698	227.4743361	53.77087671	55.63381994	77.73097269	78.17603793	40.25424723	39.46644409	44.34027112	61.14275729	65.95037539	80.92044487	70.50209807	78.21718559	65.93820057	149.4175287	63.67380627
SERPINF2	25.16540725	19.5227153	22.717928	18.71683726	15.75362721	23.07100574	21.02777312	20.76616794	17.82347812	26.42707497	22.96898361	27.10046304	24.25168476	15.27016209	8.418959037	16.92337491	20.48424203	37.78375838	29.91532246	178.7805912
SETBP1	149.4771373	157.6850312	25.12551429	79.18072748	140.0161993	86.3251283	26.22690449	28.08892499	36.94103439	21.24400537	17.20597783	20.8123127	11.29997341	32.28710002	31.01293257	67.90329807	45.55513197	27.93847032	77.95595932	62.1369964
SF3A3	96.65835861	95.60065853	109.4477111	273.0136464	188.1798452	106.4306596	90.56251197	191.0306861	191.0686657	115.0015053	146.5464829	184.9975743	76.56541215	263.91632	70.53653489	165.7063708	220.0323518	221.12181	54.31549281	77.45222366
SFTPD	12.11587979	10.95413588	26.13515207	111.0084149	27.51034975	15.6863971	21.00697561	19.8149713	13.73656666	21.63785091	11.76085403	17.67920709	16.93120236	15.24977373	10.32077039	9.69617852	13.40810572	32.91346824	9.981406747	25.89405827
SFXN3	22.73172352	32.31937286	79.38692925	104.4240825	146.8795385	65.45767325	59.41154885	62.79976	70.13717378	163.6813683	49.67508072	52.54945777	140.562714	52.21506655	77.07277448	67.00425913	59.28246158	60.78431495	26.16782193	53.82566177
SH3BP2	78.16843296	44.21399353	61.60903233	78.31425495	77.29127281	73.51030774	89.69965897	42.02231674	46.30160147	34.94195231	29.56256603	28.18426908	25.02761861	24.31878561	64.2292617	37.37467214	25.43850357	36.8881831	26.65636336	28.25098807
SIDT1	252.9932429	167.5136467	23.93276043	30.60171078	141.0752992	65.24252936	37.5601137	80.33372021	87.95419742	40.83841306	14.04863542	13.89062684	17.86586064	50.33296301	34.09960061	120.1096966	54.58116778	27.39794137	66.13331421	56.19183935
SIGLEC6	31.38116573	65.9137514	22.01117651	30.17146993	28.75293007	28.08615245	33.3182282	27.61972835	21.34147429	34.51673153	17.20765678	20.74255624	149.1954657	39.9843241	27.31516211	21.01843001	14.95776794	22.48688783	18.94621693	77.82897254
SLC12A3	18.57336278	22.50197068	21.13235793	26.68072967	16.30817715	14.65392851	24.89258946	19.16114417	17.72120515	24.52304192	11.62131228	11.10072089	19.6686118	13.58494953	15.88387902	13.10768268	20.47778277	17.95753916	22.91767962	64.93547822
SLC15A3	86.77486694	68.71479309	258.0951101	457.1806371	40.41397955	29.0927985	331.8926128	45.33917472	24.4990451	550.0792844	1508.414675	1224.507916	28.37516421	31.65117833	17.18803762	10.07325113	54.45014237	371.4928175	50.34093343	47.54733366
SLC17A5	42.4173104	44.36986911	52.41159961	55.07440991	44.43196429	33.76025522	70.25304705	53.27645106	40.91283072	204.9202752	23.01127293	37.03866607	62.59054172	18.66699069	28.40714177	53.97866768	58.73791045	36.06450385	105.096643	30.65665919
SLC1A4	68.94065372	80.55255659	40.32569773	74.90067158	55.31910111	48.35570754	34.5222468	37.77641149	40.88737035	84.87987704	117.3956521	53.08853683	61.84667402	88.17576233	31.88443757	134.1914708	75.41653039	62.48319618	392.219417	100.4738569
SLC38A1	488.0248689	298.4439711	28.94731445	24.70920625	377.6814612	139.4567178	62.96139994	310.1665763	424.8822757	24.95566815	21.82657743	21.15317647	40.40203338	67.82363086	224.9806249	264.4554388	153.1676682	104.8000415	306.8821288	71.19978035
SLC4A1AP	83.46892136	84.07982632	72.04207187	54.33381457	250.1006308	66.83547484	72.0946286	77.11608869	92.181389	69.75160247	73.52901396	71.10155677	48.25521981	91.59722285	57.71279037	105.2142122	71.12117244	66.33744133	64.39329416	27.3635157
SLC6A13	20.43557106	24.56967211	28.77147671	22.9546016	20.98048738	36.72781145	33.08536183	25.76961056	26.84066539	29.19264529	41.5794298	36.11468841	33.84390423	35.26491365	26.5296149	25.03798517	15.49410112	19.43795951	75.4196905	123.9946539
SLC7A7	169.2379734	135.1840478	1028.398024	1426.352821	59.04458899	55.35578722	181.1256905	71.83399353	30.82272146	209.8148735	1257.300977	647.2501265	47.5934651	33.28578265	39.20794451	21.64762569	97.77639273	161.7636614	275.0393351	16.82074145
SLC9A3R1	83.40758499	90.71579525	156.9022663	398.1280846	225.6541487	248.7955009	240.0971138	267.3826495	345.9535607	55.52518649	115.4442625	97.94434693	87.58446838	652.3208141	249.9117764	366.1769561	149.0533338	100.564206	196.4708115	20.25712935
SLCO2B1	13.72861198	14.80060061	22.33152831	24.06692566	13.85957825	17.75770185	24.28052761	17.74458853	14.83308881	357.9874636	144.3793028	353.0585678	66.41143104	18.11556493	17.58736698	16.0216243	28.0210232	39.63364045	25.39271507	31.15884859
SMARCD3	18.0179342	19.66572008	75.88483791	51.76341548	30.65510083	22.9671045	33.63024944	34.85050651	30.18821879	19.71619006	38.19507047	36.75771791	36.32844285	21.40466007	13.84586795	17.44480141	32.23351203	23.89704804	19.4542021	29.06320708
SOCS2	19.53820151	25.22670744	20.3634828	16.48904758	66.63586309	55.13392378	40.24582493	64.01038969	41.69195392	27.15809645	51.89447017	30.66296175	71.35249174	1285.060803	54.29909603	114.5561208	119.3934799	46.50550782	38.50433528	17.14811583
SPAG4	11.32572542	11.47859838	15.26493638	12.15739033	19.15843805	19.83457906	28.81217412	20.48666382	19.66929555	24.24990077	21.61516788	18.60677815	39.70781115	28.45162391	14.24973469	27.39845078	19.14333467	17.24085919	371.1807181	35.86771048
STAB2	18.30632885	15.571111	18.54074989	22.52860939	12.84953871	13.71361601	17.77187838	19.76825935	14.39231432	26.62120556	9.210146887	7.147535614	18.5867732	14.86971552	17.79125416	11.60347219	19.26575369	16.84271987	29.25120147	28.82701388
STEAP4	9.119141213	10.5765404	36.08464011	16.20142401	11.64729396	13.53627795	197.0155245	14.14938737	10.47547468	15.49536105	12.78131722	13.02981205	15.95645585	20.37249483	13.2621408	10.16470144	9.008593655	17.82686339	5.982149635	15.17291997
SYNE1	69.68297964	40.6319927	17.81834697	13.06274478	163.1145958	39.49714884	27.90377716	23.5586851	40.11504631	18.08501148	15.6416583	19.55822944	17.4266933	16.34278474	192.2720732	21.12865864	14.25676321	19.4517262	21.16610358	17.01751459
TAGLN	48.64693621	37.70992937	48.99305197	122.8996579	29.54196098	30.25344916	36.82738238	28.87251715	22.63423102	23.94711213	47.4739683	43.97621193	23.93099376	51.77785704	29.13997087	26.53080029	27.38973668	38.59437912	25.70323704	28.32661106
TBC1D8	27.25407856	26.30226433	73.24456967	184.5374778	40.43529137	28.48446048	41.41484482	32.1559919	22.74865063	47.22490517	89.97544048	75.58508799	41.93875143	38.65269808	34.0793691	22.83924449	29.30490737	122.2180099	22.52971963	31.02895417
TCL1A	793.8900315	67.19269731	27.08883589	20.95840734	15.08949856	22.5362612	35.25030004	30.97811047	26.96561613	26.76142603	14.62698365	13.34296302	18.97489925	16.79054365	34.23857187	22.28994956	51.30437947	18.18706028	58.3929452	257.2627461
TFEC	15.14647828	34.27391711	85.96938494	24.0011959	13.3963332	22.69556948	29.90247021	15.63079984	13.69592199	54.29770312	44.37445657	53.03923273	14.94053634	15.1007722	16.88009107	17.10101483	53.59001135	49.78004418	13.19970005	54.63374413
TGM3	18.67200244	16.30063354	20.78456768	20.90621959	16.16513523	17.6013214	155.5047555	18.1101542	19.16833433	27.69601381	18.64341549	15.84948908	19.60227373	31.52757041	18.45937232	20.61682635	13.56061022	24.39119979	26.35515017	37.607696
TLL1	9.806158861	9.853894485	8.570943646	13.93196273	12.20677876	11.96126022	19.52987237	11.44631224	9.165693467	12.45295201	7.33620354	7.513473094	8.211164121	14.31112465	14.59818183	11.29938822	5.551838292	13.33837563	8.011406034	95.11036613
TLR5	19.84317429	17.4607716	131.5470643	130.5966791	23.75718605	29.17292635	95.83301736	40.44773288	23.71397596	89.1178512	42.20772028	96.71957721	21.43373872	16.36655878	24.18734649	21.28508766	22.254458	39.30633621	22.17960179	19.80917782
TLR8	9.326644171	10.19707074	213.8319909	197.1090526	24.18852316	31.48149777	292.4206308	25.79374896	12.25340312	69.95458141	160.3547892	88.42653754	12.39062873	16.06999782	14.26815465	12.1038411	19.19850427	82.84229597	10.64546478	22.79954036
TM4SF5	13.14428075	13.51446334	16.79563909	13.75433829	14.89283198	10.95124472	19.07099699	17.05315871	17.36524199	18.94142667	7.056286677	7.145807287	21.41556376	8.325164759	11.55338412	13.47750978	15.18266013	16.98661602	48.57676424	22.37972203
TMC6	156.0082141	112.4773439	76.38328978	219.0220999	75.47694769	145.3284358	69.3111774	151.5296969	143.6807561	115.2101893	141.064862	189.3974561	67.44198208	119.9789094	68.32025467	80.44863084	54.38144684	105.8935472	69.49461658	80.23014412
TMEM9B	293.1013468	228.5730278	262.3187706	521.7194662	362.0249888	166.9378872	131.5888342	173.9289963	182.808903	378.3296862	338.7091206	403.590934	165.6579102	397.3707829	319.5457695	211.2558294	153.4639673	343.4770663	237.8066605	81.12536719
TMF1	70.62512117	60.70641159	61.09001584	47.03119543	268.2541723	67.25367823	89.35249607	80.81724307	78.48457076	45.29441897	45.74835077	45.81718493	42.78416871	81.46069321	65.8901759	83.92135096	83.07641938	60.81043523	48.96569667	44.23138143
TNFRSF10C	20.97788111	20.5374743	33.96841504	32.96000977	13.24339375	22.24537473	134.5211505	21.22750855	18.58356558	22.55646373	29.83333772	28.72174597	27.0545521	37.38596198	52.48941974	11.92483251	21.04968923	23.67207938	12.03169188	33.320605
TNFRSF13B	124.1332068	338.8951923	33.1073582	23.64943658	40.93534615	31.21117013	34.02311437	29.12585726	25.75276089	30.73016212	16.40633848	15.62748624	21.17189535	10.10382964	21.09229493	29.89024112	37.18065122	20.34730111	179.71401	28.44422168
TNFRSF25	18.99531444	17.45184712	28.86461675	33.15677888	52.95148519	47.50816226	29.25071009	216.5732474	131.3810495	20.8027441	13.75750014	18.5468139	17.91899299	13.18837155	10.26021027	66.39175714	37.76377855	26.44358876	19.72347114	31.99293741
TNNI2	16.10205868	16.35942391	32.20272251	89.57081015	19.93904793	15.38513929	62.88621982	19.37239669	14.14728385	75.7729955	36.85140247	42.34020934	15.47023287	49.54944325	17.23950271	8.243401213	30.35455748	34.95289704	13.25769811	90.99810236
TOMM22	100.5764343	129.3724564	98.1826432	283.9785378	92.05788275	110.385209	50.82261446	129.3696591	112.3008105	64.21761123	126.5062287	134.6982808	97.00487477	89.98087837	18.94719861	116.932793	133.7102108	204.7090708	103.8872667	57.78787504
TOMM34	80.37944742	59.49011932	71.87253915	117.2705548	33.66527247	50.04665645	70.40679514	88.14993364	77.74591389	86.37416601	113.7891706	97.69335732	86.60401436	130.427354	39.187759	125.4198411	100.2688021	346.5091973	133.8835248	68.19360911
TRAF3IP2	76.05384135	60.21586092	35.08190246	15.7480948	37.04032287	30.00609388	39.10784407	48.63999243	35.13236487	31.09780012	53.07752318	29.14731349	27.02693573	62.79229066	32.18355277	25.54099168	32.52300984	45.14625342	22.86702342	25.92958983
TRAK1	154.9530298	109.6521488	71.06134142	128.5234178	80.69101124	54.64985465	61.09693878	53.64150407	51.15145855	79.81752854	95.15129216	93.65298403	37.64157304	77.64481624	45.83405635	47.2653148	72.65397887	102.7326588	71.5325586	39.43500324
TRAT1	7.602023554	10.17953204	12.37832006	13.75249983	16.38259988	29.13907223	34.05200825	233.6199017	167.2247739	22.33286345	13.84602152	10.40286198	7.908750057	85.34810987	21.43143996	204.1391241	8.327836675	17.8318769	13.58656643	45.77861968
TREM1	30.07968761	20.02153675	189.0386584	138.3063717	16.85737894	26.90458903	769.9501437	27.58564124	22.57252005	21.73190637	60.23979941	36.98342445	21.37280366	18.4334631	31.07732809	13.06756086	36.33988054	72.96773926	29.70996495	31.58410512
TREML2	59.04703951	33.6225686	30.88006696	38.21318721	17.29661252	26.3638513	164.5609373	27.61246847	24.34053288	22.51784469	24.99433713	30.28351989	26.48425911	52.63117211	61.24110215	25.73681068	30.54285433	22.12557961	31.45502752	33.77277867
TRIB1	25.6028137	35.5330923	121.4633862	206.8125087	36.19840256	27.74016998	145.0829252	72.85525466	30.53957141	80.26262642	351.0651421	440.9922672	90.72170036	147.0583983	587.5310685	36.75678699	35.72499819	249.7538197	1094.112287	127.1088028
TSPAN7	12.98130215	11.84703603	11.47876506	15.32942185	15.33759253	12.50292891	28.07989581	17.00232043	14.0554313	12.81227294	10.38981742	42.68684161	17.79282123	13.09456912	21.43389081	22.85324991	40.9304525	17.21521402	46.69080588	20.17850919
TUBB6	49.54087061	81.36752152	84.65287157	56.61536356	47.47981731	29.11667778	24.6815938	33.2058379	32.22643286	103.7500098	174.3031046	203.2043102	172.222695	25.16917039	24.11024796	32.49732551	170.8818426	175.1226668	50.83586526	125.3870007
TULP2	38.28948445	21.11840897	25.52575228	31.47639759	22.2281077	13.93094875	35.92575199	20.52169975	16.02488289	34.02278234	8.486431191	10.02263548	18.85007383	10.51106413	18.53022945	19.19337391	19.34145254	14.93838767	26.31328113	45.67116574
TYRO3	17.43511222	13.56441341	21.30159238	12.41023821	12.94919954	16.95136515	21.00157631	19.31901197	15.12849243	26.94188285	21.34568951	18.53798629	22.00657957	15.92271042	10.25236547	15.93234564	17.71197376	17.04277939	23.14349738	39.31633256
UBE2J1	168.2494472	316.4862678	133.782872	365.0697934	196.0476083	92.65841108	142.908453	98.3984443	96.24618722	70.89353603	225.3800837	187.877026	93.39070831	289.3464782	119.9071042	94.2327891	158.8062131	162.9395582	755.3961367	92.26639138
ULK2	16.38260907	18.54879318	34.84627454	105.2756956	63.01138908	42.80753566	27.07728719	33.90029611	32.03860804	21.97804903	43.44583173	37.42817424	24.06677488	42.14071071	25.35121085	22.74898084	27.0007541	42.92896549	16.12471587	30.0179614
WEE1	70.37535195	162.4926038	18.31553158	16.89834763	52.71422446	45.89693998	40.3949701	43.89036134	52.21437186	27.58447646	29.49391839	22.90596214	104.0608246	67.8902951	88.5031803	110.0918455	123.5622923	37.63175164	36.69297139	24.3067551
YTHDF3	89.49164974	106.9180514	137.7057602	178.3100204	448.8237632	93.15356455	199.9340369	107.5264164	105.5709979	117.0376528	96.03712739	98.94362314	92.36850931	138.9261545	152.13815	195.4109531	127.9294896	147.1427164	54.07076707	74.97710831
ZC3H12A	92.87362225	72.18063163	76.60623247	85.44128968	93.61699879	101.9730179	215.8209127	90.62268836	102.719446	93.09842153	324.6611915	132.9781257	53.09032178	146.3930148	27.35080322	110.1094516	32.25387745	103.5675781	135.9857058	48.27205284
ZDHHC13	48.13921695	46.43761206	25.58411871	26.45391053	49.29293366	44.3164249	44.75965293	47.27510732	53.74693459	29.58144691	44.32672922	37.37787488	47.18212596	47.26381674	130.8030863	48.47272911	31.56125915	54.65349611	32.56069638	36.07526389
ZNF180	21.9479547	23.67205929	42.68408653	29.38606808	48.37618697	28.4626332	36.94482119	37.49038396	26.0460025	44.66976239	11.15989935	10.36369041	42.5096755	13.89932646	38.80974986	54.28533277	41.74896977	21.24964712	15.48706342	15.10172004
ZNF189	50.61358264	52.43125502	67.02029489	32.68412391	44.14307868	49.64192421	71.16705874	48.39242603	41.59917211	52.92624409	51.87521317	47.87459943	67.81420799	64.52754548	48.31971202	103.4665381	145.8562104	65.04194247	49.14003472	38.54822451
ZNF34	23.09076621	21.93093196	37.69218873	86.51823718	35.5281306	42.73919984	33.73785521	35.83927608	34.69316866	57.51614782	42.12720188	48.46592788	26.27288294	86.37070099	12.85479507	36.12762412	34.85830678	46.60448229	25.29185512	20.96701087
ZNF552	54.90738864	52.57601071	29.82752348	25.61186836	44.52250561	38.52459177	31.51712506	38.8255434	46.39369821	25.04667861	21.13592378	18.71503755	29.42727687	37.8810231	181.4223655	27.55813086	25.55238368	26.76319711	29.03841683	35.40701421
ZNF593	45.72708393	57.62753824	54.50388246	155.7826461	51.39747211	37.56988808	24.82233408	77.24705502	77.26550469	63.23045157	113.0783292	95.59954288	69.75901958	58.61633969	10.9445332	83.12564992	75.54662663	98.78658516	127.3755952	64.58739245
