Monocytes	Neutrophils	B_cells	NK_cells	T_cells_CD4.	Macrophages
V1	0.14943	0	0.85057	0	0	0
V2	0.83576	0	0.16424	0	0	0
V3	0.31584	0	0.14149	0	0	0.54268
V4	0.35629	0.55117	0.09253	0	0	0
V5	0.15956	0	0.15767	0.33257	0.3502	0
V6	0.42014	0	0.24509	0	0.04438	0.29038
V7	0.08281	0.37429	0.15267	0	0.39022	0
V8	0.91499	0	0.08501	0	0	0
V9	0.57436	0.12485	0.0894	0	0.07048	0.14091
V10	0.7161	0	0.23984	0	0.04406	0
V11	0	1	0	0	0	0
V12	0.17141	0	0	0	0	0.82859
V13	0.04441	0.63091	0.32467	0	0	0
V14	0.23392	0	0.12505	0.54408	0.09694	0
V15	0.73428	0	0.21091	0	0.05481	0
V16	0.31473	0	0.16821	0.10354	0.41351	0
V17	0.2318	0	0.07224	0	0	0.69596
V18	0.99558	0	0.00442	0	0	0
V19	0.72987	0	0.27013	0	0	0
V20	0.84027	0	0.15973	0	0	0
V21	0.20498	0	0	0	0	0.79502
V22	0.34023	0	0.23666	0	0.42311	0
V23	0.1304	0	0.54045	0	0.32915	0
V24	0.28884	0	0.23411	0	0.47705	0
V25	0.66181	0.25331	0.08488	0	0	0
V26	0.37105	0	0.25939	0	0.36956	0
V27	0.19283	0	0.11994	0	0	0.68723
V28	0.3673	0.24018	0.25175	0	0.08484	0.05593
V29	0.11691	0.81151	0.07158	0	0	0
V30	0.58175	0.09154	0.23986	0	0.07562	0.01123
V31	0.80182	0	0.19818	0	0	0
V32	0.23054	0	0.49937	0.16717	0.10291	0
V33	0.35828	0.42096	0.22075	0	0	0
V34	0.07392	0	0.68745	0	0.23863	0
V35	0.22833	0	0.33787	0.21233	0.22147	0
V36	0.11429	0.56111	0.23786	0	0.08674	0
V37	0.2133	0	0.7867	0	0	0
V38	0.17574	0	0.06634	0	0	0.75793
V39	0.83262	0	0.16738	0	0	0
V40	0.15707	0.64978	0.0835	0	0.10965	0
V41	0.99483	0	0.00517	0	0	0
V42	0.43211	0	0.56789	0	0	0
V43	0.33141	0.43419	0.12518	0	0.10922	0
V44	0	1	0	0	0	0
V45	0.68637	0.30421	0.00943	0	0	0
V46	0.33355	0	0.15907	0.01088	0.37759	0.1189
V47	0.16383	0.48838	0.10251	0	0.24529	0
V48	0	0.75507	0.24493	0	0	0
V49	0	1	0	0	0	0
V50	0.13253	0	0.47653	0	0.39094	0
V51	0.02017	0	0.28521	0	0.69462	0
V52	0.02711	0.65912	0.31377	0	0	0
V53	0.21173	0	0.33631	0	0.45196	0
V54	0.28217	0	0.71783	0	0	0
V55	0.06254	0	0.36405	0	0.57341	0
V56	0.08292	0	0.91708	0	0	0
V57	0.34659	0.35125	0.09844	0	0.00668	0.19703
V58	0.09263	0	0.90737	0	0	0
V59	0.19215	0	0.11113	0.56625	0.13047	0
V60	0.73216	0	0.18533	0.05179	0.03073	0
V61	0.6118	0.04022	0.08903	0	0.02963	0.22932
V62	0.7771	0	0.2229	0	0	0
V63	0.13898	0.63591	0	0	0	0.22511
V64	0.0814	0	0.27213	0	0.64647	0
V65	0.90872	0.01878	0.03629	0	0	0.03621
V66	0.60823	0	0.34456	0	0.0472	0
V67	0.3764	0.05992	0.42264	0	0.06398	0.07706
V68	0.94459	0	0.05541	0	0	0
V69	0.78697	0	0	0	0	0.21303
V70	0.21239	0	0.37143	0.24109	0.17508	0
V71	0.3278	0.18746	0.16959	0	0.31514	0
V72	0.8666	0	0.1334	0	0	0
V73	0.21482	0	0.23697	0.41568	0.13253	0
V74	0.13527	0.13205	0.09184	0.5452	0.09563	0
V75	0	1	0	0	0	0
V76	0.07802	0	0.87176	0	0.05023	0
V77	0.35629	0.09287	0.21506	0.25452	0.08126	0
V78	0.85862	0.02259	0.11879	0	0	0
V79	0.01483	0.65523	0	0	0	0.32995
V80	0.04371	0.69794	0	0	0	0.25834
V81	0.90903	0	0.09097	0	0	0
V82	0	0.99976	0.00024	0	0	0
V83	0.42164	0.08823	0.14443	0.11306	0.23264	0
V84	0.57868	0	0.24024	0.08181	0.09927	0
V85	0.89055	0	0.10945	0	0	0
V86	0.55635	0	0.23127	0	0.08213	0.13026
V87	0.17287	0	0.12572	0.59287	0.10854	0
V88	0.34932	0	0.09106	0.22975	0.13493	0.19495
V89	0.3783	0.00233	0.4297	0	0	0.18967
V90	0.04281	0.80502	0.15217	0	0	0
V91	0.12037	0	0.29014	0	0.58949	0
V92	0.08051	0	0.27867	0	0.64082	0
V93	0.46996	0	0.12314	0	0.17688	0.23002
V94	0.1665	0	0.41486	0.31735	0.1013	0
V95	0.08208	0	0.51578	0	0.40214	0
V96	0.29444	0.36183	0.12742	0	0.21631	0
V97	0.03099	0	0.28693	0	0.68208	0
V98	0.22065	0.00757	0.12369	0.46877	0.17932	0
V99	0.14748	0	0.1102	0.62849	0.11383	0
V100	0.18767	0	0.64482	0	0.16751	0
V101	0.11826	0.30388	0.57786	0	0	0
V102	0.87446	0	0.12554	0	0	0
V103	0.83269	0	0.16731	0	0	0
V104	0.20763	0	0.36552	0.30249	0.12436	0
V105	0.16208	0	0.00703	0	0	0.83089
V106	0.29348	0	0.58735	0	0	0.11916
V107	0.03206	0.76744	0.2005	0	0	0
V108	0.25057	0	0.10008	0	0.09775	0.5516
V109	0.21336	0	0.06391	0	0.07788	0.64485
V110	0.21239	0	0.78761	0	0	0
V111	0.04099	0	0.95901	0	0	0
V112	0.10765	0.39136	0.0642	0.35475	0.08204	0
V113	0.14077	0	0.80954	0	0.04969	0
V114	0.24261	0	0.75739	0	0	0
V115	0.73833	0	0.12947	0	0	0.13219
V116	0.93578	0	0.06422	0	0	0
V117	0.66892	0	0.23222	0	0.09887	0
V118	0	0.84066	0.15934	0	0	0
V119	0	1	0	0	0	0
V120	0.30375	0.14937	0.22561	0.12753	0.19373	0
V121	0.56224	0	0.07263	0	0.05622	0.30891
V122	0.49324	0	0.1545	0.25594	0.09631	0
V123	0.54516	0	0.08993	0	0.03954	0.32537
V124	0.06675	0	0.51341	0	0.41983	0
V125	0.24559	0	0.75441	0	0	0
V126	0.15121	0.19237	0	0	0	0.65642
V127	0.11065	0	0.88935	0	0	0
V128	0.53497	0.19555	0.25997	0	0.00951	0
V129	0.0747	0	0.9253	0	0	0
V130	0.77476	0.05283	0.17241	0	0	0
V131	0.20698	0	0.25798	0	0.53504	0
V132	0.05454	0.45852	0.48694	0	0	0
V133	0.25511	0.01008	0.73481	0	0	0
V134	0.20085	0.77079	0.02836	0	0	0
V135	0.22009	0	0.77991	0	0	0
V136	0.0328	0.91038	0.05682	0	0	0
V137	0.18613	0	0.74871	0	0.06516	0
V138	0.32121	0	0.08994	0.10064	0.17397	0.31424
V139	0.33365	0	0.30101	0	0.27872	0.08662
V140	0.78267	0.14873	0.06859	0	0	0
V141	0.43736	0.23641	0.25306	0	0.07317	0
V142	0.07534	0.92466	0	0	0	0
V143	0.2099	0	0.77371	0	0.01639	0
V144	0.29345	0.08696	0.00395	0	0	0.61563
V145	0.16962	0	0.11445	0.60906	0.10687	0
V146	0.24205	0	0.2998	0	0.45815	0
V147	0.77017	0	0.09377	0	0	0.13606
V148	0.16113	0	0.83887	0	0	0
V149	0.02486	0.57586	0	0	0	0.39928
V150	0.146	0	0.10453	0.61231	0.13715	0
V151	0.08577	0.42035	0	0	0	0.49388
V152	0.28042	0.08561	0.60345	0	0.03052	0
V153	0.1455	0	0.79235	0	0.06215	0
V154	0.58764	0.16807	0	0	0	0.24429
V155	0.19141	0.27939	0.2474	0	0.2818	0
V156	0.00783	0.50102	0.13947	0	0.35168	0
V157	0.2977	0.0309	0.07284	0	0.09441	0.50415
V158	0.07897	0	0.92103	0	0	0
V159	0.35527	0.13879	0.47456	0	0.03139	0
V160	0.11513	0	0.88487	0	0	0
V161	0.02753	0.62974	0.06436	0.1007	0.17769	0
V162	0.06594	0.6437	0.08803	0	0.20232	0
V163	0.04588	0	0.95412	0	0	0
V164	0.12976	0.28483	0.5314	0	0.05402	0
V165	0.18238	0	0.27384	0	0.54378	0
V166	0.32843	0	0.14535	0	0.39566	0.13056
V167	0.18215	0	0.58251	0.1124	0.12294	0
V168	0.8519	0	0.1481	0	0	0
V169	0.15611	0	0.83839	0	0.0055	0
V170	0.64875	0	0.28591	0	0.06535	0
V171	0.1532	0.52052	0	0	0	0.32628
V172	0.32315	0	0.67685	0	0	0
V173	0.18824	0	0.81176	0	0	0
V174	0.79188	0	0.20812	0	0	0
V175	0.02753	0.82185	0.15062	0	0	0
V176	0.02642	0	0.97358	0	0	0
V177	0.45473	0	0.43748	0	0.07346	0.03434
V178	0.08306	0	0.3037	0	0.61324	0
V179	0.33053	0	0.16876	0.31867	0.18204	0
V180	0.55512	0	0.32037	0.05083	0.07367	0
V181	0.84166	0.00619	0.15215	0	0	0
V182	0.14424	0	0.85576	0	0	0
V183	0.15757	0	0.11213	0.62829	0.10202	0
V184	0.49911	0.40204	0.09885	0	0	0
V185	0.27717	0.61026	0.09993	0	0.0029	0.00974
V186	0.13692	0	0.78032	0	0.08276	0
V187	0.35055	0.54937	0.10008	0	0	0
V188	0.09836	0.73078	0	0	0	0.17086
V189	0.24041	0	0.37476	0	0.38482	0
V190	0.33041	0.03665	0.19445	0	0.43849	0
V191	0.01365	0.71294	0	0	0	0.2734
V192	0.73019	0.12033	0.14948	0	0	0
V193	0.13071	0	0	0	0	0.86929
V194	0.09621	0	0.27975	0	0.62404	0
V195	0.09034	0	0.87697	0	0.03269	0
V196	0.15219	0	0.13565	0.56336	0.1488	0
V197	0.2719	0	0.27513	0	0.45297	0
V198	0.21298	0.40564	0.1605	0	0.22088	0
V199	0.18446	0.08947	0.30254	0	0.42354	0
V200	0.27743	0	0.70006	0	0.02251	0
V201	0.18888	0	0.0961	0.62499	0.09003	0
V202	0.39532	0	0.5376	0	0.05301	0.01407
V203	0.80671	0	0.19329	0	0	0
V204	0.30647	0	0.07606	0	0.00572	0.61175
V205	0.04505	0	0.95495	0	0	0
V206	0.17904	0	0.252	0.44269	0.12628	0
V207	0.67423	0.13037	0.18087	0	0.01454	0
V208	0.53011	0	0.46989	0	0	0
V209	0.37064	0.58259	0	0	0	0.04677
V210	0.15419	0	0.84581	0	0	0
V211	0.75291	0	0.24709	0	0	0
V212	0.183	0.23222	0.33063	0.08473	0.16942	0
V213	0.14188	0	0.47819	0	0.37993	0
V214	0.89207	0	0.10793	0	0	0
V215	0.03833	0.8056	0	0	0	0.15606
V216	0.16167	0.52708	0.31126	0	0	0
V217	0.44099	0	0.16029	0	0.18265	0.21607
V218	0.13877	0.38404	0.08597	0.30035	0.09087	0
V219	0.96932	0	0.03068	0	0	0
V220	0.27691	0	0.133	0.50729	0.08279	0
V221	0.01282	0.98058	0.0066	0	0	0
V222	0.24292	0.20692	0.20206	0	0.34811	0
V223	0.26808	0.2493	0.23683	0	0	0.24579
V224	0.06059	0	0.60932	0	0.33008	0
V225	0.20696	0	0	0	0	0.79304
V226	0.49604	0	0.37035	0	0.13361	0
V227	0.86613	0	0.13387	0	0	0
V228	0.34442	0.09787	0.5577	0	0	0
V229	0.3401	0	0.5296	0	0.1303	0
V230	0.20505	0	0.79495	0	0	0
V231	0.20963	0	0.12197	0.54717	0.12122	0
V232	0.65236	0	0.10043	0	0.04479	0.20242
V233	0.90357	0	0.09643	0	0	0
V234	0.54654	0	0.23429	0	0.21917	0
V235	0.25288	0	0.14452	0.50103	0.10157	0
V236	0.29176	0	0.37292	0	0.33532	0
V237	0.08063	0	0.91937	0	0	0
V238	0.89084	0	0.10916	0	0	0
V239	0.69628	0	0.30372	0	0	0
V240	0.14	0.11636	0.20489	0	0.53874	0
V241	0.76744	0.08847	0.14409	0	0	0
V242	0.54761	0	0.13441	0	0.06303	0.25495
V243	0.10091	0.33463	0.56446	0	0	0
V244	0.42897	0	0.19611	0	0.35858	0.01634
V245	0.99824	0	0.00176	0	0	0
V246	0.19543	0	0.40707	0.04747	0.35003	0
V247	0.53137	0	0.05683	0	0.0096	0.4022
V248	0.43762	0	0.20423	0	0.35815	0
V249	0.53302	0.03566	0.43132	0	0	0
V250	0.1651	0	0.11012	0.62999	0.09479	0
V251	0.05063	0.70878	0.24059	0	0	0
V252	0.16961	0	0.15619	0.53267	0.14153	0
V253	0.32139	0	0.08009	0.13346	0.19615	0.26891
V254	0.23835	0.19194	0.22388	0	0.34584	0
V255	0.5922	0.2713	0.1365	0	0	0
V256	0	1	0	0	0	0
V257	0.16323	0.40626	0.17219	0	0.25832	0
V258	0.18668	0.22126	0.23887	0.25692	0.09626	0
V259	0.02064	0.64153	0.33784	0	0	0
V260	0.2983	0	0.24719	0	0.45452	0
V261	0.746	0	0.21939	0	0.03461	0
V262	0.12008	0	0.87992	0	0	0
V263	0.18797	0	0.79575	0	0.01628	0
V264	0.83248	0	0.16752	0	0	0
V265	0.06142	0	0.27778	0	0.6608	0
V266	0.23217	0	0	0	0	0.76783
V267	0.08021	0.91979	0	0	0	0
V268	0.9735	0	0.0265	0	0	0
V269	0.21378	0	0.26045	0.41521	0.11056	0
V270	0.34566	0.55311	0.10123	0	0	0
V271	0.29672	0	0.20736	0	0	0.49592
V272	0.14419	0	0.24343	0	0.61238	0
V273	0.1612	0	0.29283	0	0.54597	0
V274	0.21283	0	0.14144	0	0	0.64573
V275	0.89123	0.10877	0	0	0	0
V276	0.32901	0.21389	0.10467	0	0	0.35244
V277	0.68345	0	0.10493	0	0	0.21162
V278	0.3726	0	0.28309	0	0.34431	0
V279	0.35216	0	0.18544	0	0	0.46241
V280	0.29388	0	0.12309	0.48885	0.09419	0
V281	0	1	0	0	0	0
V282	0.09314	0	0.2735	0	0.63336	0
V283	0.04237	0.43797	0.14317	0	0.37649	0
V284	0.38363	0	0.44395	0.0209	0.15152	0
V285	0.16532	0	0.10176	0.62646	0.10646	0
V286	0.80666	0	0.19334	0	0	0
V287	0.12722	0	0.27931	0	0.59348	0
V288	0.29588	0.22425	0.05029	0	0.01517	0.41441
V289	0.13413	0	0.86587	0	0	0
V290	0.18772	0	0.35896	0.33907	0.11424	0
V291	0.20311	0	0.09956	0.60366	0.09367	0
V292	0.35795	0.01417	0.15195	0.29056	0.18537	0
V293	0.05892	0	0.30708	0	0.634	0
V294	0.71277	0	0.20491	0	0.08232	0
V295	0.22164	0	0	0	0	0.77836
V296	0.23321	0.44344	0.16641	0.00901	0.14793	0
V297	0.09981	0	0	0	0	0.90019
V298	0	0.96466	0.03534	0	0	0
V299	0.24702	0	0.75298	0	0	0
V300	0.98758	0	0.01242	0	0	0
V301	0.56945	0.41739	0.01316	0	0	0
V302	0.14567	0.30262	0.15193	0.26156	0.13823	0
V303	0	0.86334	0.13666	0	0	0
V304	0.04778	0	0.30829	0	0.64393	0
V305	0.34911	0	0.28869	0.11562	0.17666	0.06992
V306	0.50067	0.00116	0	0	0	0.49817
V307	0.30071	0	0.24992	0	0.44937	0
V308	0.14225	0	0.09744	0.64967	0.11063	0
V309	0.01734	0.73134	0.05508	0.1523	0.04395	0
V310	0.27717	0.38634	0.2291	0	0	0.10739
V311	0.60339	0	0	0	0	0.39661
V312	0.29626	0	0.20469	0.0445	0.45455	0
V313	0.34205	0	0	0	0	0.65795
V314	0.43597	0	0.14671	0.34114	0.07618	0
V315	0.1054	0.8946	0	0	0	0
V316	0.33871	0	0.01625	0	0	0.64504
V317	0.37111	0	0.11302	0.3824	0.1246	0.00887
V318	0.1797	0	0.13508	0.58587	0.09934	0
V319	0.57904	0.0792	0.34177	0	0	0
V320	0.51095	0.08276	0.40629	0	0	0
V321	0	0.88147	0.05183	0.032	0.03469	0
V322	0.21297	0	0.31309	0	0.47394	0
V323	0.14481	0.28965	0.11303	0.11947	0.33303	0
V324	0.41069	0	0.21573	0	0.37358	0
V325	0	1	0	0	0	0
V326	0.0308	0.9692	0	0	0	0
V327	0.12143	0	0.87857	0	0	0
V328	0.36998	0.08435	0.35238	0	0.19329	0
V329	0.08703	0	0.72972	0	0.18325	0
V330	0.0447	0	0.9553	0	0	0
V331	0.8919	0	0.1081	0	0	0
V332	0.359	0	0.28262	0	0.22894	0.12944
V333	0.21789	0	0.62044	0	0.16167	0
V334	0.06287	0.41246	0.52467	0	0	0
V335	0.2653	0	0.7347	0	0	0
V336	0.28987	0.71013	0	0	0	0
V337	0.23459	0	0.29444	0	0.47097	0
V338	0.79278	0	0.20722	0	0	0
V339	0.39854	0	0.52458	0	0.07688	0
V340	0.77433	0.21238	0.01328	0	0	0
V341	0.4689	0	0.18766	0.24174	0.10169	0
V342	0.35703	0	0.1203	0.35375	0.13132	0.0376
V343	0.34391	0.04027	0.07722	0	0	0.5386
V344	0.1146	0.76752	0.07218	0	0.0457	0
V345	0.01973	0	0.29276	0	0.6875	0
V346	0.33928	0	0.2011	0.09464	0.36498	0
V347	0.68553	0.01125	0.22494	0	0.07828	0
V348	0.26538	0	0.73462	0	0	0
V349	0.86195	0	0.13805	0	0	0
V350	0.74894	0	0.25106	0	0	0
V351	0.36614	0	0.00411	0	0	0.62975
V352	0.27245	0.2942	0.07143	0	0.17697	0.18495
V353	0.1484	0	0.8516	0	0	0
V354	0.44721	0	0.36403	0	0.1507	0.03806
V355	0.03655	0	0.96345	0	0	0
V356	0.77794	0.0408	0.18127	0	0	0
V357	0.40095	0	0.56833	0	0.03072	0
V358	0.17067	0	0.02907	0	0	0.80026
V359	0.3779	0.02719	0.13173	0.33206	0.13112	0
V360	0.65568	0	0.20833	0	0.13599	0
V361	0	1	0	0	0	0
V362	0.02442	0.72006	0.09498	0.10035	0.06019	0
V363	0.8536	0	0.1464	0	0	0
V364	0.31078	0.08479	0.04427	0	0.01686	0.54331
V365	0.51655	0.44584	0.03761	0	0	0
V366	0.27165	0.1171	0.61125	0	0	0
V367	0.19772	0	0.17036	0.28309	0.34883	0
V368	0.31786	0.01349	0.12929	0	0.04614	0.49323
V369	0.16789	0	0.24519	0	0.58692	0
V370	0.22848	0	0.77152	0	0	0
V371	0.29863	0.29907	0.06903	0.25271	0.05787	0.02268
V372	0.06276	0.84595	0.08136	0	0.00993	0
V373	1	0	0	0	0	0
V374	0.36519	0	0.38921	0.12146	0.12414	0
V375	0.5247	0	0.39558	0	0.07972	0
V376	0.24209	0	0.05325	0	0.05653	0.64813
V377	0.14183	0	0.59133	0	0.26684	0
V378	0.30176	0	0.15278	0	0	0.54545
V379	0.6113	0	0.08459	0	0	0.30411
V380	0.05728	0	0.30512	0	0.6376	0
V381	0.51082	0	0.47297	0	0.01621	0
V382	0.10676	0	0.2563	0	0.63693	0
V383	0.38949	0	0.54814	0	0.06237	0
V384	0.09522	0	0.90478	0	0	0
V385	0.14786	0	0	0	0	0.85214
V386	0.68828	0	0.31172	0	0	0
V387	0.42015	0	0.1949	0.31187	0.07308	0
V388	0.82799	0	0.17201	0	0	0
V389	0.40508	0	0	0	0	0.59492
V390	0.3412	0	0.10991	0.44488	0.10401	0
V391	0.23151	0	0.16681	0.27409	0.32759	0
V392	0.32312	0	0.50241	0	0	0.17447
V393	0.42402	0.00716	0.51137	0	0.05725	0.00021
V394	0.15959	0	0.15145	0.53833	0.15064	0
V395	0.04228	0	0.95772	0	0	0
V396	0.74137	0	0.18862	0.02079	0.04923	0
V397	0.23001	0.07346	0	0	0	0.69653
V398	0.02459	0.81835	0.11532	0	0.04174	0
V399	0.08446	0	0.91554	0	0	0
V400	0.27397	0	0.02168	0.10994	0.10663	0.48778
V401	0.26597	0	0.73403	0	0	0
V402	0.25018	0	0.11325	0.55299	0.08357	0
V403	0.25317	0	0.10339	0	0.24705	0.39638
V404	0.02236	0	0.97764	0	0	0
V405	0.47888	0.31102	0.2101	0	0	0
V406	0.40403	0	0.27125	0	0.10692	0.2178
V407	0.27154	0	0.72846	0	0	0
V408	0.30223	0.07447	0.11768	0.43265	0.07296	0
V409	0.98384	0	0.01616	0	0	0
V410	0.9657	0	0.0343	0	0	0
V411	0.24012	0	0.02724	0	0.0802	0.65244
V412	0.7388	0.07132	0.18988	0	0	0
V413	0.17755	0.07427	0.1358	0.50252	0.10985	0
V414	0.31152	0	0.15334	0.30077	0.23438	0
V415	0.28443	0	0.47327	0.04097	0.20133	0
V416	0.31111	0.05597	0.1743	0.00326	0.45536	0
V417	0.29701	0	0.09084	0	0	0.61215
V418	0.18656	0	0.58954	0	0.2239	0
V419	0.08202	0	0	0	0	0.91798
V420	0.10821	0	0	0	0	0.89179
V421	0.15188	0	0.30451	0	0.54361	0
V422	0.34579	0.19602	0.17612	0	0.28208	0
V423	0.19051	0.1632	0.08387	0.46937	0.09306	0
V424	0.9521	0	0.0479	0	0	0
V425	0.09579	0	0.28418	0	0.62002	0
V426	0.21065	0	0.12231	0	0	0.66704
V427	0.74793	0.01365	0.23843	0	0	0
V428	0.47256	0	0.13606	0.33395	0.05744	0
V429	0.18223	0	0.25423	0.2727	0.29084	0
V430	0.25641	0	0.71016	0	0.03342	0
V431	0.02632	0	0.97368	0	0	0
V432	0.03828	0.57104	0.07822	0.22395	0.08851	0
V433	0.15265	0	0.15262	0.589	0.10573	0
V434	0.12059	0.30827	0.26796	0.20646	0.09671	0
V435	0.25334	0	0.23116	0	0.51549	0
V436	0.98337	0	0.01663	0	0	0
V437	0.4247	0.16964	0.40566	0	0	0
V438	0.11346	0.36346	0.15627	0	0.36681	0
V439	0.0448	0	0.36543	0	0.58977	0
V440	0.35106	0	0.56404	0	0.0849	0
V441	0.37024	0	0.5637	0	0.01373	0.05233
V442	0.74756	0.00321	0.24923	0	0	0
V443	0.19681	0	0.17884	0.49491	0.12944	0
V444	0.85604	0	0.14396	0	0	0
V445	0.96504	0	0.03496	0	0	0
V446	0.06174	0.63096	0.3073	0	0	0
V447	0.342	0.20281	0.0354	0	0.07428	0.3455
V448	0.06011	0	0.93989	0	0	0
V449	0.82322	0	0.17678	0	0	0
V450	0.15449	0	0.82426	0	0.02125	0
V451	0.22738	0	0.36954	0	0.40309	0
V452	0.31663	0	0.09965	0.16236	0.13198	0.28937
V453	0.43518	0	0.56482	0	0	0
V454	0.42232	0	0.24359	0.25261	0.08148	0
V455	0	1	0	0	0	0
V456	0.89778	0	0.10222	0	0	0
V457	0.27307	0	0.06917	0	0.09935	0.5584
V458	0.20779	0	0.57412	0	0.21809	0
V459	0.16709	0	0.76043	0	0.07247	0
V460	0.65478	0	0.34522	0	0	0
V461	0.51871	0	0.1664	0.13285	0.18204	0
V462	0.06833	0	0.93167	0	0	0
V463	0.03465	0	0.29311	0	0.67224	0
V464	0	1	0	0	0	0
V465	0.54265	0	0.45735	0	0	0
V466	0.27497	0	0.13932	0.43145	0.15426	0
V467	0.96643	0	0.03357	0	0	0
V468	0.58516	0.00626	0.26194	0	0.14664	0
V469	0.23167	0	0.76833	0	0	0
V470	0.71179	0	0.27589	0	0.01232	0
V471	0.28663	0.06152	0.65185	0	0	0
V472	0.11784	0.57825	0.09797	0	0.20594	0
V473	0	1	0	0	0	0
V474	0.23944	0	0.52672	0.1204	0.11343	0
V475	0.29098	0.00563	0.44733	0	0.25605	0
V476	0.77734	0	0.14363	0	0.00016	0.07887
V477	0.19768	0.7329	0.06943	0	0	0
V478	0.11701	0	0.88299	0	0	0
V479	0.17836	0	0.82164	0	0	0
V480	0.15364	0.18488	0.15517	0.05278	0.45353	0
V481	0.60836	0	0.30652	0	0.08512	0
V482	0.65821	0	0	0	0	0.34179
V483	0	1	0	0	0	0
V484	0.8581	0	0.1419	0	0	0
V485	0.46694	0	0.53306	0	0	0
V486	0.34062	0	0.65938	0	0	0
V487	0.10723	0.26306	0.19313	0	0.43658	0
V488	0.20946	0.79054	0	0	0	0
V489	0.84476	0	0.15524	0	0	0
V490	0.23715	0	0	0	0	0.76285
V491	0.25293	0.13478	0.50786	0	0.10443	0
V492	0.32903	0	0.26946	0	0.02616	0.37535
V493	0.98308	0.01536	0.00156	0	0	0
V494	0.25141	0	0.27966	0	0	0.46893
V495	0.2568	0.57873	0.16447	0	0	0
V496	0.51486	0	0.43143	0	0.05371	0
V497	0.19111	0.02066	0.37439	0	0.41385	0
V498	0.3396	0	0.49209	0.00997	0.15833	0
V499	0.03681	0.79081	0.17238	0	0	0
V500	0.70247	0.06818	0.22935	0	0	0
V501	0	1	0	0	0	0
V502	0.12202	0	0.24208	0	0.6359	0
V503	0.21569	0.37305	0.11797	0.21537	0.07793	0
V504	0	1	0	0	0	0
V505	0.22618	0	0.62815	0.0055	0.14017	0
V506	0.55738	0	0.1173	0	0.03351	0.2918
V507	0.08213	0	0	0	0	0.91787
V508	0.06364	0.65981	0.14755	0	0.129	0
V509	0.18331	0	0.13764	0.47356	0.20549	0
V510	0.95247	0	0.04753	0	0	0
V511	0.30677	0	0.035	0	0.06174	0.59649
V512	0.2954	0.04975	0.65485	0	0	0
V513	0.09314	0	0.45473	0	0.45213	0
V514	0	1	0	0	0	0
V515	0.1752	0.4871	0.0664	0.20312	0.06818	0
V516	0.0808	0	0.9192	0	0	0
V517	0.12276	0	0.57877	0	0.29847	0
V518	0.51826	0.3873	0.09444	0	0	0
V519	0.20954	0.66202	0	0	0	0.12844
V520	0.91692	0	0.08308	0	0	0
V521	0.15759	0	0.27027	0	0.57214	0
V522	0.70255	0.0887	0.16028	0	0.04848	0
V523	0.72671	0.11007	0.12543	0	0	0.03779
V524	0.26109	0	0.27392	0	0.46499	0
V525	0.54993	0	0.00769	0	0	0.44237
V526	0	0.88976	0.11024	0	0	0
V527	0.42535	0	0.57465	0	0	0
V528	0.85777	0	0.14223	0	0	0
V529	0.28919	0.02262	0.13445	0.45042	0.10332	0
V530	0.38054	0.12815	0.44559	0	0.04572	0
V531	0.97212	0	0.02788	0	0	0
V532	0.29452	0	0.2191	0.27299	0.21338	0
V533	0.36015	0	0.38618	0	0.16897	0.08471
V534	0.31672	0	0.11467	0.30513	0.16668	0.0968
V535	0.70521	0	0.29479	0	0	0
V536	0.16198	0	0.83802	0	0	0
V537	0.03703	0.82734	0.06417	0.02836	0.0431	0
V538	0.24714	0	0.02958	0.08608	0.10793	0.52926
V539	0.18589	0	0.15415	0.4302	0.22976	0
V540	0.46356	0	0.49715	0	0.03929	0
V541	0.15774	0.28669	0.07997	0.38035	0.09526	0
V542	0.02711	0.71698	0.08794	0.03472	0.13325	0
V543	0.07258	0	0.79106	0	0.13636	0
V544	0.17145	0	0	0	0	0.82855
V545	0	0.72433	0.1829	0	0.09276	0
V546	0.82135	0	0.17865	0	0	0
V547	0.33711	0	0.14368	0.14224	0.37698	0
V548	0.08082	0	0	0	0	0.91918
V549	0.31278	0	0.68722	0	0	0
V550	0.08201	0	0.56046	0	0.35754	0
V551	0.31967	0	0.09769	0	0.06403	0.51861
V552	0.25563	0	0.33737	0	0.40701	0
V553	0.8904	0	0.1096	0	0	0
V554	0	1	0	0	0	0
V555	0.61503	0	0.1178	0	0.03729	0.22987
V556	0.25718	0	0.61523	0.0028	0.12479	0
V557	0.0154	0.9571	0.02751	0	0	0
V558	0.69934	0.15562	0.02235	0	0	0.12269
V559	0.06242	0	0.2583	0	0.67928	0
V560	0.87921	0	0.12079	0	0	0
V561	0.01824	0	0.98176	0	0	0
V562	0.75346	0.16649	0.08005	0	0	0
V563	0.14533	0	0	0	0	0.85467
V564	0.29869	0	0.07082	0	0.13771	0.49278
V565	0.08238	0	0	0	0	0.91762
V566	0.26873	0	0.00588	0	0	0.72539
V567	0.54395	0.29945	0.13728	0	0.01932	0
V568	0.08801	0	0.29296	0	0.61903	0
V569	0.98079	0	0.01921	0	0	0
V570	0.89542	0.03849	0.06609	0	0	0
V571	0.16547	0.03586	0.79867	0	0	0
V572	0.06876	0	0.93124	0	0	0
V573	0	1	0	0	0	0
V574	0.27663	0	0.38849	0	0	0.33488
V575	0.06969	0.81494	0.11536	0	0	0
V576	0.50009	0	0.23927	0	0.26064	0
V577	0.54436	0	0.224	0	0.23165	0
V578	0.25334	0	0.23116	0	0.51549	0
V579	0.18709	0	0.38276	0	0.43015	0
V580	0.36185	0	0.25073	0.08769	0.29972	0
V581	0.7957	0	0.2043	0	0	0
V582	0.85607	0	0.14393	0	0	0
V583	0.31272	0	0.40529	0	0.09813	0.18386
V584	0.38481	0	0.13404	0.09196	0.3007	0.0885
V585	0.20677	0.49369	0.29955	0	0	0
V586	0.04458	0.95542	0	0	0	0
V587	0.44882	0	0.44243	0.01644	0.0923	0
V588	0.17436	0	0.15863	0.56369	0.10332	0
V589	0.29795	0.21598	0.3084	0	0	0.17767
V590	0.30808	0	0.3747	0	0	0.31722
V591	0.85629	0	0.14371	0	0	0
V592	0.156	0.37267	0.18588	0.15223	0.13323	0
V593	0.14987	0	0.11149	0.63993	0.09871	0
V594	0.36499	0	0.12159	0.33301	0.07692	0.10348
V595	0.31099	0.22531	0.14671	0	0.21827	0.09872
V596	0.14003	0.09241	0.2396	0	0.52795	0
V597	0.49019	0	0.26456	0	0.24525	0
V598	0.98026	0	0.01974	0	0	0
V599	0.24361	0	0.03513	0	0.10845	0.6128
V600	0.70472	0.01171	0.04416	0	0	0.23941
V601	0.32985	0.10754	0.09421	0.11993	0.0748	0.27366
V602	0.258	0	0.31211	0	0.42988	0
V603	0.23631	0.40971	0.02481	0	0	0.32917
V604	0.03328	0.47372	0.13715	0	0.35586	0
V605	0.12829	0	0.29394	0	0.57777	0
V606	0.72295	0	0.27705	0	0	0
V607	0.24468	0	0.04903	0	0.08242	0.62388
V608	0.18206	0.79539	0	0	0	0.02255
V609	0.14874	0	0.83844	0	0.01282	0
V610	0.30991	0	0.63978	0	0.05031	0
V611	0	1	0	0	0	0
V612	0.10361	0.22276	0.07709	0.52005	0.07649	0
V613	0.81168	0.07639	0	0	0	0.11192
V614	0.37698	0	0.62302	0	0	0
V615	0.07953	0	0.32524	0	0.59523	0
V616	0.55227	0.44773	0	0	0	0
V617	0.0346	0	0.28591	0	0.67949	0
V618	0.34915	0	0.65085	0	0	0
V619	0.00149	0.75289	0.24562	0	0	0
V620	0.24235	0	0.21332	0	0	0.54432
V621	0.18602	0	0.20302	0.47677	0.13419	0
V622	0.71272	0.0252	0.23893	0	0.02315	0
V623	0.09247	0.90753	0	0	0	0
V624	0.01298	0.82928	0.05004	0.07951	0.02819	0
V625	0.31005	0.05764	0.32926	0.17114	0.13191	0
V626	0.3579	0	0.19575	0	0.44636	0
V627	0.80935	0	0.18539	0	0.00526	0
V628	0.38648	0	0.41016	0	0.05179	0.15157
V629	0.02172	0.60202	0.04374	0.26379	0.06874	0
V630	0.80766	0	0.06372	0	0	0.12862
V631	0.23238	0	0.09991	0	0.03799	0.62972
V632	0.21242	0	0.33526	0.0202	0.43212	0
V633	0.12777	0	0.87223	0	0	0
V634	0.86271	0	0.13729	0	0	0
V635	0.20178	0	0.40961	0.29308	0.09554	0
V636	0.08113	0.77542	0.07884	0	0.06461	0
V637	0.20689	0	0.02754	0	0	0.76557
V638	0.24453	0.02699	0.18723	0.28705	0.2542	0
V639	0.50762	0	0.28298	0	0.2094	0
V640	0.34302	0	0.63071	0	0.02627	0
V641	0.10057	0	0.71057	0	0.18886	0
V642	0.55763	0	0.3991	0	0	0.04327
V643	0.91573	0	0.08427	0	0	0
V644	0.92425	0	0.07575	0	0	0
V645	0.9455	0	0.0545	0	0	0
V646	0.08319	0	0.65157	0	0.26524	0
V647	0.38849	0	0.10202	0.0171	0.11167	0.38072
V648	0.33204	0.32375	0.14371	0	0	0.2005
V649	0.33721	0	0.16571	0.39946	0.09762	0
V650	0.42651	0.03956	0.40985	0	0.12407	0
V651	0.35066	0.33203	0.15644	0	0.05616	0.10471
V652	0.21493	0	0.26521	0.39854	0.12132	0
V653	0.21931	0.49241	0.06462	0	0.01369	0.20997
V654	0.86262	0	0.13738	0	0	0
V655	0.47278	0	0.14981	0	0.17119	0.20622
V656	0.23443	0	0.76557	0	0	0
V657	0.67995	0	0.17422	0	0.14583	0
V658	0.2027	0	0.31339	0.39193	0.09198	0
V659	0	1	0	0	0	0
V660	0.98844	0	0.01156	0	0	0
V661	0.30655	0	0.23127	0	0.10511	0.35706
V662	0.89563	0	0.10437	0	0	0
V663	0.21409	0	0.24589	0	0.54002	0
V664	0.24261	0	0.75739	0	0	0
V665	0.0295	0	0.28491	0	0.68559	0
V666	0.61555	0.31911	0.06534	0	0	0
V667	0.16709	0	0.01482	0	0	0.81809
V668	0.96813	0.02942	0.00245	0	0	0
V669	0.40201	0.04254	0.03104	0.00426	0.08003	0.44012
V670	0.25651	0.45825	0.07468	0.07785	0.08128	0.05143
V671	0.51333	0	0.15469	0.27675	0.05523	0
V672	0.04244	0.7768	0.05279	0.09158	0.03639	0
V673	0.26828	0	0.12977	0	0	0.60195
V674	0.81623	0	0.18377	0	0	0
V675	0.207	0.00561	0	0	0	0.78739
V676	0.17724	0	0.22365	0.48368	0.11543	0
V677	0.35283	0.39785	0.08937	0	0	0.15994
V678	0.48484	0	0.21856	0	0.24976	0.04683
V679	0.18601	0	0	0	0	0.81399
V680	0.13366	0	0.56309	0	0.30326	0
V681	0.03987	0.96013	0	0	0	0
V682	0.16557	0.67443	0.02187	0	0	0.13813
V683	0.15014	0	0.25862	0	0.59124	0
V684	0	1	0	0	0	0
V685	0	0.68634	0.31366	0	0	0
V686	0.52511	0	0.41277	0	0	0.06213
V687	0.31258	0.17271	0.29775	0	0	0.21696
V688	0.71076	0	0.18327	0	0.10596	0
V689	0.23086	0	0.76914	0	0	0
V690	0.29907	0	0.24669	0	0.45424	0
V691	0.20155	0.53143	0.26703	0	0	0
V692	0.73957	0	0.19201	0	0.06842	0
V693	0.98715	0.00269	0.01016	0	0	0
V694	0.97074	0.00872	0.02053	0	0	0
V695	0.88655	0	0.11345	0	0	0
V696	0.13254	0.54632	0.16349	0	0.15765	0
V697	0.1725	0	0.8275	0	0	0
V698	0	1	0	0	0	0
V699	0.36623	0	0.63377	0	0	0
V700	0.22559	0	0.2625	0	0.51191	0
V701	0.97816	0	0.02184	0	0	0
V702	0.25767	0	0.0899	0	0.01266	0.63978
V703	0.26827	0.55296	0.12511	0	0.05366	0
V704	0.60518	0.19746	0.19736	0	0	0
V705	0.22624	0	0.46536	0	0.3084	0
V706	0.35759	0	0.38685	0	9e-05	0.25547
V707	0.68664	0	0	0	0	0.31336
V708	0.06907	0.33547	0.59545	0	0	0
V709	0.145	0	0.11855	0.54128	0.19517	0
V710	0.64918	0	0.30847	0	0.04235	0
V711	0.29041	0.11993	0.5577	0	0.03196	0
V712	0.12915	0.14609	0.22229	0	0.50247	0
V713	0.3832	0.61	0.0068	0	0	0
V714	0.02178	0.50773	0.47048	0	0	0
V715	0.06583	0	0.93417	0	0	0
V716	0.38182	0	0.10348	0.03469	0.23825	0.24176
V717	0.10481	0	0.29245	0	0.60274	0
V718	0.04375	0.36244	0.17652	0	0.41728	0
V719	0	1	0	0	0	0
V720	0.52071	0	0.3839	0	0.09538	0
V721	0.29254	0.19663	0.26703	0	0	0.2438
V722	0.0191	0	0.29998	0	0.68093	0
V723	0.01297	0.83235	0.15124	0	0.00344	0
V724	0.202	0.22377	0.55278	0	0.02145	0
V725	0.26159	0	0.27703	0	0.46138	0
V726	0.15316	0	0.70246	0	0.14439	0
V727	0.24628	0	0.13539	0	4e-05	0.61829
V728	0.21967	0	0.09365	0.59818	0.0885	0
V729	0.2917	0.55892	0.13066	0	0.01873	0
V730	0.32699	0	0.15253	0.09723	0.09816	0.32509
V731	0.38882	0	0.59153	0	0.01964	0
V732	0.257	0.46578	0.11675	0	0.16047	0
V733	0.47518	0	0.36255	0	0.06178	0.10048
V734	0.24762	0	0.18883	0	0	0.56355
V735	0.2668	0.04529	0.10284	0.50789	0.07718	0
V736	0.15748	0.63248	0.00953	0	0	0.2005
V737	0.0118	0	0.29178	0	0.69643	0
V738	0.66069	0	0.22776	0.04778	0.06377	0
V739	0.35377	0.23297	0.31464	0	0.09862	0
V740	0.20244	0.11504	0.56608	0	0.11645	0
V741	0.64128	0.02398	0.33474	0	0	0
V742	0.54015	0	0.18228	0.09826	0.1793	0
V743	0.25146	0	0.42953	0.02026	0.29875	0
V744	0.65177	0.0189	0.0456	0	0	0.28373
V745	0.04887	0.61015	0.11478	0	0.2262	0
V746	0.94518	0	0.05482	0	0	0
V747	0.3102	0	0.33587	0	0.35393	0
V748	0.3247	0	0.28751	0	0.01407	0.37372
V749	0.74296	0	0.1418	0	0.03201	0.08324
V750	0.16484	0.04029	0.09256	0.61275	0.08956	0
V751	0.16596	0	0.14894	0.55058	0.13452	0
V752	0.32049	0	0.27297	0	0.40655	0
V753	0.34429	0	0.14417	0	0.24395	0.26759
V754	0.2247	0.50113	0.1593	0	0	0.11487
V755	0.55477	0	0.2266	0	0.21864	0
V756	0.16426	0	0	0	0	0.83574
V757	0.1764	0.50325	0	0	0	0.32035
V758	0.19882	0.80118	0	0	0	0
V759	0.32633	0	0.26147	0	0.4122	0
V760	0.09725	0	0	0	0	0.90275
V761	0.06073	0	0.58288	0	0.35639	0
V762	0.18644	0	0.81356	0	0	0
V763	0.19789	0.13451	0.10614	0.44449	0.11696	0
V764	0.49634	0	0.23603	0	0.21737	0.05026
V765	0.09566	0	0	0	0	0.90434
V766	0.54095	0.32487	0.13418	0	0	0
V767	0.39666	0	0.33637	0	0	0.26696
V768	0.00051	0.86286	0.13663	0	0	0
V769	0.04793	0	0.95207	0	0	0
V770	0.12864	0.51665	0.07131	0.19164	0.09176	0
V771	0.38231	0	0.48102	0	0	0.13666
V772	0.1766	0	0.8234	0	0	0
V773	0.72494	0	0.143	0	0.00687	0.12519
V774	0.28979	0	0.71021	0	0	0
V775	0	0.87922	0.12078	0	0	0
V776	0.9925	0	0.0075	0	0	0
V777	0.36677	0.08706	0.12583	0	0.28454	0.1358
V778	0.09332	0	0.90668	0	0	0
V779	0.9676	0	0.0324	0	0	0
V780	0.20815	0	0.15504	0.53819	0.09862	0
V781	0.95131	0.04869	0	0	0	0
V782	0.12486	0	0	0	0	0.87514
V783	0	1	0	0	0	0
V784	0.10595	0	0.53441	0	0.35964	0
V785	0	0.78223	0.21762	0	0.00015	0
V786	0.17415	0	0	0	0	0.82585
V787	0.91107	0	0.08893	0	0	0
V788	0.14859	0	0.17254	0.4753	0.20358	0
V789	0.20014	0.5188	0	0	0	0.28106
V790	0	0.92906	0.07094	0	0	0
V791	0.0795	0	0	0	0	0.9205
V792	0.76581	0.02882	0.17729	0	0.02808	0
V793	0.10273	0.53532	0.25941	0	0.10254	0
V794	0.203	0.42866	0.32732	0	0.04102	0
V795	0.43816	0.08127	0.21572	0	0.26485	0
V796	0.11455	0	0	0	0	0.88545
V797	0.01259	0	0.28498	0	0.70243	0
V798	0.84973	0	0.11617	0	0	0.03411
V799	0.79011	0	0.20989	0	0	0
V800	0.602	0.00767	0.11282	0	0.10206	0.17545
V801	0.68189	0.31811	0	0	0	0
V802	0.18069	0	0.24269	0.3833	0.19332	0
V803	0.23277	0	0.12916	0.46628	0.17179	0
V804	0.91214	0	0.08786	0	0	0
V805	0.92064	0	0.07936	0	0	0
V806	0.23766	0.07716	0.25212	0.32548	0.10757	0
V807	0.29886	0.23242	0.10818	0.27348	0.08706	0
V808	0	1	0	0	0	0
V809	0.19806	0.26411	0.17703	0.00016	0.36064	0
V810	0.16938	0	0.83062	0	0	0
V811	0.30885	0.22525	0.16445	0	0.30145	0
V812	0.06823	0.48186	0.06667	0.27804	0.1052	0
V813	0.22478	0.08133	0.2525	0	0.44139	0
V814	0.78221	0.17671	0.04108	0	0	0
V815	0	0.99825	0.00175	0	0	0
V816	0.65377	0	0.34623	0	0	0
V817	0.17943	0.22091	0.51317	0	0.08648	0
V818	0.02661	0	0.97339	0	0	0
V819	0.60523	0.39477	0	0	0	0
V820	0.28674	0.17964	0.53362	0	0	0
V821	0.11426	0	0	0	0	0.88574
V822	0.50577	0	0.20243	0.19213	0.09967	0
V823	0.02804	0	0.28713	0	0.68482	0
V824	0.77747	0	0.22253	0	0	0
V825	0.48202	0.47059	0.04739	0	0	0
V826	0.44738	0.20516	0.2742	0	0.07326	0
V827	0.14729	0	0.85271	0	0	0
V828	0.29034	0	0.05032	0	0.07353	0.58581
V829	0.04666	0.48339	0.04908	0.33766	0.0832	0
V830	0.32592	0.13012	0.14546	0.21551	0.183	0
V831	0.27096	0	0.25025	0	0.47879	0
V832	0.48293	0.01878	0.13844	0	0.00367	0.35618
V833	0.28993	0.34493	0.20443	0	0	0.16072
V834	0.55831	0	0.40192	0	0.03977	0
V835	0.25697	0.52563	0.21741	0	0	0
V836	0.67142	0	0.24346	0	0.08512	0
V837	0.45273	0	0.54727	0	0	0
V838	0.20258	0	0	0	0	0.79742
V839	0	1	0	0	0	0
V840	0	1	0	0	0	0
V841	0.10963	0	0	0	0	0.89037
V842	0.39083	0	0.24586	0	0.35806	0.00525
V843	0.01121	0.93827	0	0	0	0.05052
V844	0.41373	0	0.58627	0	0	0
V845	0.06757	0	0.32786	0	0.60457	0
V846	0.28208	0.70618	0.01174	0	0	0
V847	0.39568	0	0.24545	0	0	0.35886
V848	0.28209	0	0	0	0	0.71791
V849	0.25031	0	0.40124	0	0.34845	0
V850	0.80203	0	0.19467	0	0.00329	0
V851	0.23555	0.42849	0.15252	0	0.18344	0
V852	0.3609	0.02143	0.24108	0	0	0.37659
V853	0.23934	0.06622	0.12091	0.35209	0.22144	0
V854	0.0626	0	0.47004	0	0.46736	0
V855	0.20122	0	0.79878	0	0	0
V856	0.11209	0	0.78924	0	0.09868	0
V857	0	1	0	0	0	0
V858	0.15547	0	0.10535	0.63506	0.10412	0
V859	0.8777	0.06754	0.05477	0	0	0
V860	0.2771	0	0.7229	0	0	0
V861	0.12556	0	0.24588	0	0.62857	0
V862	0.70156	0.01553	0.17481	0	0	0.1081
V863	0.43805	0	0.09916	0	0	0.46279
V864	0.26154	0	0.09783	0	0.14824	0.49239
V865	0.6392	0	0.26541	0	0.09539	0
V866	0.26819	0	0.04979	0	0.14566	0.53635
V867	0.21376	0.11439	0.162	0.35355	0.15629	0
V868	0.29645	0	0.70355	0	0	0
V869	0.34968	0.11604	0.02954	0	0	0.50474
V870	0.94225	0	0.05775	0	0	0
V871	0.28084	0	0.13193	0.11509	0.09368	0.37846
V872	0.25138	0	0.04325	0	0.05539	0.64998
V873	0.11501	0	0.30625	0	0.57874	0
V874	0.49896	0	0.13939	0.23515	0.1265	0
V875	0.19869	0.0125	0.41802	0	0.37079	0
V876	0.2058	0	0.03568	0	0.00494	0.75358
V877	0.93953	0	0.06047	0	0	0
V878	0.47764	0	0.49253	0	0.02983	0
V879	0.17162	0	0.11563	0.61314	0.09961	0
V880	0	1	0	0	0	0
V881	0.75937	0	0.24063	0	0	0
V882	0.09387	0	0.90613	0	0	0
V883	0.40099	0.11447	0.26086	0	0.22368	0
V884	0.13526	0	0.78299	0	0.08175	0
V885	0.40919	0	0.28758	0	0.17285	0.13038
V886	0.13721	0.31871	0.39745	0	0.14663	0
V887	0.08134	0	0.56614	0	0.35252	0
V888	0.05985	0.94015	0	0	0	0
V889	0	1	0	0	0	0
V890	0.44492	0.01534	0.23684	0	0.3029	0
V891	0.07095	0	0.92905	0	0	0
V892	0.05097	0	0.94903	0	0	0
V893	0.07848	0	0.92152	0	0	0
V894	0.10563	0.87368	0.02069	0	0	0
V895	0.05603	0	0.5201	0	0.42387	0
V896	0.04598	0	0.2803	0	0.67372	0
V897	0.22828	0	0.77172	0	0	0
V898	0.691	0	0.309	0	0	0
V899	0.16271	0	0.83729	0	0	0
V900	0.26518	0	0.081	0	0	0.65382
V901	0.13885	0.59273	0	0	0	0.26842
V902	0.50204	0.49796	0	0	0	0
V903	0.16729	0	0	0	0	0.83271
V904	0.09204	0.7724	0	0	0	0.13556
V905	0.60601	0	0.32766	0	0.06633	0
V906	0.75428	0	0.24572	0	0	0
V907	0.41848	0.15032	0.11297	0.25463	0.06359	0
V908	0.17655	0	0.751	0	0.07245	0
V909	0.27097	0	0.01135	0	0	0.71768
V910	0.03187	0	0.96813	0	0	0
V911	0.24208	0	0.27727	0	0	0.48065
V912	0.95248	0	0.04752	0	0	0
V913	0.29687	0	0.70313	0	0	0
V914	0.75796	0	0	0	0	0.24204
V915	0.19238	0.46997	0.33765	0	0	0
V916	0.30451	0	0.1105	0	0.23257	0.35243
V917	0.11622	0.76018	0	0	0	0.1236
V918	0.0704	0.6569	0.12095	0	0.15176	0
V919	0.03633	0.68156	0	0	0	0.28211
V920	0.91361	0	0.08639	0	0	0
V921	0.2146	0	0.2264	0.19823	0.36077	0
V922	0.03604	0	0.96396	0	0	0
V923	0.64397	0	0.35603	0	0	0
V924	0.31373	0.14591	0.08143	0	0.20485	0.25407
V925	0.08996	0.39034	0.15306	0.22958	0.13705	0
V926	0.37519	0	0	0	0	0.62481
V927	0.15651	0	0.10939	0.63684	0.09725	0
V928	0.7503	0	0.24957	0	0.00012	0
V929	0.35642	0	0.12789	0.38006	0.13562	0
V930	0.24402	0	0	0	0	0.75598
V931	0.02121	0.97398	0	0	0	0.00481
V932	0.14425	0	0.85575	0	0	0
V933	0.31783	0	0.28503	0.20099	0.19615	0
V934	0.13242	0.77183	0.09574	0	0	0
V935	0.34528	0.20689	0.44783	0	0	0
V936	0.11615	0	0.64674	0	0.23711	0
V937	0.96509	0	0.03491	0	0	0
V938	0.07374	0.92626	0	0	0	0
V939	0	1	0	0	0	0
V940	0.11152	0.55725	0	0	0	0.33123
V941	0	1	0	0	0	0
V942	0.06578	0	0.35979	0	0.57443	0
V943	0.16571	0.5187	0.18859	0.0179	0.1091	0
V944	0.2576	0.32444	0.20652	0	0.21144	0
V945	0.03641	0.96359	0	0	0	0
V946	0.18922	0	0.21658	0.12248	0.47172	0
V947	0.21766	0	0.03938	0	0.0465	0.69646
V948	0.45677	0	0.10073	0	0	0.4425
V949	0.51766	0.35044	0.09532	0	0	0.03658
V950	0.09129	0	0.28242	0	0.62628	0
V951	0.60263	0.03597	0.22526	0	0.13615	0
V952	0.95468	0	0.04532	0	0	0
V953	0	0.89834	0.10166	0	0	0
V954	0.16497	0	0.31711	0	0.51792	0
V955	0.21855	0.15393	0.56578	0	0.06174	0
V956	0.23543	0	0	0	0	0.76457
V957	0.91494	0	0.08506	0	0	0
V958	0.0196	0	0.9804	0	0	0
V959	0.16762	0	0	0	0	0.83238
V960	0.36056	0	0.54095	0	0.09849	0
V961	0.07073	0.4163	0.15845	0	0.35452	0
V962	0.77392	0	0.22608	0	0	0
V963	0	1	0	0	0	0
V964	0.41079	0.11576	0.21322	0	0.26023	0
V965	0.76723	0	0.22339	0	0.00938	0
V966	0.25031	0	0.08779	0	0.15982	0.50208
V967	0.32463	0.67537	0	0	0	0
V968	0.41657	0	0.22245	0.04038	0.3206	0
V969	0.10467	0	0.28162	0	0.61371	0
V970	0.46208	0	0.50773	0	0.03019	0
V971	0.33549	0.4841	0	0	0	0.18041
V972	0.46832	0	0.08485	0	0.0267	0.42014
V973	0	1	0	0	0	0
V974	0.09496	0.76871	0.09741	0	0.03893	0
V975	0.14048	0.50086	0.35866	0	0	0
V976	0.22654	0	0	0	0	0.77346
V977	0.329	0	0.227	0	0.31196	0.13204
V978	0.35491	0.06233	0.21985	0	0.12561	0.2373
V979	0.22231	0.0175	0.2447	0.18676	0.32874	0
V980	0.18145	0	0.81855	0	0	0
V981	0.32524	0	0.23581	0	0.15443	0.28452
V982	0.34152	0	0.14295	0.05823	0.34543	0.11187
V983	0.32391	0.19306	0.15204	0.11224	0.21875	0
V984	0.68955	0	0.19345	0	0.0504	0.0666
V985	0.39979	0	0.12865	0	0.18162	0.28994
V986	0.22826	0	0.77174	0	0	0
V987	0.14867	0	0	0	0	0.85133
V988	0.26134	0.0421	0.56603	0	0.13052	0
V989	0.90509	0	0.09491	0	0	0
V990	0.22393	0	0.0669	0	0.1167	0.59246
V991	0.75093	0	0.23819	0	0.01088	0
V992	0.25278	0	0.59697	0	0.15025	0
V993	0.91314	0	0.08686	0	0	0
V994	0.15755	0	0	0	0	0.84245
V995	0	1	0	0	0	0
V996	0.42863	0.26927	0.30211	0	0	0
V997	0.26776	0.34407	0.2238	0	0.16437	0
V998	0.23225	0.67469	0.09306	0	0	0
V999	0.32816	0.46732	0.16138	0	0	0.04314
V1000	0.18827	0	0.81173	0	0	0
