AGENE	CD14	CD19B	CD4HelperT	CD4MemoryT	CD4NaiveT	CD4RegulatoryT	CD56NK	CD8CytotoxicT	CD8NaiveT
ACSL6	0.0	0.0	1.0	0.932229	0.976153	0.798758	0.015268	0.960298	0.827168
ADAM22	0.0	0.028258	0.126905	0.110542	0.022686	0.031325	0.258674	0.333333	0.21819
ADAM23	0.0	0.037815	0.212278	0.369814	0.015179	0.482066	0.0	0.034312	0.0
ADAM28	0.027068	1.0	0.001688	0.0	0.0	0.00125	0.094027	0.001023	0.0
ADAMTS6	0.0	0.979437	0.144397	0.10159	0.190615	0.131604	0.196219	0.915652	1.0
ADAMTSL5	0.0	0.0	0.377978	0.362165	0.391892	0.298558	0.017121	0.22911	0.177235
AFF3	0.011544	1.0	0.026329	0.016688	0.040346	0.016967	0.016399	0.003749	0.0
AJAP1	0.0	0.0	0.077695	0.0	0.152778	0.019178	0.0	0.047095	0.036432
AKAP5	0.0	0.010136	0.0	0.009913	0.0	0.0	1.0	0.027591	0.007115
AKR1C3	0.003245	0.0	0.029975	0.01468	0.030213	0.023268	1.0	0.007574	0.002593
ALDH3B1	0.318115	0.0	0.000826	0.0	0.0	0.001224	0.002246	0.003006	0.0
ALS2CL	0.045451	0.0	0.922427	0.660934	1.0	0.778555	0.0	0.168339	0.251146
ANKRD31	0.0	0.053441	0.2	0.104527	0.042903	0.177724	0.163066	0.87285	0.525173
ANKRD55	0.0	0.0	0.615508	0.219332	0.858223	0.314912	0.0	0.033917	0.083961
ANKRD7	0.0	0.083302	0.0	0.040733	0.066875	0.0	0.042363	0.075587	0.409308
ANKS1B	0.0	0.014493	0.35797	0.311813	0.0	0.40164	0.0	0.026301	0.0
APOBEC3A	1.0	0.014497	0.003617	0.007877	0.003879	0.001786	0.01966	0.010231	0.005653
AQP3	0.003562	0.0	1.0	0.960181	0.392446	0.965487	0.015563	0.244115	0.260918
ARG1	0.0	0.0	0.080086	0.005232	0.034359	0.545604	0.0	0.004854	0.0
ARHGEF4	0.0	0.0	0.266579	0.278647	0.3717	0.296109	0.018112	0.581709	1.0
ARMCX1	0.171543	0.005333	0.081184	0.013688	0.188532	0.017192	0.023837	0.46637	0.621672
ASB9	0.0	0.0	0.130935	0.019009	0.358893	0.107733	0.01977	0.194006	0.259228
ASGR1	0.951603	0.0	0.0	0.0	0.001231	0.001133	0.00052	0.000927	0.0
ATP8A2	0.0	0.0	0.198555	0.134519	0.244513	0.108914	0.079945	0.570565	1.0
AURKB	0.0	0.0	0.206102	0.047522	0.026007	0.053866	0.098848	0.132277	0.01137
B3GNT3	0.0	0.0	0.164609	0.075909	0.072698	0.043022	0.0	0.0	0.027242
B3GNT9	0.0	0.018936	0.382676	1.0	0.076008	0.566755	0.0	0.223366	0.013292
BACE2	0.0	1.0	0.0	0.0	0.0037	0.0	0.011718	0.014635	0.011322
BAIAP3	0.0	0.378299	0.239589	0.711464	0.023361	1.0	0.473562	0.580903	0.040852
BANK1	0.002773	1.0	0.000605	0.0	0.0	0.0	0.005345	0.000367	0.0
BASP1	0.018711	0.088342	0.001185	0.0	0.000141	0.001951	0.001253	0.0	0.0
BCL11A	0.12794	0.789077	0.011812	0.0	0.012669	0.0	0.0	0.013018	0.014099
BCL2L14	0.0	0.0	0.149254	0.136509	0.064034	0.04421	0.0	0.018094	0.013997
BFSP2	0.0	0.293488	0.351474	0.243967	0.011781	0.260272	0.0	0.026631	0.020601
BLK	0.0	1.0	0.014656	0.01003	0.005614	0.013437	0.001423	0.013114	0.006872
BST1	1.0	0.003135	0.008213	0.003066	0.003775	0.003475	0.003189	0.007112	0.002201
BTK	0.258595	0.838657	0.003483	0.00091	0.0	0.0	0.003787	0.0	0.0
C10ORF35	0.0	0.027218	0.849827	0.790952	0.749173	0.780172	0.027684	0.476309	0.567709
C12ORF68	0.0	0.402145	0.200975	0.413959	0.024079	0.900911	0.879421	1.0	0.024034
C14ORF132	0.0	0.038095	0.220981	0.232847	0.321118	0.179476	0.0	0.069134	0.066851
C14ORF64	0.0	0.0	0.729341	0.464175	1.0	0.432798	0.0	0.803795	0.922724
C15ORF53	0.0	0.0	0.183412	0.179733	0.0	0.113183	0.02077	0.037058	0.0
C1ORF21	0.0	0.0	0.001244	0.001301	0.001868	0.001843	1.0	0.102578	0.001634
C2CD4D	0.0	0.02005	0.67531	1.0	0.032192	0.66677	0.081571	0.145542	0.042221
C2ORF40	0.0	0.0	0.319895	0.358261	0.359446	0.210566	0.0	0.947969	1.0
C5AR1	0.143303	0.000638	0.0	0.0	0.000512	0.0	0.0	0.000579	0.000448
C9ORF135	0.0	0.009311	0.473918	0.063743	0.598009	0.474806	0.018941	0.616772	1.0
CA6	0.0	0.0	0.113935	0.019085	0.310207	0.043267	0.0	0.584365	1.0
CACHD1	0.0	0.0	0.036371	0.0	0.175546	0.026933	0.0	0.242507	0.136436
CACNA1I	0.0	0.0	0.02896	0.088291	0.008875	0.030636	0.0	0.013375	0.006466
CALCB	0.0	0.0	0.109113	0.0	0.0	0.242399	0.444815	0.529106	0.051163
CALY	0.0	0.0	1.0	0.725883	0.059587	0.905075	0.075494	0.538796	0.156301
CAMK2N1	0.0	0.009928	0.012384	0.061489	0.00797	0.02201	0.050487	0.084075	0.002323
CAMK4	0.0	0.0	0.896699	0.547514	1.0	0.73793	0.006459	0.983349	0.712415
CARS	0.0	0.029837	0.077082	0.074496	0.057663	0.08012	0.112067	0.768037	1.0
CBX2	0.162877	0.0	0.035544	0.0	0.095308	0.0	0.0	0.323171	0.216667
CCL3	0.035396	0.002239	0.0	0.0	3.1e-05	0.0	0.085159	0.001979	1.4e-05
CCL4	0.002752	0.008559	0.001802	0.002877	0.000322	0.000593	1.0	0.073292	0.001033
CCNA2	0.0	0.020798	0.11675	0.01017	0.025044	0.023055	0.010577	0.028307	0.014599
CCNB2	0.054282	0.023739	0.159917	0.015477	0.012705	0.008772	0.056339	0.071802	0.0
CCNE2	0.0	0.025058	0.075023	0.012253	0.0	0.013889	0.07646	0.079581	0.0
CCNI2	0.0	0.011662	0.253142	0.250915	0.093624	0.193919	0.0	0.116403	0.188282
CCR10	0.072831	0.018096	1.0	0.924654	0.006532	0.893488	0.015572	0.066885	0.0
CCR2	0.191737	0.0	0.176334	0.230396	0.0	0.181481	0.020307	0.018116	0.002803
CCR4	0.0	0.0	0.072522	0.088222	0.002682	0.166667	0.0	0.024253	0.0
CCR7	0.0	0.247465	0.733934	0.231933	0.918596	0.371722	0.006721	0.495336	0.796198
CCR9	0.0	0.056719	0.061321	0.049305	0.0	0.055888	0.0	0.011437	0.004424
CD14	0.07954	0.0	0.000119	0.000129	7.8e-05	6.8e-05	0.0	4e-05	4.3e-05
CD19	0.005685	1.0	0.000827	0.001621	0.001774	0.000612	0.0	0.002005	0.000776
CD22	0.044524	1.0	0.000324	0.0	0.0	0.00048	0.00044	0.0	0.000304
CD248	0.0	0.000801	0.004796	0.0	0.016076	0.000888	0.0	0.082132	0.199042
CD28	0.0	0.0	0.811109	0.718244	0.522255	0.73443	0.001741	0.371262	0.281194
CD302	0.303079	0.000297	0.001607	0.004675	0.0	0.00296	0.001852	0.002204	0.001959
CD33	0.442341	0.0	0.0	0.0	0.001084	0.003743	0.006181	0.000613	0.0
CD3D	0.0	0.00012	0.772333	0.907716	0.675016	0.654219	0.017486	1.0	0.893583
CD3E	0.0	7.3e-05	1.0	0.806853	0.997934	0.925351	0.049878	0.953533	0.941194
CD3G	0.0	0.0	0.578948	0.533532	0.495167	0.462548	0.043327	1.0	0.468976
CD40LG	0.0	0.0	1.0	0.779007	0.833464	0.679001	0.002143	0.021033	0.005424
CD5	0.0	0.006317	0.966304	0.746726	0.718206	0.853424	0.001606	0.552405	0.526543
CD68	0.430864	0.012596	0.0009	0.001126	0.0	0.002034	0.002459	0.00214	0.002272
CD72	0.003551	1.0	0.004159	0.005758	0.0	0.004067	0.102466	0.012771	0.004617
CD79A	0.0	1.0	0.003264	0.000666	0.003486	0.007501	0.001244	0.02142	0.031106
CD79B	0.0	1.0	0.021969	0.020524	0.009907	0.01794	0.032793	0.005945	0.005001
CD8B	0.0	0.0	0.00502	0.00079	0.008692	0.002598	0.004191	0.906735	1.0
CDT1	0.138441	0.013455	0.553876	0.026316	0.054006	0.178976	0.246323	0.170917	0.037777
CENPA	0.0	0.0	0.300091	0.032675	0.026822	0.185185	0.101947	0.060633	0.0
CES1	0.149352	0.0	0.001185	0.002323	0.0	0.001755	0.003221	0.003592	0.0
CFD	1.0	0.0003	0.003499	0.001178	0.003687	0.00293	0.0	0.005019	0.007381
CFH	0.0	0.0	0.239837	0.345237	0.0	0.174593	0.187813	0.078848	0.019061
CHDH	0.0	0.022491	0.067337	0.065987	0.018056	0.373983	0.022876	0.0	0.015787
CHN1	0.0	0.011115	0.26205	0.244565	0.013384	0.227934	0.0	0.070596	0.011703
CHRNA1	0.0	0.115035	0.239172	1.0	0.0	0.198364	0.0	0.22036	0.017944
CLEC11A	0.280626	0.012999	0.090112	0.0	0.238116	0.019412	0.264689	0.688837	1.0
CLIC3	0.00068	0.0	0.004138	0.009166	0.000174	0.004717	1.0	0.046104	0.014799
CLIC4	0.026792	0.242154	0.003898	0.00382	0.0	0.001443	0.0	0.001181	0.000914
CLIC5	0.0	0.18042	0.540164	0.529329	0.0	1.0	0.061168	0.218279	0.126643
CLU	0.201561	0.0	0.624597	1.0	0.009435	0.833846	0.143452	0.255953	0.0165
CMTM8	0.011629	0.0	0.490461	0.480073	0.386421	0.550384	0.035395	0.122184	0.140057
CNRIP1	0.039668	0.0	0.051939	0.01131	0.0	0.0	0.023526	0.005247	0.0
CNTNAP1	0.0	0.005467	0.024553	0.096242	0.0	0.048485	0.0	0.014883	0.007675
COCH	0.023985	1.0	0.031405	0.006839	0.0	0.007752	0.049788	0.038072	0.004909
COL5A3	0.0	0.0	0.296655	0.664469	0.0	0.251061	0.086383	0.102752	0.039744
CPA5	0.0	0.0	0.187967	0.256783	0.099343	0.231123	0.000529	0.713336	1.0
CPNE5	0.012564	1.0	0.0	0.014329	0.002941	0.004061	0.003726	0.003324	0.0
CPNE7	0.0	0.0	0.645765	1.0	0.038479	0.549044	0.260006	0.318941	0.067289
CPVL	0.408323	0.0	0.001071	0.000311	0.000255	0.0	0.000485	0.000144	0.0
CRIP2	0.00529	0.0705	0.782566	0.859177	0.420311	1.0	0.054511	0.258623	0.141533
CRTAM	0.063707	0.0	0.069513	0.002018	0.144143	0.016015	0.266586	1.0	0.95032
CRYGN	0.0	0.0	0.422003	0.7168	0.045263	1.0	0.057345	0.051159	0.039576
CSF1	0.0	0.018936	0.510234	1.0	0.045605	0.734682	0.057779	0.206184	0.026583
CSF2RA	0.401535	0.000915	0.0	0.0	0.000734	0.0	0.0	0.00083	0.000642
CST3	0.841001	0.0	0.000803	0.000143	0.000783	0.000479	0.006314	0.000761	4.9e-05
CST7	0.000699	0.0	0.018943	0.026209	0.001375	0.018577	1.0	0.142868	0.001906
CTHRC1	0.0	0.013776	0.082488	0.013472	0.077415	0.015271	0.014012	0.0	0.0
CTLA4	0.0	0.0	0.066303	0.044062	0.021457	0.09989	0.0	0.010394	0.003216
CX3CR1	0.014893	0.0	0.000155	0.0	0.000332	0.0	0.271513	0.010507	0.0
CXADR	0.0	0.0	0.409173	0.142566	0.585152	0.565598	0.0	0.297622	0.306981
CXCR6	0.0	0.003922	0.088057	0.034516	0.0	0.021736	0.063818	0.053375	0.002753
CYBRD1	0.135455	0.0	0.007779	0.004066	0.0	0.004608	0.450306	0.003772	0.0
CYP2E1	0.0	0.0	0.030303	0.092385	0.0	0.149599	0.0	0.012245	0.018946
CYP2J2	0.0	0.090582	0.056499	0.044293	0.206035	0.016735	0.03071	0.246575	0.328508
CYP4F22	0.0	0.0	0.065061	0.051005	0.0	0.019272	0.044205	0.157746	0.07932
DAB1	0.0	0.0	0.828661	0.922316	0.164591	1.0	0.083411	0.074413	0.11513
DACT1	0.0	0.076058	0.170785	0.012397	0.315473	0.028104	0.012893	0.023005	0.035592
DBN1	0.010425	0.0	0.054601	0.01189	0.058563	0.026955	0.1453	0.529534	0.552586
DERL3	0.050333	1.0	0.021968	0.010251	0.003366	0.013944	0.012794	0.005707	0.001472
DHDH	0.0	0.053818	0.422957	0.184211	0.669672	0.328121	0.027369	0.292999	0.6422
DKK3	0.0	0.0	0.010188	0.013311	0.0	0.015088	0.0	0.119388	0.098726
DLL3	0.0	0.366335	0.19803	0.17913	0.147046	0.135364	0.0414	0.794078	1.0
DNAH6	0.0	0.04633	0.459469	0.056636	0.725268	0.038518	0.058902	0.735675	1.0
DPP4	0.0	0.004338	1.0	0.818739	0.825317	0.904006	0.048532	0.440833	0.307528
DPYSL4	0.0	0.009111	0.375075	0.196028	0.665611	0.101	0.018534	0.016535	0.019186
DSC1	0.0	0.0	0.012204	0.005315	0.039267	0.0	0.0	0.10356	0.068667
DSEL	0.028163	0.041056	0.046094	0.108407	0.029663	0.04096	0.045934	0.789768	1.0
DUSP16	0.0	0.005783	0.164495	0.172507	0.065001	0.205155	0.020588	0.091836	0.032477
DUSP4	0.0	0.007993	0.418804	0.320505	0.006417	0.637983	0.0	0.108795	0.0
DUSP8	0.016058	0.0	0.021026	0.018315	0.003759	0.01038	0.004762	0.055227	0.006573
EBF1	0.0	1.0	0.004767	0.006229	0.0	0.014121	0.0	0.011559	0.0
EDAR	0.0	0.0	0.06161	0.017889	0.099121	0.055762	0.0	0.045643	0.118767
EEPD1	0.27306	0.0	0.931345	1.0	0.249233	0.729164	0.019617	0.174063	0.069016
EFNA1	0.039165	0.011419	0.427345	0.067004	0.843373	0.227848	0.058071	0.290117	0.376722
EGOT	0.0	0.0	0.025424	0.221456	0.00909	0.037653	0.080612	0.0	0.0
ELOVL4	0.0	0.0	0.266605	0.348343	0.024865	0.257511	0.015752	0.122958	0.0924
EMR2	0.170635	0.000888	0.0	0.001738	0.0	0.0	0.000904	0.0	0.000624
EPHX2	0.0	0.013186	0.68429	0.37139	1.0	0.416101	0.020564	0.534428	0.730589
EREG	0.898939	0.0	0.002109	0.002756	0.0	0.0	0.014332	0.0	0.001978
ESPN	0.0	0.0	0.432824	0.723869	0.092846	1.0	0.117632	0.146918	0.113654
ETV7	0.111111	0.064791	0.460699	0.601944	0.026007	0.861864	0.164746	0.205764	0.0
EVPL	0.0	0.0	0.016667	0.0	0.035752	0.024684	0.0	0.121229	0.109411
F2RL1	0.0	0.005348	0.088057	0.062757	0.08586	0.077063	0.0	0.009705	0.022522
F5	0.085746	0.0	0.107594	0.106964	0.017561	0.10046	0.0	0.011342	0.0
FAAH2	0.0	0.0	0.329835	0.401441	0.164769	0.23421	0.0	0.06573	0.04661
FAM129C	0.003014	1.0	0.000658	0.0	0.000705	0.0	0.000894	0.001595	0.002467
FAM153A	0.0	0.073273	0.548439	0.549381	1.0	0.324902	0.024842	0.753517	0.531475
FAM171A1	0.0	0.0	0.11455	0.122457	0.130309	0.077115	0.004717	0.058914	0.087894
FAM178B	0.0	0.0	0.128952	0.038882	0.212783	0.058763	0.17523	0.312654	0.251166
FAM19A1	0.0	0.009259	0.311868	0.271655	0.074333	0.225811	0.0	0.092418	0.032497
FANK1	0.0	0.005935	0.461983	0.208946	0.0	1.0	0.0	0.026926	0.024995
FAR2	0.104996	0.0	0.148933	0.089813	0.036863	0.107459	0.025946	0.018518	0.007163
FAS	0.156328	0.02174	0.694589	0.723055	0.037923	1.0	0.352628	0.277977	0.0
FASLG	0.0	0.0	0.025434	0.028801	0.001819	0.032646	1.0	0.049334	0.0
FBLN7	0.0	0.0	0.773455	0.777376	0.47615	0.857439	0.0	0.019419	0.030044
FCER1A	0.774776	0.0	0.005683	0.0	0.001524	0.001052	0.003861	0.0	0.0
FCER2	0.00163	1.0	0.000356	0.0	0.000763	0.0	0.0	0.0	0.0005
FCGBP	0.0	0.011175	0.002101	0.009877	0.002382	0.001669	0.001385	0.044294	0.064047
FCGR2B	0.133546	1.0	0.000711	0.000929	0.0	0.0	0.017386	0.003447	0.0
FCRL1	0.0	1.0	0.002514	0.0	0.001348	0.023269	0.000854	0.005333	0.0
FCRL6	0.0	0.0	0.002106	0.001101	0.0	0.001248	1.0	0.180774	0.00079
FEZ1	0.0	0.0	0.000724	0.000946	0.0	0.002144	0.439565	0.021932	0.002036
FGFBP2	0.0	0.0	0.000754	0.000164	0.000988	0.0	1.0	0.094279	0.002867
FHIT	0.0	0.038895	0.527564	0.147347	1.0	0.233659	0.054572	0.230604	0.342282
FHL2	0.0	0.0	0.150378	0.058945	0.112903	0.0	0.010217	0.191418	0.239744
FOLR2	1.0	0.099073	0.004237	0.0	0.0	0.003138	0.008637	0.007705	0.0
FOXJ1	0.0	0.022613	0.084628	0.04423	0.181538	0.050135	0.023	0.410376	1.0
FOXP3	0.0	0.0	0.268059	0.168513	0.086796	1.0	0.0	0.02146	0.002372
G0S2	0.748109	0.000683	0.005365	0.015356	0.000274	0.009081	0.0	0.0	0.000958
GAL3ST4	0.020642	0.006018	0.472973	0.253078	0.405835	0.360251	0.0	0.125598	0.278808
GAPT	0.139007	1.0	0.004616	0.0	0.002122	0.0	0.001792	0.003198	0.001855
GCAT	0.04148	0.0	0.823723	0.650491	1.0	0.402184	0.061502	0.384074	0.526315
GCNT4	0.0	0.0	0.495151	0.20585	0.33796	1.0	0.015292	0.327418	0.348267
GIPC3	0.0	0.0	0.255916	0.055729	0.503224	0.06317	0.46368	0.879026	1.0
GJB6	0.0	0.0	0.121369	0.045308	0.083685	0.372343	0.0	0.115606	0.105691
GLIS3	0.0	0.0	0.186469	0.030455	0.1	0.034521	0.0	0.339082	0.524617
GNAL	0.0	0.027547	0.010309	0.01347	0.0	0.030537	0.938611	0.024996	0.009668
GNAO1	0.0	0.044118	0.275177	0.733469	0.035417	0.44015	0.119659	0.440346	0.010323
GNG3	0.0	1.0	0.012686	0.016576	0.0	0.018789	0.017239	0.0	0.023794
GNLY	0.000829	0.0	0.002023	0.002425	0.000456	0.001041	1.0	0.05623	0.000511
GP5	0.0	0.0	0.157122	0.057026	0.159161	0.025856	0.035585	0.063493	0.130978
GPBAR1	0.727521	0.002111	0.0	0.001032	0.000847	0.0	0.001073	0.0	0.000741
GPC3	0.0	0.0	0.398985	0.040101	0.625446	0.0	0.041706	0.372066	0.172695
GPR146	0.01222	0.0	1.0	0.481873	0.822616	0.964991	0.035891	0.140995	0.270315
GPR19	0.0	0.0	0.148148	0.009678	0.01589	0.065824	0.060395	0.02694	0.02084
GPR56	0.0	0.0	0.000697	0.00039	0.000213	0.0	0.367966	0.026542	9.3e-05
GPRC5B	0.0	0.0	0.145568	0.042266	0.138783	0.023954	0.0	0.0	0.030337
GTSCR1	0.0	0.0	0.276074	0.080159	0.276366	0.445218	0.008337	0.371869	0.500548
GTSF1L	0.0	0.11872	0.177719	0.0	0.667153	0.658019	0.0	0.107724	1.0
GZMA	0.0	0.0	0.028369	0.042081	0.004939	0.016718	1.0	0.129766	0.004179
GZMB	0.000839	0.0	0.000229	0.000269	0.000123	0.0	1.0	0.046343	8.6e-05
GZMH	0.0	0.0	0.00157	0.000833	0.001105	0.000291	0.657282	0.20668	0.000322
GZMK	0.0	0.0	0.146028	0.17258	0.023127	0.065589	0.300198	0.57241	0.027123
H1F0	0.187634	0.0	0.151899	0.079388	0.201172	0.070424	0.005385	0.030424	0.054503
HBA1	0.0	0.0	6e-06	0.0	1.2e-05	0.0	0.000708	7.7e-05	1.1e-05
HBEGF	0.180133	0.0	0.001655	0.001622	0.000444	0.001838	0.000562	0.001003	0.0
HEMGN	0.0	0.0	0.788908	0.332234	1.0	0.444184	0.097458	0.497953	0.862133
HKDC1	0.0	0.0	0.517483	0.301521	0.487529	0.455702	0.009503	0.135641	0.203301
HLA-DOB	0.008948	1.0	0.001008	0.002933	0.0	0.000811	0.000682	0.001382	0.00156
HLA-DRA	0.372374	1.0	0.003469	0.00028	9.8e-05	0.001435	0.001463	0.004398	0.0
HLF	0.0	0.0	0.171404	0.391922	0.02298	0.190392	0.0	0.025974	0.0
HMOX1	0.733498	0.005428	0.002438	0.0	0.002614	0.0	0.076185	0.00197	0.0
HOXA1	0.0	0.0	0.168801	0.073518	0.0	0.208333	0.0	0.238743	0.052768
HOXA10	0.029323	0.008549	0.006399	0.0	0.02059	0.009477	1.0	0.023273	0.0
HPCAL4	0.0	0.0	0.194785	0.233296	0.100978	0.355796	0.008823	0.059034	0.042623
HS3ST1	0.015733	1.0	0.003433	0.004486	0.0	0.0	0.0	0.004162	0.0
HSD11B1	0.0	0.0	0.647605	1.0	0.047359	0.741141	0.0	0.053529	0.0
HSF4	0.853092	0.0	0.206852	1.0	0.088745	0.551437	0.084326	0.200612	0.038797
ICA1	0.01437	0.0	0.275863	0.261913	0.051598	0.525369	0.299351	0.046262	0.025418
ICOS	0.0	0.0	0.131368	0.097626	0.128853	0.112107	0.002654	0.03789	0.044883
IFI27	0.036917	0.0	0.322253	1.0	0.0	0.190907	0.021895	0.048833	0.022666
IFI30	0.988726	0.035687	0.000596	0.001378	0.0	0.001289	0.001718	0.001756	0.000163
IGFBP3	0.0	0.0	0.114508	0.216685	0.004235	0.116959	0.016097	0.081376	0.029624
IGFBP6	0.0	0.0	0.081455	0.18383	0.047654	0.098703	0.04025	0.888721	1.0
IGFBP7	0.107478	0.0	0.003696	0.000186	0.00183	0.000632	1.0	0.000517	0.0
IGJ	0.104978	0.789377	0.016516	0.0	0.006857	0.000789	0.001448	0.002583	0.005496
IGSF6	1.0	0.001459	0.000546	0.000238	0.00039	0.000539	0.004452	0.001103	0.000512
IL18RAP	0.0	0.0	0.004108	0.007844	0.000339	0.00234	0.339202	0.008427	0.0
IL2RA	0.0	0.089345	0.437913	0.287495	0.032392	1.0	0.023451	0.047073	0.004046
IL4I1	0.318182	0.033132	0.332298	0.920196	0.0	0.462762	0.101094	0.114239	0.004651
IL5RA	0.0	0.046863	0.01403	0.064162	0.0	0.093508	0.009533	0.042523	0.0
IQCA1	0.0	0.116297	0.087046	0.113734	0.163384	0.03223	0.088714	0.527627	1.0
IQSEC2	1.0	0.0	0.014548	0.006336	0.0	0.007182	0.00659	0.011758	0.0
IRF8	0.142071	1.0	0.003933	0.0	0.0067	0.000343	0.105011	0.001402	0.002604
ISM1	0.0	0.0	0.56669	0.567139	0.245711	0.535714	0.016384	0.131552	0.033922
ITGA1	0.444701	0.0	0.0	0.316995	0.104087	0.071863	0.065937	1.0	0.0
ITGA3	0.0	0.02879	0.086196	0.262788	0.046226	0.053191	0.009761	0.034832	0.040418
JAKMIP1	0.0	0.010739	0.618938	0.724677	0.008621	1.0	0.589838	0.623654	0.022615
KCNA2	0.0	0.0	0.054992	0.179631	0.029491	0.244336	0.0	0.1	0.0
KCNIP2	0.0	1.0	0.015593	0.040748	0.0	0.034641	0.02119	0.009452	0.014624
KIAA0125	0.001881	1.0	0.005748	0.0	0.002202	0.000608	0.007253	0.018914	0.010011
KIFC3	0.025841	0.0	0.014098	0.022104	0.0	0.012527	1.0	0.181159	0.0
KIR3DL2	0.0	0.0	0.012876	0.028471	0.002125	0.011735	0.738918	0.039624	0.006502
KLHL13	0.0	0.0	0.143438	0.0	1.0	0.106218	0.292373	0.434721	0.605327
KLHL34	0.0	0.084451	0.379259	0.103237	0.542373	0.257443	0.0	0.153258	0.207476
KLRB1	0.0	0.0	0.009463	0.028419	0.000326	0.008968	0.349112	0.004561	0.000428
KLRC1	0.0	0.0	0.001186	0.000344	0.00099	0.0	1.0	0.058484	0.001854
KLRC2	0.0	0.0	0.001736	0.001134	0.004654	0.0	1.0	0.135712	0.009766
KLRD1	0.0	0.000154	0.00092	0.000601	0.000617	0.000341	1.0	0.064669	0.000323
KLRF1	0.000497	0.002297	0.000149	0.000931	0.0	0.000473	1.0	0.003983	0.000201
KMO	0.039424	1.0	0.008603	0.011241	0.009228	0.0	0.005845	0.015644	0.004034
KRT1	0.0	0.0	0.571088	0.547401	0.203339	0.8354	0.003181	0.122008	0.015365
KRT2	0.0	0.0	0.505021	0.129715	1.0	0.159819	0.486837	0.408155	0.926985
KRT72	0.0	0.0	0.056338	0.030113	0.113986	0.009482	0.130495	0.08382	0.168109
LAG3	0.0	0.0	0.278816	0.245104	0.048234	0.26641	0.020952	0.732087	0.060248
LCN8	0.0	1.0	0.000836	0.0	0.001794	0.001239	0.001136	0.003041	0.002353
LCNL1	0.0	0.0	0.005054	0.033015	0.0	0.022454	0.322763	0.974109	1.0
LEF1	0.0	0.001088	0.804504	0.312262	1.0	0.54962	0.015491	0.55724	0.792844
LGALS9C	0.021791	0.004765	0.003567	0.003107	0.001275	0.001761	1.0	0.001441	0.001115
LILRB3	0.0653	0.00019	0.000824	0.00236	0.0	0.001635	0.000196	0.000305	9.6e-05
LMCD1	0.0	0.159194	0.675205	0.259475	0.0426	1.0	0.0	0.144449	0.0
LOXL1	0.0	0.01529	0.720982	0.74764	0.110471	1.0	0.139962	0.374589	0.160986
LOXL2	0.0	0.0	0.255117	1.0	0.136815	0.188918	0.346675	0.077319	0.0
LRP1	1.0	0.002643	0.003296	0.010337	0.003536	0.005859	0.000896	0.003996	0.005565
LRRC32	0.011709	0.003414	0.010221	0.006677	0.0	0.049196	0.0	0.0	0.0
LRRC37A2	0.167008	0.194769	0.0	0.047619	0.03909	0.107953	0.445725	0.486006	0.034179
LRRC7	0.0	0.042388	0.126905	0.082906	0.306256	0.140963	0.043112	1.0	0.595064
LRRN3	0.0	0.0	0.444081	0.050198	0.746576	0.045185	0.0	0.647945	0.955852
LTK	0.084769	0.012358	0.30523	0.773449	0.0	0.369863	0.012569	0.134555	0.026022
LYPD3	0.011343	0.0	0.437725	0.37919	0.753248	0.35932	0.056945	0.505855	0.737957
LYZ	0.145428	1.9e-05	0.000125	8.6e-05	1.5e-05	0.000298	1.9e-05	5.9e-05	0.0
MAFB	0.252613	0.000291	0.0	0.000854	0.0	0.000323	0.001184	0.000528	0.000204
MAL	0.0	0.000436	0.440474	0.406064	0.454216	0.407702	0.000592	0.252668	0.3033
MANSC1	0.0	0.009405	0.116152	0.027593	0.158557	0.026064	0.0	0.034136	0.03631
MARCH1	0.099354	1.0	0.0	0.001232	0.001011	0.0	0.001281	0.0	0.0
MCOLN3	0.0	0.0	0.28976	0.348309	0.012431	0.24032	0.0	0.098357	0.032609
MEF2C	0.171267	1.0	0.001967	0.0	0.000527	0.000728	0.043437	0.000596	0.0
MEOX1	0.0	0.0	0.638386	0.311645	0.097816	0.519489	0.0	0.09355	0.098684
MEST	0.018509	0.053963	0.143387	0.073884	0.190615	0.101694	0.016466	0.63655	1.0
MIR146A	0.0	0.0	0.275084	0.163373	0.2414	1.0	0.271859	0.212216	0.070357
MLC1	0.028884	0.0	0.003152	0.0	0.00169	0.0	1.0	0.017193	0.001478
MMP28	0.0	0.011023	0.334159	0.032341	1.0	0.048879	0.016818	0.665162	0.959477
MND1	0.0	0.020502	0.184147	0.02005	0.016459	0.0	0.104264	0.074413	0.014391
MNDA	0.424495	0.054123	0.0	0.00037	0.0	0.00042	0.0	0.002404	0.0
MS4A1	0.000372	1.0	0.000649	0.001377	0.0	0.0006	0.000331	0.001573	0.000304
MS4A6A	0.775081	0.0	0.003536	0.003542	0.001011	0.004015	0.0	0.001143	0.000111
MSC	0.116906	0.0	0.221103	0.233335	0.009121	0.188919	0.0	0.309278	0.0
MT1E	0.025097	0.0	0.09493	0.140731	0.056783	0.037852	0.017365	0.272214	0.09245
MT3	0.0	0.0	0.061722	0.096774	0.172122	0.0	0.0	0.583635	0.717753
MTMR11	0.129796	0.0	0.0	0.000698	0.0	0.000792	0.000726	0.001944	0.000501
MTSS1L	0.637343	0.185822	0.0	0.302877	0.049726	0.0	0.063	0.674445	1.0
MTUS1	0.0	0.072505	0.303905	0.184358	0.500577	0.176822	0.014749	1.0	0.570009
MXRA8	0.0	0.0	0.043229	0.031379	0.020607	0.014227	0.0	0.692926	1.0
MYT1L	0.0	0.028404	0.127559	0.0	0.18242	0.031486	0.0	0.077319	0.179438
NBL1	0.0	0.0	0.291387	0.375904	0.140441	0.30318	0.027567	0.406904	0.274995
NCAPH	0.0	0.07563	0.45286	0.369814	0.0	0.586863	0.153846	0.754873	0.053087
NDUFA4L2	0.0	0.287031	0.398985	0.160403	0.197509	1.0	0.0	0.11162	0.057565
NEFM	0.0	0.0	0.105032	0.137234	0.032187	0.177778	0.0	0.01819	0.0
NELL2	0.0	0.0	0.135458	0.102829	0.133363	0.075394	0.001193	0.436249	0.475484
NET1	0.005396	0.0	0.147365	0.034697	0.201003	0.044549	0.031658	0.034048	0.085066
NKD1	0.0	0.155706	0.757531	0.076137	1.0	0.43151	0.0	0.565137	0.382533
NKG7	0.001428	0.0	0.001951	0.001847	0.000542	0.000609	0.810871	0.077948	0.001524
NOG	0.0	0.0	0.427325	0.020303	1.0	0.280002	0.0	0.313965	0.61934
NOVA1	0.0	0.083802	0.156811	0.081955	0.302742	0.046448	0.042618	0.532282	0.588235
NPAS1	0.0	0.489811	0.504096	0.059877	0.491523	0.0	0.062273	1.0	0.773583
NPAS2	0.0	0.0	0.106632	0.034831	0.257331	0.0	0.0	0.484757	1.0
NPDC1	0.015834	0.0	0.65219	1.0	0.02131	0.850772	0.008217	0.553975	0.234931
NRCAM	0.0	0.009251	0.006924	0.0	0.074266	0.0	0.0	0.436491	0.272727
NRGN	0.722619	0.001347	0.00271	0.001287	0.000807	0.000125	0.0	0.002337	0.002454
NT5E	0.0	0.170037	0.068795	0.134829	0.007379	0.03566	0.0	0.775611	1.0
NUSAP1	0.019159	0.09496	0.192322	0.054627	0.004484	0.03096	0.090902	0.10137	0.0
NXPH4	0.0	1.0	0.028245	0.009226	0.022721	0.115036	0.0	0.0	0.0
OSBPL10	0.026691	1.0	0.005825	0.0	0.003124	0.004313	0.011873	0.010592	0.005463
OSCAR	0.607388	0.0	0.006025	0.004498	0.002769	0.002549	0.008187	0.009391	0.000807
P2RX6	0.0	0.0	0.1247	0.0	0.100312	0.138514	0.338907	0.415726	0.321599
PADI4	0.189742	0.019915	0.020427	0.0	0.050333	0.014718	0.019506	0.242953	0.344823
PAK3	0.0	0.0	0.495228	1.0	0.0	0.266708	0.061178	0.054578	0.0
PARVA	0.0	0.0	0.291563	0.428571	0.03909	0.0	0.0	0.044182	0.102536
PCDH9	0.0	1.0	0.003172	0.0	0.003402	0.0	0.025859	0.003845	0.005949
PCSK1N	0.0	0.001781	0.385207	0.536396	0.237316	0.495489	0.005434	0.966282	1.0
PDCD1	0.0	0.0	0.392174	0.541336	0.033922	0.379407	0.0	0.306728	0.005932
PDE3B	0.049311	0.0	0.33259	0.297892	0.294096	0.248851	0.100344	0.892062	0.693788
PDGFB	0.0	0.0	0.523629	0.846207	0.177355	1.0	0.1498	0.43433	0.180918
PDGFD	0.0	0.004594	0.001719	0.0	0.0	0.0	1.0	0.07087	0.003225
PDGFRB	0.00641	0.007476	0.0	0.0	0.0	0.0	0.114055	0.001696	0.002624
PDZD2	0.0	0.0	0.108033	0.0	0.086904	0.04	0.0	0.294676	0.126643
PERP	0.056796	0.024839	0.582535	1.0	0.039881	0.931589	0.071581	0.356857	0.031965
PHGDH	0.0	0.028528	0.096737	0.020479	0.197403	0.032542	0.019129	0.351747	0.45538
PI16	0.0	0.054343	0.658935	0.882216	0.196319	1.0	0.055273	0.192309	0.091549
PIF1	0.0	0.011301	0.025376	0.0	0.009072	0.0	1.0	0.092289	0.0
PILRA	0.848239	0.002371	0.000392	0.000651	0.0	0.001425	0.002994	0.001084	0.001133
PKMYT1	0.0	0.0	0.193978	0.031681	0.0	0.071822	0.065899	0.176369	0.0
PLEK2	0.0	0.0	0.337655	0.25	0.458732	0.183362	0.0	0.095512	0.073886
PLEKHG1	0.0	1.0	0.006085	0.08746	0.006527	0.03605	0.008269	0.007377	0.0
PLEKHG5	0.0	0.0	0.194805	0.25453	0.181082	0.403918	0.017648	0.094464	0.073076
PLLP	0.0	0.0	0.552708	0.116713	1.0	0.181906	0.0	0.291029	0.387442
PNMAL2	0.0	0.027266	0.183673	0.266651	0.503448	0.302251	0.0	0.098963	0.248806
POU2AF1	0.003254	1.0	0.016333	0.007423	0.015995	0.009466	0.0	0.000861	0.001998
PRAM1	0.784804	0.0	0.002676	0.001748	0.000718	0.0	0.013636	0.004866	0.004392
PRF1	0.0	0.0	0.005551	0.003482	0.002282	0.004599	0.465619	0.019594	0.00438
PROK2	0.006632	0.0	0.005499	0.003404	0.0	0.001715	0.0	0.015088	0.0
PRSS1	0.0	0.121458	1.0	0.118781	0.682541	0.942474	0.0	0.220417	0.0
PRSS23	0.001187	0.0	0.0	0.000338	0.000278	0.0	1.0	0.065944	0.000243
PSAT1	0.0	0.035505	0.637793	0.215278	0.666972	0.448681	0.065002	0.29639	0.553268
PTAFR	0.473917	0.008758	0.003642	0.002855	0.0	0.0	0.0	0.003532	0.002049
PTGDR	0.001979	0.0	0.015979	0.026521	0.000926	0.014711	1.0	0.110992	0.002835
PTGDS	0.0	0.0	0.00558	0.010532	0.0	0.008265	1.0	0.01847	0.000914
PTK7	0.057486	0.01676	0.05018	0.016391	0.201828	0.018579	0.187518	0.790819	1.0
PTPLA	0.014969	0.0	0.288948	0.24688	0.07297	0.86797	0.225678	0.038559	0.02411
PTPRK	0.032869	0.843327	0.136285	0.04686	0.246189	0.084986	0.0	1.0	0.813944
PTRF	0.0	0.00913	0.082002	0.142857	0.007329	0.091086	0.0	0.008284	0.0
QPCT	0.172825	0.00293	0.000439	0.001146	0.0	0.0	0.0	0.000532	0.0
RAB31	0.407632	0.021249	0.000539	0.0	0.000289	0.0	0.008425	0.000327	0.0
RAB32	0.817775	0.000695	0.00052	0.00068	0.0	0.0	0.007777	0.0	0.0
RAC3	0.0	0.0	0.233253	0.320806	0.079004	0.454545	0.0	0.074413	0.023026
RALGPS2	0.006561	1.0	0.008949	0.007483	0.01075	0.007422	0.050588	0.027339	0.009399
RAPH1	0.0	0.0	0.023021	0.060158	0.08642	0.119331	0.0	0.027908	0.0
RASGRP4	1.0	0.00678	0.015225	0.006631	0.0	0.026307	0.0	0.0	0.0
REG4	0.0	0.0	0.032587	0.004731	0.073787	0.008044	0.00246	0.708892	1.0
RFPL2	0.250511	0.0	0.574014	1.0	0.087952	0.48579	0.037144	0.066274	0.0
RGPD2	0.0	0.0	0.061674	0.141018	0.016537	0.114176	0.0	0.018692	0.0
RHBDL1	0.040312	0.01763	0.589409	1.0	0.099073	0.905505	0.0	0.293279	0.070125
RHOBTB3	0.013935	0.040628	0.010643	0.003973	0.040769	0.006756	1.0	0.020276	0.0
RNF165	0.0	0.003497	0.002617	0.006839	0.005614	0.007752	0.405418	0.003173	0.004909
RNF175	0.048308	0.0	0.253008	0.0	0.633191	0.468391	0.0	0.03834	0.039546
RNF207	0.129429	0.09434	0.127101	0.498206	0.0	0.125494	0.019191	0.0	0.0
RORC	0.0	0.0	0.392806	0.65897	0.015604	0.452479	0.026359	0.064669	0.0
RRM2	0.0	0.0	1.0	0.016751	0.0	0.056963	0.76655	0.202049	0.0
RTKN2	0.0	0.013772	0.252558	0.296317	0.088452	1.0	0.049028	0.224944	0.03867
RUNX2	0.034478	0.0	0.112934	0.243821	0.02993	0.138515	0.157194	0.806486	1.0
S100A8	0.665648	2.9e-05	1.5e-05	0.0	0.0	0.0	3e-05	0.0	4.1e-05
S100A9	0.391322	5e-06	0.000359	0.000658	9.3e-05	0.000441	0.0	3.6e-05	5.3e-05
S100B	0.004422	0.0	0.015026	0.001261	0.030459	0.006738	0.339255	0.714111	1.0
S1PR5	0.0	0.0	0.000923	0.000804	0.000825	0.000228	0.53914	0.038807	0.000289
SARDH	0.0	0.0	1.0	0.516048	0.941873	0.852526	0.045677	0.213934	0.189138
SECTM1	1.0	0.0	0.013929	0.038422	0.00498	0.016045	0.010516	0.005629	0.002903
SELP	0.14064	0.246027	0.184147	0.160403	0.065836	1.0	0.0	0.22324	0.028782
SEPT10	0.553762	0.107636	0.563943	1.0	0.0	0.894876	0.0	0.048833	0.0
SERPINE2	0.0	0.054905	0.521394	0.013424	1.0	0.076079	0.684083	0.286461	0.481742
SH3BGRL2	0.0	0.0	0.014742	0.0	0.015811	0.007278	0.0	0.10127	0.18894
SIRPG	0.0	0.000977	1.0	0.712077	0.855226	0.716139	0.017893	0.677535	0.767672
SLAMF7	0.032527	0.004345	0.008323	0.004227	0.000442	0.0	1.0	0.127969	0.000886
SLC16A10	0.0	0.00702	0.252194	0.24027	0.338117	0.264567	0.0	0.541401	0.468092
SLC22A17	0.0	0.016763	0.602244	0.322404	0.663888	0.377837	0.01705	0.365048	0.549101
SLC22A23	0.0	0.006191	0.037073	0.090825	0.019882	0.006863	0.0	0.005618	0.017384
SLC40A1	0.050246	0.0	0.801986	0.499684	0.599128	0.593317	0.011143	0.164261	0.252268
SLC45A3	0.0	0.757976	0.005849	0.0	0.0	0.008662	0.0	0.00709	0.005485
SLC7A7	0.230523	0.032352	0.001023	0.0	0.000549	0.0	0.0	0.000207	0.00016
SLC7A8	0.04447	0.012966	0.048523	0.02536	0.020817	0.043118	0.0	0.2	0.163818
SPIB	0.005024	1.0	0.000731	0.0	0.000392	0.0	0.00149	0.000886	0.001028
SPON2	0.001713	0.002876	0.008912	0.008377	0.005256	0.008644	1.0	0.048097	0.01112
SPSB1	0.0	0.021585	0.24773	0.189987	0.103972	0.143568	0.029273	0.065287	0.010101
SSTR3	0.0	0.018592	0.473131	0.18182	1.0	0.494627	0.01891	0.455484	0.926562
ST3GAL6	1.0	0.004556	0.00341	0.0	0.018286	0.00505	0.0	0.004134	0.0
ST6GALNAC1	0.0	0.0	0.761169	1.0	0.278115	0.619404	0.0	0.01521	0.007844
ST8SIA1	0.0	0.0	0.199308	0.334817	0.013088	0.277108	0.0	0.093689	0.007629
STXBP1	0.0	0.0	0.309717	0.590148	0.249143	0.420475	0.052609	0.766579	0.617217
SUSD4	0.03502	0.0	0.970556	0.938607	1.0	0.826236	0.031155	0.324259	0.315344
SVOPL	0.0	0.0	0.14113	0.081955	0.235466	0.046448	0.191779	0.912484	1.0
SYDE1	0.0	0.0	0.161127	0.157895	0.043205	0.0	0.0	0.390665	0.339988
SYDE2	0.0	0.105969	0.285537	0.227993	0.306256	0.234938	0.021556	1.0	0.446298
SYNM	0.0	0.0	0.008393	0.021933	0.013504	0.006215	0.011406	0.050876	0.0
TBX21	0.0	0.002926	0.021902	0.036057	0.001409	0.028545	1.0	0.099302	0.004108
TBXA2R	0.0	0.411562	0.300148	0.030961	0.338872	0.035094	0.751333	0.96712	1.0
TCEA3	0.007138	0.0	0.589608	0.373485	0.667479	0.496021	0.019051	0.439064	0.48647
TCF4	0.072856	1.0	0.007338	0.0	0.003935	0.001811	0.131292	0.001483	0.003441
TET1	0.0	0.187465	0.076535	0.033333	0.136815	0.0	0.762684	0.912366	0.119626
TGFB1I1	0.0	0.054126	0.391619	0.476396	0.391068	1.0	0.036701	0.18008	0.493906
TGFBI	0.106356	0.0	0.001222	0.001596	0.0	0.000417	0.000128	0.000797	0.0
TJP3	0.0	0.038181	0.367937	0.256707	0.218391	0.492021	0.004854	0.181883	0.170852
TK1	0.012994	0.087289	0.589025	0.132898	0.010848	0.1534	0.538322	0.175246	0.0
TLR2	1.0	0.025726	0.016046	0.016772	0.006884	0.009506	0.008722	0.00389	0.0
TM6SF1	0.071707	0.01792	0.0	0.0	0.002398	0.0	0.489075	0.01626	0.0
TMEM176A	1.0	0.0	0.000516	0.000337	0.0	0.000382	0.0	0.000625	0.000726
TMEM200A	0.0	0.0	0.2	0.151289	0.01129	0.202667	0.042912	0.063805	0.0
TMEM37	0.0	0.0	0.566067	0.043507	1.0	0.098631	0.0	0.121101	0.0
TMEM45B	0.077937	0.0	0.93543	1.0	0.145936	0.579349	0.0	0.103092	0.0
TMIE	0.0	0.0	0.759654	0.350314	0.814777	0.744532	0.015181	0.284402	0.167626
TNFRSF13C	0.0	1.0	0.012056	0.015752	0.0	0.025295	0.0	0.023141	0.003769
TNFRSF17	0.055377	0.585273	0.018127	0.003947	0.00324	0.0	0.0	0.0	0.0
TNFRSF4	0.004214	0.0	0.59887	1.0	0.024682	0.803591	0.211385	0.020813	0.004328
TNIP3	0.0	0.0	0.146071	0.076342	0.109669	0.064901	0.158794	0.513533	0.123288
TPBG	0.0	0.0	0.341966	1.0	0.0	0.385876	0.022128	0.078964	0.061085
TPRG1	0.0	0.0	0.542389	0.634859	0.266634	0.401648	0.199616	1.0	0.10597
TRAT1	0.0	0.0	1.0	0.702996	0.660946	0.631598	0.035609	0.329973	0.199374
TRIM47	0.0	0.042098	0.832753	0.923386	0.376584	1.0	0.055052	0.436558	0.396814
TSHZ2	0.0	0.025867	0.745388	0.929647	0.443865	0.501792	0.003289	0.032272	0.022696
TSPAN13	0.0	1.0	0.001801	0.001765	0.0	0.0	0.028151	0.0	0.000845
TSPAN15	0.030234	0.0	0.620199	1.0	0.141532	0.811046	0.107589	0.143974	0.043313
TSPAN18	0.0	0.002809	0.145077	0.392848	0.072164	0.127673	0.005714	0.053527	0.035492
TSPAN6	0.0	0.0	0.142857	0.10666	0.317391	0.105788	0.0	0.086592	0.267945
TTC24	0.0	0.384615	0.115151	0.0	0.18526	0.0	0.234716	0.837581	0.782926
TTC38	0.015315	0.0	0.006355	0.004462	0.002066	0.00621	1.0	0.057788	0.000867
UBASH3A	0.0	0.0	0.980812	0.776577	1.0	0.850034	0.006933	0.718985	0.759535
UBE2C	0.0	0.012176	0.282528	0.035724	0.0	0.094485	0.074308	0.121535	0.0
VPREB3	0.0	1.0	0.000314	0.0	0.000337	0.0	0.0	0.00038	0.000589
VSIG1	0.0	0.033824	1.0	0.686373	0.71278	0.965482	0.017201	0.529419	0.468904
WDR86	0.0	0.319273	0.43273	1.0	0.024246	0.626539	0.092154	0.152681	0.030285
WNT7A	0.0	0.0	0.620424	0.52227	0.433986	0.530256	0.0	0.10405	0.09889
XCL1	0.0	0.0	0.002604	0.006185	0.003554	0.001052	1.0	0.049355	0.000444
XCL2	0.0	0.0	0.00021	0.000823	0.001126	0.000933	1.0	0.031052	0.001181
ZDHHC15	0.0	0.0	0.799153	0.174028	1.0	0.0	0.180993	0.0	0.749453
ZDHHC19	0.0	1.0	0.022681	0.007409	0.027368	0.0	0.0	0.006874	0.015953
ZNF233	0.0	0.787196	0.235681	0.0	0.0	0.174526	0.160132	1.0	0.110512
ZNF280B	0.0	0.246575	0.123038	0.107174	0.065983	0.015185	0.208993	0.522054	0.105771
ZNF280C	0.0	0.074972	0.043645	0.081466	0.013375	0.027703	0.177926	0.219201	0.046778
ZNF365	0.0	0.0	0.0285	0.021278	0.0	0.042209	0.030429	0.024678	0.0
ZNF503	1.0	0.0	0.003897	0.0	0.00418	0.011543	0.015886	0.0	0.003655
ZNF66	0.0	0.391059	0.133046	0.243371	0.05708	0.197045	0.687017	1.0	0.224589
ZNF662	0.0	0.0	0.185446	0.0	0.198903	0.205989	0.063	0.281019	1.0
ZNF683	0.002678	0.0	0.014572	0.008599	0.004207	0.00745	0.159206	0.668966	0.02056
ZNRF1	0.967492	0.0	0.409067	1.0	0.056613	0.449495	0.035863	0.047991	0.123751
