Gene,CD14_positive_monocyte,CD16_positive_monocyte,CD4_positive_alpha_beta_T_cell,CD56bright_natural_killer_cell,CD56dim_natural_killer_cell,CD8_positive_alpha_beta_T_cell,MAST_cell,basophil,eosinophil,gamma_delta_T_cell,hematopoietic_progenitor,macrophage_m0,macrophage_m1,macrophage_m2,memory_B_cell,myeloid_dendritic_cell,naive_B_cell,neutrophil,plasma_cell,plasmacytoid_dendritic_cell
ABCA5,18.3573931631,10.1051082533,43.081696887,63.3460117429,73.0764683793,48.0772676918,29.597694777,25.8960081274,79.5060325086,39.5052896241,26.2450444912,25.2006793088,24.6308966908,24.9615024914,32.7153779078,25.8034660859,27.6525438391,26.22902496,38.1762854324,39.9719846625
ABCB1,13.4679525827,10.7676791188,34.8905752076,145.8139920063,119.9083196474,57.4775539003,17.7391911842,20.129205908,9.8940626725,64.5625498943,48.1834837293,25.3291102232,15.4641322982,13.5669881837,22.4714342402,16.5372854745,72.4009431787,23.3278412907,14.9636450605,24.630946564
ABHD5,62.8785675883,62.1846170178,42.7999062717,39.9636102918,72.5112558962,32.9409148964,36.503645961,305.9038894906,45.1452284079,37.2702020022,29.4352613499,42.279563341,108.2592294349,85.5107900339,31.0795910662,48.1086136925,24.372795797,160.3476732813,20.9114532506,43.0560665293
ACSM3,16.6745914464,20.6027615627,28.5598118383,22.3762071936,15.9214043415,26.5711110641,141.2194724773,29.8716008104,32.4085634425,16.1313000651,64.5054927332,19.4008540968,17.9351933926,17.6797588051,21.2418918962,16.4920796171,22.0781959176,26.2592236498,23.3557539772,25.0397297314
ADAM19,59.0135014264,25.4439134092,75.9288794897,27.9261372035,24.4258081194,40.2562818057,17.3581763919,101.6320191983,238.4446642121,54.904868296,25.0867069419,27.3222872979,36.5125864794,33.1125400552,101.2328465943,71.1653446481,144.9819635182,83.5209786985,78.255722654,50.670439569
ADAMTS5,21.4120304596,7.7809408699,13.7614611473,15.1442204185,16.798546151,11.2836218354,14.1321451334,9.3239294102,25.8665762193,10.7169678182,8.1446414714,10.3786831193,10.0810407268,9.4727676292,13.969448673,12.4763116762,15.6639817822,16.410819505,14.9177381309,17.5346859896
ADI1,175.2336385814,280.8209024232,101.8592763585,66.9854087774,91.497606168,65.1564251786,228.944860875,70.2346283071,429.7643981206,154.0195243902,506.4890763186,277.9636174475,48.6164935988,79.6439984447,167.6288389312,95.0873709212,112.1409260881,121.6727995111,283.5919450047,96.2211997863
AGPAT5,60.874784471,34.4773596139,59.8960037131,42.977801686,37.8346322665,61.0887120927,138.774290889,62.6421186385,29.5463831834,103.1050945849,225.8209591305,118.0549601253,50.0999964106,42.4977759995,69.730674919,33.0068093182,89.4021423176,26.8342752489,42.1446658017,37.62545468
ALAS1,72.4811629307,49.8166791888,50.166539622,49.9339161406,71.5416295924,54.2315181851,91.2761523411,54.9959993893,116.3976747364,227.1153440992,109.914421915,135.2532938194,87.28358498,64.2730689273,64.5551408629,69.6480388286,51.9938958616,74.6560630287,63.5500197695,36.4148413567
ALPL,20.8884327534,16.1838205193,20.8067118688,19.6829951988,17.369866885,19.4364122351,12.2248908914,13.3522053669,10.6101485056,16.5213834337,11.6686525101,22.731139384,16.6501139257,16.259466308,23.7664901111,16.4226468288,31.6477298586,176.0861151091,20.9035357844,32.3882758381
ANK3,20.0376416397,20.5722205254,43.8898879181,23.2815178377,20.9451779871,33.5107380727,21.714310698,32.7253348732,17.484594799,43.2804696763,21.1435139701,19.3737493947,17.383140333,16.6237016304,36.2942363218,28.8812209437,16.5101345278,26.1860571351,18.2825309086,71.2294607035
ANXA3,16.3708950315,10.7583484053,13.8531591293,20.1180926072,11.5602262138,12.253115737,20.3588487928,44.4209803839,16.0593855484,10.9351192136,43.3153269452,23.2597217536,11.542701892,8.3755259469,14.0431161041,24.7795728395,11.0066870397,221.181654507,14.9484829538,21.9470387029
AOC2,18.7284443191,24.8945890301,21.7657317247,22.6079711055,22.7853676907,16.9685179611,23.6140874106,24.2183084473,22.5532548715,21.0070108067,10.8879355597,21.0985690512,20.5214348227,18.4008516834,18.5478936383,18.2120567002,24.4228891967,64.0478550446,23.5162509101,23.399560111
APOBEC3A,201.2817118925,214.1637925077,37.0978996375,35.0973243494,48.4399734606,22.5956282872,16.0804196703,112.711082653,121.9536508587,25.0040923295,30.1265756625,65.7084871933,263.1316113445,37.6127076872,13.5643594921,30.4156296233,15.7391624766,462.7379984935,16.3598717179,19.9319059686
APOBEC3G,73.8576591347,128.709939057,77.5858092619,123.7862552137,162.7945507788,148.2138739643,49.6623471733,60.1088861484,31.542473682,115.9710513119,90.6101768551,49.1977424917,114.3120673409,47.0785074904,112.6783963896,97.191192312,143.0002148076,72.0545764396,60.3738229847,108.0505861551
APOE,15.884145055,13.1897589808,21.4262391254,19.7947433191,32.4290260066,18.7958049003,28.712682632,11.3162328898,20.7997448091,13.5942092859,46.3646337347,538.85829943,770.9806356954,468.9857840743,21.0866023597,30.9708746216,20.2209404508,19.7299002356,21.6279567076,41.5550913116
ARID4A,57.5640568202,74.4110781663,73.9356384404,70.011649069,357.4393160282,91.2636069591,43.1172109714,94.8552985254,202.3558235641,74.5350516404,87.1612614351,38.90007583,62.1148064487,77.447608648,70.0776857239,88.4770070317,88.7817944398,131.7498765807,33.691422843,32.5544470584
ARNT2,13.194816794,12.8679071547,13.8845671884,14.6277663011,12.6348984383,12.270679359,18.5625243208,14.9814384833,8.278741684,7.7413243619,15.9933589216,21.7571497742,16.3741988774,9.5753167089,10.1022263395,19.934760409,9.1734923732,15.6189899791,19.1447947921,146.9343120392
ASGR1,140.6002952373,272.6300423065,36.8322243046,17.0398195403,25.3878898413,25.506307377,25.4143339251,21.6267489299,12.4886109957,8.1580537359,28.0632038283,53.4018710101,81.9022716222,96.5472017311,13.5795345163,58.380339626,15.0456878124,26.2243489525,14.2375894231,21.3877257514
ASGR2,142.259310444,51.1043411794,31.086517978,19.560407179,25.7932289319,21.3362283982,25.975197974,16.724040327,12.8935775105,12.3896885916,31.629567868,16.9995270888,30.6919868983,66.2225381803,14.1856408274,60.0455432621,15.2292471111,26.8269199183,18.6514235356,13.9061463982
ASRGL1,74.4118480094,68.9280548629,25.0296368996,24.3826920252,30.2675931927,25.8688012969,68.6749522887,98.7185097209,114.8737545671,28.7063762426,105.5980797208,145.3143632364,31.9706867852,45.7223724345,29.1163767418,27.164826723,26.0440549744,55.1598436254,67.1224235063,25.8407425709
ATP2A1,14.159642686,11.7738316928,17.0367119885,19.7696355703,12.2784130986,17.7400064091,19.5148666534,12.2372998066,11.3819401731,15.6025204715,10.2677197691,17.1882481701,14.1531521795,13.1666046075,20.0586516007,15.5011498247,17.0397930001,18.4361552653,21.6769752842,65.4270329125
ATP2B1,88.3564615887,109.453155775,68.6292033339,52.5120332841,302.7934342674,76.4956534835,50.9073701389,63.1149198072,97.1408065935,81.7513974408,81.9590318541,25.3261538512,40.3215196183,63.0840467838,123.2892594111,101.9942211652,71.1405934832,194.1341891868,29.3191277697,23.9818856683
BEX1,22.8823456942,20.7222563492,30.1488890686,25.4256040322,17.0544125367,28.7719673721,79.5513892938,45.8415714104,31.5542774895,25.7763162794,426.8837476119,24.3783344323,18.2106122152,16.8600578369,20.0398244762,22.4122963319,24.4076660034,57.4798417852,31.497680022,18.3505458938
BMX,16.511540505,16.4428095822,13.5906408975,16.4427495654,10.7060699018,12.1918026296,14.969839438,31.5890668194,17.9717161194,9.5507802866,15.9462480937,21.5957495636,14.9787271514,13.8111686331,12.9685283628,16.6403892074,17.9383889638,76.4166152432,19.7555653886,28.4304771628
C1QA,37.0253170203,191.8128133618,20.0153647872,16.7973567495,20.8158278544,15.0833538412,28.9446709772,26.4183025798,13.9438325188,13.0954485446,66.1368717811,217.7480754632,183.454526674,174.3966665967,14.7688331095,49.5382556619,15.2137183016,18.491922022,39.7621634676,42.5093284838
C1QB,32.6713727831,132.2318013356,22.5348238896,18.7839391152,19.9794449542,14.0915546766,23.7005964514,9.3893067114,20.5615661301,18.313905528,68.5146114287,205.124781289,760.9798946774,415.5917569181,14.1424851229,50.6050688773,16.1739060213,22.0531109139,34.8154905695,22.4774216354
CA4,20.2725302539,24.569422942,21.2570889785,20.4064740168,23.1545851095,21.4646221067,12.6561142091,33.0261369025,30.3535479247,16.8218741436,14.8443282636,35.9077146411,23.7859348001,24.4400376568,19.0197086851,21.988090173,15.6464960373,155.6536833856,15.1333866188,33.579161044
CACNA2D3,93.2218140525,40.9640324648,22.5188412033,19.8411069149,20.0919569118,13.1643629062,11.7100150828,8.6495511507,15.2457013152,15.9167565075,20.8047029928,27.8238199204,14.9960633524,16.4571695922,10.8360073992,46.4075081346,11.423714377,15.532819468,8.6201601712,20.4953420069
CALB2,21.3092888684,18.1288754327,18.5912926802,26.8109088685,18.0055285851,19.8749021729,501.989055751,20.0738120834,10.4743178271,26.8327226126,16.1464061013,15.2713071923,19.9184850503,17.7729197044,15.9647237269,28.1509126716,15.72169716,35.2625574943,30.5581638622,22.5273277378
CALML4,69.7698841674,98.7959534555,41.2175507378,32.3054280503,31.6350828754,27.8048431224,20.5621758892,42.8611545391,13.2820034598,25.3203125754,27.9430859795,34.4194791893,52.9531722372,61.1260322445,25.9960120236,41.9161176143,20.0034675148,35.7853750214,41.0223297046,25.3456694066
CAMK4,13.6187137521,14.2366861275,96.2728960916,22.4972439698,20.3219032079,102.39163746,12.4049827945,12.8965225943,14.632958633,57.9916195881,8.4472032354,20.0555439613,10.5683970622,9.4611819183,22.8311320372,14.9280677355,20.424546874,27.8958370211,18.2344760956,11.7260743576
CASP1,447.3547392528,368.5228716219,95.6656881954,130.7139959572,197.4982857986,137.9322675579,38.8121451181,153.0446642741,155.7097020893,180.3195318795,115.8189521202,31.967737566,227.5596944629,128.4629017565,120.6133412871,197.8247827306,105.068919835,261.4303161549,76.8836923449,14.6664472321
CCR2,164.8844844957,30.2652706939,37.0974774247,26.6584944406,14.5073825125,33.3233808376,18.7248545749,55.9501774297,39.9429420902,62.5404188873,23.7861937704,20.9358926922,19.011265275,26.2529985249,51.9703203025,33.2338287142,19.0047415862,37.5923475213,151.1572493646,26.6577255917
CCR3,19.6875962142,14.3091728013,20.6459952653,19.7297258391,12.7433611519,18.5486246093,18.589270774,208.7621735503,764.7953969596,19.6076792117,13.9165240297,30.1688613843,13.9441342651,15.4108147035,13.7897297271,14.484536004,14.0982102443,191.3051260693,16.019648262,25.8213817063
CD14,1218.8608416454,463.3632383037,79.3280472387,52.5927962322,25.5034077954,23.9848795548,34.1052755957,34.1645484336,12.6742925656,8.7684892355,64.7631151333,358.8404586004,1312.1603283701,544.1119380981,12.3386501205,125.5859985544,13.0347030282,507.3370401444,23.8173412414,23.9555971654
CD160,17.3645450253,18.282045573,26.3625089966,228.6333482905,339.5480770979,107.5091997118,11.7655896899,15.0281271294,23.2649384507,81.409389013,12.2893982275,15.0612783534,15.1992021758,17.1912422751,28.0928694099,13.8769941391,40.3386330722,31.8609967089,21.7760220763,20.5950337311
CD163,163.393543198,51.9671343342,29.8290334157,29.0671936064,12.7378238699,15.5921671274,21.5854511857,17.0605984356,17.7078294422,9.6994002757,52.1249033456,288.0571510402,323.4254144829,326.2520052855,14.8801482097,62.3903432341,16.1980889531,32.6102375315,21.0171677731,18.9786207264
CD19,26.0139983249,20.2783663339,29.5645617062,21.8560759322,22.8622011631,22.8090576607,37.4761383601,13.2503612489,19.9262877227,13.823399615,32.2807288477,48.4466364648,30.0320934291,30.3719266386,351.205087167,17.8634935083,609.4336481637,32.7280857866,46.4598004718,17.4568649396
CD1D,259.0274395951,195.6537282861,44.9663550926,23.1776581081,58.4551424421,17.7007780929,9.205693321,16.1154226023,15.4903546166,8.3280229873,19.2983437921,20.1157900051,34.0515410774,24.1847558485,65.3958976746,43.393285809,79.0191733311,45.7622695846,66.4471237109,18.1969412302
CD1E,24.6331860091,25.2736426123,19.3258432752,17.7889801428,16.8941291778,14.5595908863,24.6451816377,24.4736894138,13.0740447261,12.0015528654,14.4589695925,20.7767061347,22.4791236298,79.3996885233,12.2673780307,92.7171712056,15.335599144,20.637657101,12.6012000126,32.3675177657
CD207,17.8245716561,20.7810877843,17.7918155289,14.2915144874,12.5338520219,15.8286659161,18.3290167614,17.3093580514,9.8522568761,14.9681329323,12.20653211,24.5922381661,11.7358545893,15.3692749905,16.0296586182,68.2635430066,15.5333369642,29.9601498332,20.1724169699,22.4224600334
CD209,26.1570342645,24.7151031209,21.5114637804,25.0664738868,20.1997216699,19.515797377,26.9945731739,11.913660704,19.6246986292,17.997296323,17.3624301684,139.4540319978,180.5670871945,642.8425965167,20.1432539062,29.1566561814,21.5625495615,32.4160258024,29.7274209093,23.4668672354
CD38,39.0692542593,52.9513566378,51.9299727379,125.8897763546,115.3197478093,48.6053407782,32.6691879143,26.8910274408,29.3004138407,84.6312330406,137.1233460832,31.7559072712,341.629036943,31.6031121024,39.3803412229,57.6072479036,46.4931272207,34.5848916362,950.4930806002,83.3318239447
CD3D,33.2706942002,23.3002815874,494.4703692607,61.5937379179,56.332077973,989.4824596153,13.403536394,15.8342591427,27.1799675033,1734.6826331396,26.4510860443,9.8491648327,19.4498392515,16.6520119803,18.919755632,22.4070177789,18.323982896,53.1722713562,31.4904872301,36.9327718135
CD3E,28.9530604879,23.4278991765,297.2120613723,91.5205995178,54.4506674717,313.2516163483,24.7798557575,16.1872153296,20.5155436142,306.6140844317,23.1511020688,31.3083007026,18.6637645523,19.6041012916,25.780644494,14.7189034962,29.7332369448,36.6654808463,63.8093081192,28.3558804041
CD3G,20.0364502853,17.363540727,292.0293503043,47.0951754217,52.7273128516,510.882732013,12.9949823112,17.1537620771,12.5597736041,243.0701365008,15.105750387,20.4437969906,12.800798541,14.3684959117,17.210582757,17.709718241,15.6071254051,28.2170750964,20.5174361294,21.8578058435
CD4,74.7161301251,90.3824231703,120.5657427142,31.7691964597,22.4985705739,21.5735083437,15.1993979848,13.1778849616,23.7391816758,11.8133933825,27.555025708,116.5693973731,105.5719239857,152.7335159371,15.6277032445,36.8461117997,19.1921246595,30.5916291823,18.9809474081,35.2053851425
CD40LG,21.3161518368,23.7349530707,111.2902916581,32.1835239612,9.4606292295,27.3364648313,22.8354223506,11.0904852492,14.263151476,47.0825552721,30.5447531472,16.3409778961,13.3792327664,13.92116058,14.0120187312,14.1912796394,15.7946080176,22.2364026984,22.2340235702,45.8857013104
CD79A,39.9746253984,31.6615345142,50.4189401941,34.1413583546,27.9037439705,44.2834831525,21.8708341281,26.1380678591,32.7671065769,27.1253666167,51.3020576786,53.3675889924,34.0867916674,35.9904140893,517.5152401255,24.7806297541,895.1168897884,47.6043666492,215.0423202138,22.4951216714
CD8A,31.2988009557,17.3055976421,36.4673419942,229.3036514932,120.3848474887,1501.6155017032,30.6000724268,18.2680756482,24.9116099056,75.740907962,24.0047141238,23.9269581621,18.086649101,18.9818746601,21.0770996434,28.0473850409,23.001117791,67.5952842055,30.5665126873,21.2407923526
CDC14B,24.9812427041,15.0396123538,38.4727464078,39.4600623683,26.2855839464,32.8021800029,16.7402295555,65.0547597942,39.1872373925,24.370405484,24.3899318796,52.0232643529,19.0403190633,14.9042073342,26.7089239045,23.9490237907,19.2443053403,30.7747876879,24.2753281078,20.8791018672
CDC42EP4,56.9558814451,176.2484541895,32.8987023622,28.9205465792,36.2027168496,24.3429163634,30.3428272941,192.8707767099,28.9653479172,18.4021260784,37.7268040626,68.1793952054,118.3100484277,86.2835768765,18.1443525776,81.3676649255,14.6339453181,50.4049585058,27.5686433172,73.2664138215
CDK2AP2,79.1788908696,127.5647821361,90.9673348719,96.7170578258,91.0670448065,92.5762568525,55.1288625271,102.0826218458,68.198949324,138.9557643478,60.6399593051,86.2017432537,50.3372767359,53.6022803426,82.8437405388,116.8573925264,79.9657855121,66.7507474736,200.2386125564,111.1923510386
CDKN1C,50.6999314555,252.4298789163,35.6694605049,23.8845435598,69.5985769618,23.3895028961,25.0265654273,42.4448523864,17.0154430149,11.8343727774,38.3715756913,18.6595203206,23.538319542,22.066925729,15.0124028504,24.418623139,11.9441531768,41.9088857867,17.8964503435,12.2279165129
CDR2L,18.4974585576,18.0866310556,17.2326969868,21.7535698068,14.4900311505,22.6916560407,19.7488521701,15.3737680361,9.9110588843,11.5394475735,17.6201799264,25.4365279557,23.8442029929,76.2879230449,18.1070108118,29.9476891148,21.1012852791,17.171500588,13.340490004,27.8437879013
CEACAM1,24.4162226225,40.613383051,38.127995004,29.7270458276,19.316396321,28.0967117824,46.6542827795,211.6806766825,74.6071347977,35.2608755185,22.9541800739,43.5077753593,32.4984475264,24.8175513722,30.4488715571,16.5548901739,28.8653765873,123.6176651981,40.7097527826,39.0986378685
CEACAM3,34.8331969272,71.0649839468,22.7043003039,20.3027874682,41.0940029268,23.4980195429,23.9152220029,23.0976410661,18.8391859495,27.0763583817,21.9165066925,23.9528567769,23.5474523072,22.9946216208,25.4224617855,21.4855078668,31.9020105692,152.1991868949,41.5757037825,25.4041832214
CECR1,539.8794125291,430.3266894271,158.8272698366,137.2149999755,250.3153375732,164.6530974519,24.6668258758,61.1574723741,124.9344685469,201.1132789083,197.3157742451,138.016724696,145.0883627464,179.2025961969,198.7446840106,177.4315467421,249.7297663866,58.3119009951,847.9428125421,143.8594742384
CES1,144.5041653914,41.9522853477,30.7628953834,22.7879471527,62.2735643017,24.991685551,25.3865977677,14.6385541985,29.5637934543,17.7626025176,19.8014617686,55.0707801506,83.8481603895,43.6479471172,14.9562472649,58.4603494807,13.4524869273,28.6855937426,16.1959645633,34.8128192354
CETN1,21.4093403836,24.7302536531,19.101365957,23.7117837021,8.9123753546,18.7008059127,24.7480603058,17.8586371297,17.0833926903,21.3963502678,16.20629452,24.6370903494,13.7459945041,15.4294922372,19.446515066,16.6249424485,24.8956921781,32.8343942513,43.216523361,30.6771182385
CFB,28.7260925443,28.7806314744,17.2293338898,17.6712455983,17.666322681,15.2688900111,12.2789803195,18.7362643232,14.3344402285,10.9848561487,20.0201829211,40.0380515365,468.5396626138,64.5094872785,15.8767518362,38.2657364436,12.142436273,18.7489688659,20.8573038548,20.2614923802
CHMP7,84.9301858061,83.5042134548,148.4095574773,54.1481725194,62.9564066278,123.6590611596,52.5579282389,60.7898701198,73.1873833644,117.5180617307,161.3755581923,99.1481948892,45.4144534356,42.6746486133,197.1089896728,60.2611417148,268.4935999773,69.6298107116,60.8351800608,44.6012772235
CHST7,86.8226099246,294.5621389246,60.4907875265,33.7500163431,81.5820685091,43.8199677296,20.6042778912,36.1363772817,12.7228702525,49.2840176067,22.1817625051,146.8261925356,129.4645420347,145.2959084785,16.8804582002,178.9400546396,12.1931956447,186.548195502,21.1365438456,101.5312836371
CIB2,22.8382669541,23.8657278508,24.6719630784,20.8215304798,11.2093524033,26.0205308837,23.3615130963,23.1429283094,16.9888702152,19.8939987495,30.0670709591,21.1657261941,24.881341383,20.9054785491,24.7029759069,22.7500386596,21.048594982,22.5885113568,31.6207410993,135.8541956534
CIITA,36.1596650066,63.7976802804,25.255293848,23.3253716106,26.269897879,24.7455518889,24.4423872785,23.4745199503,29.7369730927,25.4726796158,38.8666481325,67.7929088036,44.1762296203,57.1880771081,95.6590238308,150.0023013098,121.5502313788,27.6347057853,18.8695744991,67.8443476493
CLCC1,35.9346468578,35.0590925284,40.781888267,40.60364863,57.9271600563,32.7275397889,39.1696542396,37.8668148241,36.7242765941,40.4469920707,51.9667454217,54.6014621732,35.0555664419,32.9325952811,42.2477679874,51.8590698424,27.7891818042,26.1390338514,41.9271443696,39.6874414962
CLCF1,48.0551166647,121.3992867226,36.9326573163,43.7409855781,68.0768780332,43.3156826843,41.3465113886,40.8018327845,58.8254193089,42.4951360644,42.7490615538,44.6829441888,74.8966635652,46.9683532174,42.8098693697,59.5720842695,61.4017362559,57.6686754968,47.741279459,24.7144781864
CLEC4E,98.5540197224,49.1399918986,21.1189424712,24.7398109058,11.1372371614,17.2742031544,18.3684310581,27.8973877055,38.2336453964,19.4521144095,19.5162216611,56.040774917,58.5376792625,20.1676787746,18.5855817552,31.4565831834,20.7041454079,280.0084598148,23.3670164269,23.4916740779
CLEC5A,97.521920558,23.2597540682,19.9265793274,15.1610874266,10.2246715515,12.7425742964,17.1999704636,18.9016631511,13.6396495093,9.6181546992,13.2964526802,191.7649953363,109.7549633742,39.816376358,11.8648033136,61.6336692677,12.9829274787,56.2267593228,16.6904651786,27.5138998447
CLIC2,32.7534066863,43.3248662086,16.4041478592,17.9287636058,14.5343307803,10.729874514,10.7788878343,22.1614962572,10.9369699225,18.0556314261,62.8222342191,63.6522410766,73.0832408746,124.119721543,8.6115761729,202.9639467729,7.4683872474,26.3459458969,49.9555657361,43.3982531514
CNNM1,18.8015305684,17.6103023075,21.8796479043,24.5332145833,20.5188452788,22.1354843929,15.2341052588,22.2218589184,29.1990482675,19.5413612258,15.5882902962,17.4534987708,28.0615403504,29.6052579642,17.6656149948,16.4153465959,19.6178939805,30.3938425907,22.6215401787,107.8466078402
CNOT1,140.8500670465,83.8348787246,139.1820965184,81.2723708828,228.662151116,127.6277602245,138.5490071497,122.7605196271,131.0104128859,176.3468061158,109.8844620817,108.7384461826,82.1602369651,94.4983749001,230.8352718659,100.3639707042,260.3170197147,102.9307928122,220.0375205652,69.8515071302
COL4A3,12.4399568072,11.2566722679,16.1381263471,17.4947004793,19.1242013687,13.9781456927,10.7590702936,12.1732527664,10.7035520042,11.4698200042,10.0424427557,18.2268061903,11.5379759177,11.4081846731,38.988917912,13.284152118,19.2958021147,17.288590838,16.3964686722,24.6565427767
CP,13.2037511002,11.0451958513,13.8372927084,21.3407042339,14.0819932058,11.3697041528,8.5592707292,10.4028887845,21.4982214073,13.4851229681,14.2422473313,18.5048287786,26.8312559612,13.1881981138,20.7094196889,13.8299915268,17.0036415214,18.1156877041,21.6810661982,90.8401551774
CRISPLD2,180.2384047802,53.0308518362,32.2931996295,27.3218850135,20.6001477928,17.6109859295,28.4524963574,194.8859945366,33.9774714276,14.7836933224,23.0123285117,49.7327025194,78.6756721497,22.916826584,23.7617764757,22.4275799981,19.1954500513,138.209887067,31.7731199821,13.1035911188
CRLF2,27.2574483344,19.6781938264,18.079319374,19.1553916905,11.4033912121,17.8610798611,29.5218607749,57.2414052385,24.1650158939,14.4115533504,20.3466434762,37.1446800932,17.54946448,15.3619471053,13.6688666205,97.0862767374,16.0326747742,28.6098473587,28.3309838486,30.2512798423
CSTA,574.7465297532,401.8013434699,29.4846939908,36.782891245,61.1149841582,24.4964762488,33.4080653638,18.1244392307,85.1898313676,16.8597856388,205.5933266526,34.6517443675,97.2224356438,85.5735774526,15.3595363782,165.5273049953,17.2595791282,293.7510535435,28.2778417695,15.4424117935
CTLA4,19.2157061306,20.2542207945,129.8358032812,21.2099879842,16.7610733595,41.0568599921,15.8600400089,13.4669452961,13.3441339906,39.6953624612,15.844904726,24.1888681628,18.0044865168,18.6414846837,18.3307365376,28.7375841056,16.3912543357,21.0891555225,20.3502833785,16.4777983429
CXCL10,87.9219030929,115.4718369388,31.6682335175,48.7544635936,10.5600328832,23.5509624238,27.6098693445,28.1710395974,21.5372996249,35.8663021558,38.6337068863,28.3336035011,950.9855097397,24.653657016,19.4138129613,88.4380002577,20.9069904676,43.3584076134,32.7052065909,94.7495256586
CXCL9,34.9398701907,34.9841350503,20.3122147668,38.2719732594,13.8158326941,20.7781941776,12.590436564,8.4624267853,20.0206756619,23.7674807255,27.4045212621,19.7885046994,557.8248546935,26.5171107301,19.5857852833,30.8488390978,22.075279316,31.4544052448,30.6977067758,41.3751893245
CYCS,85.0248982937,69.6706725514,102.7156897511,66.271033081,316.5942886032,187.0283831764,504.8027012131,65.0921530686,66.8565910422,243.6024197851,170.5079624378,47.7833334558,56.3536431956,70.4242460982,171.6617042023,90.5036642353,174.8771412478,36.090457878,740.9516789161,59.6401944466
CYP2B6,14.4654042594,14.2729003981,16.0220793591,23.6973911788,15.9673324158,16.2172120407,14.0076381661,13.717393696,31.5758303637,17.4293642449,10.7862767226,13.6709702071,12.7815312376,12.6311775614,21.6956215901,17.3155376819,24.0024266169,23.3060828636,15.4472679926,83.5290797717
CYP4F3,22.859064725,16.1654625181,17.0607812805,16.2584310423,14.21587399,12.5557706783,16.834858436,22.1167167928,30.5826411687,21.7783173788,10.2521616929,30.9901007929,14.9127308867,10.6635582659,12.2680099074,15.5561128985,13.2115151422,436.9726259157,16.1217493633,34.5700019184
CYSLTR1,43.0472397477,110.0226911408,61.8798098319,52.0173522724,43.0709067604,17.8848049138,8.0862583608,59.1553370684,106.1084008734,19.308746895,44.604991948,32.6298558456,47.6646415614,52.2696313293,70.7039836293,43.0254697472,62.6963063909,114.474511208,13.564896646,51.9794692594
DEFB1,29.626283185,18.6312060585,16.8285944946,22.3575015687,7.8248307287,18.9285197725,18.4231838595,14.9716951154,15.760136699,14.8458460656,17.8240981131,18.8084608106,51.5534718501,16.5438797608,14.8663303618,21.3306741378,15.8557698321,26.4204328365,18.3310291431,25.3965503039
DENND3,92.1793225085,205.5595299303,45.5219918398,84.5477771716,98.672076442,42.420209749,19.7726194085,233.7916629495,138.4685809165,70.3614144218,58.2951979331,77.2628862526,75.5964794437,51.239597125,82.4976038921,87.4667506207,122.0822990327,229.2851952977,102.7264091263,17.9257361277
DPYD,164.6202964493,100.8119196385,77.8056860295,68.7207877066,111.4858178772,51.2169939727,24.7286903302,99.2929652204,30.0375508773,61.2623795091,36.6649392414,58.0412275349,136.5678673748,160.4216423337,27.5297234615,57.577131113,41.3120496514,80.1450920573,23.1393423923,12.4748096301
DUSP4,20.8831765695,12.0025032103,58.7818828175,37.9355142922,31.8252321182,47.9645879787,190.3178905016,11.3661432269,18.0769669806,214.3213446479,16.6960444956,30.5288812262,15.6191609863,15.8790183219,47.2474639368,46.1563690624,21.6728451019,17.3387708896,33.7208856383,24.6965692289
DYSF,201.0213036207,108.3294468409,31.6157590568,63.8663635098,28.2363034843,33.2700414802,33.2364753209,29.9327106273,26.0681176627,32.7499204831,54.1516934133,52.3554977649,81.3187746373,62.8472650682,16.8515562397,35.4599173766,17.9160959128,379.7752738734,34.1002507967,28.8374531555
EDN1,25.9244630745,30.1319081867,21.8717763597,22.589797253,18.9943557215,19.5584928734,24.8171837701,24.753405263,21.7279218679,18.7998146965,22.7428542078,29.6704544426,222.1283691969,41.4514875143,19.1987493582,23.2453099263,19.660712639,66.1014015243,25.4196991416,48.4699456514
EIF1,521.0260327965,1362.3691810375,864.0347868695,282.2918075124,1474.1363317354,1022.2378405891,230.7808022866,2161.6098552214,444.2971339104,461.222314652,622.9503429161,634.9566055756,1127.3876280156,1147.8094667755,665.3015201346,1023.5663424322,751.330606607,352.8301682629,771.0876206102,93.6861890912
ELSPBP1,25.9680939275,24.7529860759,21.9799896748,19.9696745564,14.7466291639,18.0344645015,68.7494567686,8.2460140124,23.0230366508,25.38523484,17.5754466245,43.186316983,12.4177946339,9.0975662273,18.853636092,13.609451056,22.3649952699,29.2110307806,35.2969089701,40.7530605007
EMILIN2,139.4097467458,355.1855262698,61.4125053073,40.9494389342,51.981706561,42.8441039742,20.5028803434,743.4735371783,31.5291583089,20.555002889,62.2986596524,345.6783580077,559.1490070688,596.8402081479,29.1090885481,372.0923726371,27.8855760239,69.9614349731,23.2477916693,137.1623762675
ESPL1,36.5450048848,29.3030134033,34.8307670823,32.2453285604,18.4808006911,34.3355023173,75.4298078189,32.152918504,23.0285513859,138.2859028079,98.4667651697,52.5333124048,51.7491942217,49.8551052127,40.2956046051,34.0612478964,35.6216687812,43.9489803801,44.3695301065,81.5400935845
EVL,109.1319103505,576.5245977736,483.6684470655,344.9462160045,316.9537431119,475.7815281034,88.9893179362,430.966347575,171.0769218155,329.1512959206,123.6708570884,200.4627407761,325.2328197768,792.5258006776,172.8872923237,272.5203613614,312.3915453558,75.3440287383,42.6464159804,77.8175459797
FARS2,43.7070836574,90.793658255,68.9149369195,63.2904977314,37.8869211065,57.63681053,34.5576163526,52.952855664,18.4435344032,40.0553710655,83.5124940058,59.8857678944,71.5023915749,62.2775165599,56.513473057,68.4676269383,65.4010301461,30.8696356901,43.6349038202,56.0814389985
FBLN1,18.2921915123,19.691253874,17.4633958824,15.4929820788,17.4044868378,16.2670807377,19.2791094114,14.2276347983,14.3347317571,15.6313876432,18.240152191,19.5584743697,14.403146009,14.1237674097,18.8607372613,21.8955842791,16.976734047,22.5432310209,25.8474341166,66.3233502693
FCHO1,43.8517621355,97.1820888625,69.7890431609,46.4357934944,33.0634991379,54.1601736134,38.8412153712,46.1617558101,27.0320577081,42.956814313,42.8914271609,42.1680687894,52.1143895942,67.1947682598,54.8574400777,36.2547069706,70.914526295,78.9877021241,23.6106557882,47.5060369067
FCN1,2067.5325819455,3371.8261940668,111.866939238,64.369283332,99.4485472106,37.5530636749,24.1204774475,66.061270532,28.8642139672,18.1641337322,92.5350098606,195.2432419005,507.2784219679,357.4507729193,19.6100941256,197.3510583774,21.7872750535,317.4604055748,39.8367522638,16.9776752304
FGFR3,13.1808133119,10.8344077794,16.162418939,16.4169326346,26.7621988696,16.2725284878,18.8626012329,19.9968185803,37.2818054833,12.8532192649,16.2941617719,19.3833904246,21.1964495946,20.9016077182,12.5701914911,22.9841474926,12.2882399803,19.316769855,16.8109760562,87.7973813717
FGR,877.0522505024,1154.6841712673,67.6244935975,240.9716659817,321.3166027838,85.707276738,48.7953118998,111.700556717,429.9028527722,66.5269252492,80.5546954944,120.3041188519,230.8969040186,224.0911632549,104.5049507489,236.8594707976,104.6493238738,561.176183474,23.6655905658,36.2511201907
FKBP11,54.5704678189,68.4017511185,152.2115486403,250.1514897091,306.6674632821,232.5187051262,40.3620159365,100.7646200711,26.1037621218,379.3984914903,146.0511916217,34.7417540507,56.9846918422,49.7784356073,103.401988864,81.8310972838,55.7007211172,68.0676485412,1555.1602214892,59.7670357595
FLT4,17.9604603612,16.1121248102,24.1918757621,21.6483991875,25.1105310927,26.1113631113,13.3565125917,10.9723732465,16.2730344529,19.9174171117,16.5053491086,22.9342787208,9.0571309822,10.3526789013,20.7650772969,16.0880515494,23.7866576957,21.2606271686,12.4497387408,27.4943167441
FMO5,43.1614652323,35.3279729758,20.2048651582,31.1997691629,17.610997714,15.004662464,32.1104104787,42.9535179459,22.9827661017,12.8415620538,20.3359149145,20.980371628,25.9032741326,24.739770404,18.6655096149,17.7657055637,24.4987697073,24.9945598441,12.0486653433,21.9146927018
FST,21.6655698324,12.1672384001,21.2463004933,19.6840310045,19.5518732887,20.417396387,81.7607341722,14.7812613424,27.452387121,18.0970177405,19.8229849137,18.6290891422,38.9607430897,35.1748738766,18.02608319,19.5586164745,17.2672756662,21.746248034,26.5346559331,53.5962604262
FSTL1,18.2018516995,8.0115847192,15.9974483765,12.8355844902,14.0671496101,15.8962433061,25.6824391014,10.4998632317,21.7871350721,17.8105112553,49.6610722185,15.4385381932,16.6399801723,14.0253242601,14.8386676214,23.4836031312,16.3624637289,26.1010890509,27.3296677067,22.502408086
FUT3,21.8981053942,19.4687121581,18.161490561,20.1969859559,17.9091566494,16.9923440882,14.6419777557,10.9353555444,17.690900603,17.4397717599,16.4677994319,33.8175128932,14.1302507025,15.8780894529,19.7208891156,16.4872786444,22.893138185,27.6817718215,32.1139360867,182.626627307
FXYD6,84.7612807628,41.871297666,23.4022697934,20.8212908147,32.3336921779,17.4009451445,15.296915171,9.8079002848,12.5057767382,11.878677321,55.5029707419,66.6026996121,71.3401611978,36.1649567823,15.0815797256,27.0417447841,18.4050691005,23.1262281295,23.2411595172,58.1043841058
GAS7,130.0359375583,88.1507154816,27.3610179624,52.7203456124,71.7109961635,28.7045311096,50.4829463859,22.696179192,35.8755068606,34.5482160106,33.6497102213,69.783084585,43.7438867786,56.9490236306,32.3129440779,57.6012297323,37.7226106671,102.0873387438,28.9120779159,38.0518107185
GATA2,37.1031075773,23.3805518927,24.5021586696,23.4772183664,22.8385530917,26.6299834586,84.0981230287,900.9113666679,48.7064730309,29.9235822767,120.5465771126,41.4577377981,13.7249630754,11.8630588823,26.1799754808,17.3218040742,27.0505480471,43.4825288378,42.2983172862,26.7473362453
GBP1,150.021316292,138.4376248546,131.7108152556,130.0954553498,137.6884806458,168.8761223461,54.1959013964,35.0059637285,38.5492719793,136.6324772797,52.6037266181,29.2741241251,896.7194524008,71.2732392684,57.5693027127,138.5008429716,52.1610363039,201.5976669254,23.0812081439,13.0787284448
GCH1,270.7925890433,293.7851532029,132.1649523217,216.0294651723,718.8957886405,195.8943772024,72.6468747337,70.4946925935,70.9283750316,815.9165705613,223.5638154643,19.6317027256,137.2616674157,19.51713991,217.0440147875,73.215344434,200.0193739834,144.9619988888,39.5716368025,39.5325016656
GFOD1,66.1387594196,159.4712814546,44.0150691946,185.5033472957,80.9370166348,59.6621932924,103.9906778497,57.2670909509,160.1167478241,76.9878851056,98.6180273185,116.7024042283,85.0442029955,121.4001913622,83.586938428,66.5104420487,67.2753326691,105.5626918983,92.3119901558,39.9458852092
GIMAP4,522.1604630555,534.0291956724,355.5067024879,444.565069518,337.5113386557,328.982840142,11.1236027008,23.4877461375,22.4124086227,132.8874967417,58.6667726187,374.9614740686,396.8194597287,166.1545565408,14.8270526593,67.4303074157,14.0415567509,263.6919475533,11.9382800828,16.5568391405
GJB1,30.0152768954,27.6281483728,20.9039307402,19.6993706305,19.8764185164,26.2867709504,22.8756704892,16.6366681233,23.8565824464,22.4866515873,33.2434463428,29.3804404053,22.3995952573,24.0524592958,24.605964868,21.8303040978,20.9971486645,39.8590777524,31.7910875908,213.2071426004
GLRA1,15.1660971165,20.1964358702,17.1640059469,19.5840055986,12.1402338368,14.1828570396,19.3565765619,14.804165615,22.0318256839,15.1323912097,10.8401405638,24.1320905273,10.2490143266,10.4436681211,13.9332404005,14.7344888678,13.5585338225,23.2805853716,14.6117340652,19.1973382142
GLRX2,84.4527567906,85.0679378426,53.7670857859,66.5805788433,48.7872714885,57.4281500579,118.4425257056,52.9735145997,58.1601282631,204.5299369547,121.6766090526,55.2912287835,74.5166515421,72.3040157133,64.6390110589,80.137380203,35.1073977112,76.600643473,94.3878415381,39.4290238731
GP5,14.1031616318,14.3139444039,24.1141718015,19.5120458659,22.1095628631,20.2883766653,18.0985781571,18.3355473391,24.0110918156,10.7190350557,14.3236640193,23.2067877351,14.6789087981,13.0174903016,10.9494714955,16.3860897321,11.5654321808,20.067106397,9.2998200867,154.0335069716
GPNMB,27.0407287173,20.3566513138,16.5454925224,19.0513431655,12.5992160395,14.5019670628,54.2763989022,15.541153146,35.3486664572,16.3651236475,23.5650164813,1880.1831329568,1031.7149849362,1121.3655784119,17.9341659781,69.3077862945,15.6148861157,19.3937547791,40.0713018608,60.6613490128
HAGH,88.1303211159,231.8086056395,115.8230252487,80.1056242475,92.5236921934,93.6896556406,59.52255308,139.2149033973,62.0251175138,100.2902762145,133.638795258,175.6624631832,157.7161566877,156.487196874,77.0595670624,143.626251337,53.8420769899,57.8433138471,90.4124324862,148.1996186725
HAVCR1,12.057970997,11.5942330629,21.636825485,40.111924341,41.2569502863,16.2991808619,13.9950862421,12.8421862434,15.2360653005,20.5278613083,7.030115726,22.1625590414,7.7442637072,7.1645316908,12.3589599644,14.2835913619,15.5849295892,19.4273432185,12.6505359433,56.6421026781
HBD,19.5095346918,34.5016150916,23.7343808781,24.5782420693,19.7211078766,22.1134018541,65.8208215539,56.1954582795,22.1072351387,15.24598003,840.5401008125,21.7613010859,12.99070413,12.8198941765,16.5416306208,18.265638172,17.8069926856,44.8631265009,73.9152613916,20.8813450121
HCK,727.5687237065,999.788033566,53.6592318289,60.5031852693,47.0541786367,20.3896076278,39.7182222543,43.6851484995,322.2058021927,18.3007180652,87.9104005907,128.2342694122,534.413193702,408.4087651576,76.4066276389,366.7097552235,35.7547222454,514.004937906,24.3314493784,36.0799054102
HDC,31.8817681984,19.1626428419,24.7967125462,27.1276946535,16.1238772103,24.4950379893,484.8934265642,3422.9122533146,48.1980701335,24.7511314134,106.5756386561,78.1068716588,10.8688585467,12.8537718099,17.6378346708,18.6791118982,23.6016180513,46.0391270597,33.8455559964,30.5223946085
HGD,21.7646847661,23.8542790913,19.7454073883,19.7192576687,13.1184711728,19.5482294068,27.6153242459,35.2197195951,19.1388817594,13.7360284581,16.6457112595,26.3326302028,18.3649097916,19.0690803644,15.2767838141,25.1769768569,13.3741426094,27.526832477,11.4789804043,203.4507062397
HIST1H2BC,18.9853405327,47.4198287916,25.3145484903,20.7552592629,44.6829202541,19.7877355967,18.6924661768,40.6032965985,37.4068721041,17.3235762924,18.2788892656,24.821782568,27.2598703637,13.4797638611,33.8972741706,25.4006157847,91.2910869762,180.135981842,53.0358670783,27.7229466845
HOMER2,21.4680500565,17.7945762568,25.1608988443,64.318127755,29.0614611021,19.9894922999,48.3836958839,27.4416874657,34.4042920206,19.3103253638,24.7575708745,29.6665338048,17.1547982205,124.1841414516,23.266305289,124.6103590687,26.3356717841,26.7778397795,57.0935804878,52.8174735294
HOXA2,11.8339679286,19.1831590479,15.1685497778,18.4370650708,28.7277902309,11.6518166318,11.2621014347,27.095303132,22.9385183565,12.3915661283,12.2583294482,17.5902812155,14.9332395727,16.187071428,11.0420293038,16.8745846933,13.5227338592,20.8389717506,7.9187220872,118.6300152216
HPSE,162.8782819222,105.4808479672,47.0300465284,34.5056566328,22.8968643987,27.0797629363,27.9474312638,20.8644266513,17.7712373109,39.5954888908,34.141936889,42.4741108449,52.3947336327,33.5443319735,21.4344620442,27.3025674627,21.0458502435,193.2663047722,18.587400103,24.4332855652
HTRA1,50.6947981882,15.5468329023,24.0277196768,25.3719101354,20.2782948314,19.6616545773,33.8296419155,13.6549089896,15.3572693031,18.952308355,31.9467195806,183.7564991832,42.2978919574,38.709416583,14.5458420308,23.0951585004,17.3907772202,30.2772451842,36.3432473787,36.1046388933
ICOS,16.2038828713,20.2781638296,262.2459957457,31.7307728871,15.9956101458,128.2692591456,12.0773390099,27.3381538855,12.3142540047,200.3701549927,12.9646327852,22.8080164948,22.6774980949,18.0202025594,12.1966353218,22.8063005139,9.474305736,18.1503166885,7.7515079593,35.9075812748
IFI27,19.8626133106,22.3434009665,32.8639460299,19.6989735699,25.884516698,27.0439751719,33.8964869073,9.5279261091,12.2676247269,14.4028953237,63.4049763633,27.6245910107,605.4244531632,34.2176717855,17.9350152645,46.9811179368,14.6974276819,24.188624041,75.9323873321,139.4249363684
IFNB1,14.5927691625,10.0485125932,13.4283270553,11.366828031,9.5661313491,12.9218705344,17.0402995332,8.624413332,15.1455394892,8.5018376614,11.8870080521,12.837927799,11.8322495334,8.9953493036,9.678102198,17.5756083894,11.1664958562,14.5051323193,11.986693719,133.0398182523
IFT20,168.1503912512,193.3775232732,105.01949038,113.2627417653,209.293254085,119.7015465301,66.6373277168,74.6038724831,154.8224879325,158.3613231987,235.1959566539,113.7476132274,42.1593229311,65.1581772252,163.4379884378,155.2250317321,113.3178066795,112.7835745258,205.1645264607,50.7477723544
IGFBP2,17.960181672,17.0793668817,18.5306768919,16.0666626826,34.7478397885,22.0940683255,296.7895899359,16.9441458891,27.1468046582,11.2911929845,22.8793466318,31.9383277357,22.0598619629,27.9325505825,11.4179088879,16.9009008193,11.3840836115,16.9691631492,11.821183083,25.6525691206
IL15RA,56.7637300033,48.6689713965,38.6530627594,50.5945428564,63.7622825691,48.2412047748,30.9886323298,20.6764374959,18.1984320335,96.8125619163,45.0077098365,17.0913159713,66.5263368434,17.3179005988,49.4353643877,29.4480232941,36.8712372548,53.3322485452,89.1024370297,37.626698627
IL1R2,49.0609080353,30.6165349232,22.1487387915,15.4395908769,24.7335971551,13.9581169668,18.8905960229,20.7363329959,19.567624336,15.5360287403,15.3812563228,46.7782697669,31.4167302807,54.5409671059,12.1691811046,143.5682946772,11.3666305429,361.4521088605,15.7787345521,21.9650925954
IL1RAP,28.877571631,31.9472325317,29.7748619928,22.8023648892,41.13519095,22.7763701423,40.7704051508,51.1553808047,58.6175346897,36.4155244228,30.6807012822,23.1769082416,24.9281763684,31.8406644102,18.0447117063,30.206743364,21.6036960173,143.4462667957,9.8010053922,14.5622635868
IL1RL1,19.221627502,17.2574551256,16.8238422373,22.133853912,13.4974119467,15.9302339174,135.758387794,149.9260712051,64.2443590694,19.3982180159,19.8926541871,19.0094919764,14.3510842698,14.0393608277,15.8976819212,20.5392728926,17.4361995144,39.4790906776,20.1409288872,24.592896894
IL2RA,23.9556593026,17.2896416075,83.5764538322,43.3772189522,18.8079096164,40.0419995007,29.1174057645,69.6090794677,23.850869662,185.0498262746,18.4032929398,33.2893393907,68.765118187,21.0811906722,60.5914778841,34.6665930581,25.9211814293,32.0263504654,18.6521389756,38.8483809304
IL32,21.1819724285,13.7282476921,371.0070796907,230.2299172354,86.143189885,547.3676324913,46.3168503724,48.6352191559,20.6376108616,571.6271505778,22.3562500413,16.3973080332,69.3346264434,21.1871007379,22.6351001382,28.5824249263,16.3323053478,26.2797443169,16.1828266116,25.9411132648
IL4R,124.0596108704,103.2191779358,133.4605311791,79.8764346132,78.662098963,140.6215335314,128.323977234,98.6021587877,126.6168428751,142.9658498122,63.028144455,143.978819604,115.7422211537,117.9965538506,77.7473534002,87.5865461357,375.6406102498,154.1953432215,42.1575460892,61.1987740932
IL5RA,15.7033471632,17.2331993028,16.8099011502,19.3658777084,13.3050437024,17.6681846726,27.0431875532,105.2094765212,126.5189729873,13.1900705379,15.3644233205,22.9607748969,23.8543692417,22.9641759204,19.1199049491,24.666075138,16.7199451877,55.2383367115,38.1489930424,23.2427504373
IL6ST,37.1835498656,15.9551339508,66.9584641427,27.4146358289,60.3664981345,48.1091681268,53.217849382,12.6312381255,25.4458393557,35.0158096935,29.4605595506,28.8949117676,36.2375248646,34.3555418209,35.4319512287,30.1608653581,48.3812235148,32.292755221,129.4247168045,30.5605370208
ING2,39.8227844396,88.8725753019,53.4660846307,44.2262515379,64.759351644,60.282687408,43.9412267705,116.4548342644,64.9578046215,37.0396843604,60.939223948,63.4812377298,108.4328190184,121.0128683095,41.2716381125,83.5291621026,33.2675900796,58.7454030822,27.4561808684,27.2800634934
IRS1,16.8438551192,8.0097781685,22.0622998871,19.3720870863,13.2505800873,23.2784612244,14.6499409358,11.9857492571,20.5032005648,25.0074221727,12.5774388566,12.8371633704,13.3674142339,12.0760478879,28.2036565733,14.8384234056,34.6986911096,18.6209625039,29.189447939,20.1454795153
JRKL,33.0780762017,18.707911235,36.4147525895,38.0959626902,28.0746835474,31.0856724339,46.1910432556,28.0371445553,38.9519353146,40.868765289,43.9083599104,24.9240715627,29.091427337,28.1076824823,33.2312494187,20.1797238869,26.2794129906,36.3597273279,18.7681204147,68.1889671881
KCNJ15,43.1870700465,22.1057269501,19.0643521241,26.1762013187,21.863512742,16.519065827,28.8849607513,18.5345806791,23.5008844537,14.1095809818,14.9871849048,27.5423892946,19.4711906826,13.9705184148,18.446701823,19.8322679943,17.6064218052,218.9717584778,24.1764713998,28.8182628549
KIF1A,13.6221575609,16.4537781521,18.9422632275,19.7612968556,22.6914743631,19.1005462742,11.6376596178,13.6910109018,20.3453537827,14.3137122528,14.4479740855,18.4783141304,10.5968840998,9.5063524128,17.769338401,16.7649380734,23.6721720085,21.8397171553,14.5885815993,110.8859966575
KIF22,35.9239479751,80.975972834,83.7742330838,42.8378264576,64.6017636761,87.8845558479,42.2922330754,176.8919907054,35.0012549325,76.855639011,55.0701073546,32.713810375,22.1225679894,20.2083572332,57.8079207286,76.3234195782,50.8376529632,41.6665818229,32.192350568,23.3845833117
KIR3DL1,23.0724139775,25.4877932656,24.6351469809,227.9787831386,119.6876305802,33.2030561657,23.6943356617,21.7261970234,15.2858884506,81.1562988032,14.3774253966,26.2895610817,16.54937759,14.9071017062,16.680347941,17.3456201313,20.4995987289,39.6502583497,21.3772964013,30.8947859841
KLHL18,55.755278815,110.7941512256,44.9776050444,43.1762552029,67.6808126382,44.4956342922,33.0952353597,79.6969219906,45.5600476733,45.284921068,46.3176549687,80.8665255428,52.5832067451,51.6474086197,63.6936246406,43.9614432078,57.2620928484,66.949114903,52.0547103468,30.8323665619
KLRC3,10.5235024562,10.135986993,12.7545124132,241.2224219994,143.9193873513,82.9079864493,9.8832284381,10.2378755858,11.565514933,86.4922311707,6.0570879046,10.1272217024,10.8619773242,9.5798688376,12.4022251893,13.7270856649,10.8489236111,16.1897196152,7.9886605683,16.4887959933
KLRD1,22.2543255206,24.5007771514,28.656260297,331.2562959864,270.52916356,158.35024362,17.2605851976,15.5195843766,18.742484242,215.3280637687,14.0374611319,16.1892707401,17.7808285013,14.6942275918,21.6370930541,17.0992853044,18.6344568391,42.453890705,23.8413466019,13.7878070844
KLRF1,22.9009548419,36.9965179361,25.0391710959,565.6932824218,673.7489574011,88.756658821,9.6977628885,42.7111764831,17.1532720883,41.0819345593,16.8487881866,18.8813807076,21.0057890436,25.9991359995,16.9851254417,21.9516709231,15.1742701717,42.6318884068,11.1376922012,26.331444906
KRT19,10.1300099034,10.5082634121,11.998656071,9.5790393544,16.277721968,11.5722685867,171.0219250917,14.3856527638,12.1145804598,5.9687371617,11.4609686063,11.4243927277,9.873238505,9.5420353079,9.7926272328,16.7746957172,9.4900133353,13.9583135813,6.5568562265,42.9315640356
KRT5,19.1068300424,16.5876080808,17.7316154525,15.2722702716,20.5944800567,13.9268598947,23.6944845396,8.1973294905,23.417570141,13.8171112242,16.7259552066,19.2985384042,10.37859695,10.1011237891,16.1777637542,14.4075336808,20.0145637185,23.1590407761,32.3392818443,76.1294108791
KSR1,29.7542943501,51.0467008596,31.0595117344,33.5262586654,39.8338673854,32.2044450877,23.3123838422,34.1009615833,210.0808156267,25.3086913648,30.4748050429,28.1091283572,23.5443051417,18.8668555438,26.6530873964,21.904453749,19.534752193,36.7959362082,23.5454116634,28.5893472083
LAIR1,134.2345605623,221.7075953492,82.8197457535,117.4395769271,66.8515394643,78.8739916433,88.5624479572,540.3414219614,69.7996458557,57.6652295859,124.7153558771,112.3038393729,413.7627919869,302.2802132208,58.2311143854,147.0294785865,169.3916157852,70.5589278497,40.7420728168,59.7615402455
LAMP3,33.4583233044,19.9513488659,51.0655986208,29.0880372299,14.4246916698,33.7397646995,19.8150191927,45.4470580515,50.5252418452,36.3611127172,13.943638576,60.2536611574,133.2219922263,47.0376802303,12.5356878638,363.5602236572,14.4047973996,59.8760878673,127.041285132,39.0060177714
LGALS13,14.8067731185,19.4960241865,15.3010189624,22.8982559534,8.7429144199,14.385614395,13.1236510334,15.0671454205,15.2665616779,16.4893047785,15.5547849481,26.4498330892,21.4655101696,23.4300031026,15.3252654299,12.387321693,17.0660946864,22.3329787805,19.49360263,21.5068366389
LILRA3,257.4257181169,269.1539238102,32.3439602857,33.1772773853,19.4227567792,20.4219805041,23.1306101409,22.8167394227,14.9031288835,8.7330844787,34.4430089027,43.3107911174,425.9391278164,135.6432382791,15.3397543223,95.1109429428,19.2519621519,123.9284560314,15.7739295272,11.150930875
LILRA4,29.126502126,31.4340404237,23.6149220118,29.4035945114,30.5753043329,26.7100661895,22.822709575,30.6814449378,40.1149263773,10.9294152013,35.1483583498,32.6818690592,33.7537209864,41.4143712378,59.5833809881,26.8206901137,58.6869802115,38.7056445286,20.6501426757,218.8467606204
LILRA5,70.3529879627,171.9406186898,31.7240427483,26.3397674274,18.3224611629,15.0240659599,13.2871531982,18.6533258724,9.8799388649,13.6388329078,13.975856643,29.9637014517,111.6976491369,44.1010288001,15.5281479937,43.3605238987,18.0771554581,91.4395069201,16.9680472465,23.508743226
LILRB1,261.5720198245,338.2947964463,39.5345331968,66.9151529536,50.6460214429,39.544587512,20.9347991772,268.3114588804,17.9663399177,21.1716451957,35.4787247496,69.6174309918,283.3628638326,206.3783712183,86.4501081329,136.5097128287,88.7895352385,104.6336778554,65.4113681281,75.1977192286
LIMA1,24.4350720046,19.2144554347,74.867130303,43.1403999769,28.6778702765,49.8257094635,182.8321267968,21.5179760082,16.6411565952,47.0788853452,44.2908919046,51.6286237516,74.2082156651,149.422444148,39.2585296229,44.4184201351,34.75600124,18.8038390679,46.9573956148,16.9211814
LIMK2,46.6960816167,31.9888340883,42.2214878344,48.3314459362,29.6993841986,39.1021052886,43.4485083659,43.3947840906,57.2127392155,48.8283867757,43.2210170834,35.4648988611,54.2848549723,21.660486071,44.9408966372,26.4673430512,56.8516737503,185.6402223254,23.4597076495,39.8248964089
LIPF,14.5412582036,17.6792306457,13.6558789787,21.2940834763,8.5816075828,15.1301025755,10.2131257832,28.752787766,10.3088649275,14.3213488634,9.104581713,14.9786156291,23.4028435901,20.990308807,13.3264697729,18.4260893719,15.3742955008,25.2161140148,13.1555903475,62.781704247
LRP5L,47.9788720509,105.1239058298,52.9240749115,61.4576958757,44.7954949489,43.3981602002,29.4432462879,922.1525262972,38.2470651094,37.8526423162,75.8797358991,112.5433684528,61.1709113767,74.4195443709,25.3634914357,82.0784920386,30.9649988837,54.7277079106,15.2593635049,55.6112418687
LRRC8D,203.6275923357,201.1363607445,142.8370216126,101.4114072721,116.4554215993,142.7724325305,66.6057252329,35.0025525168,71.8260203441,159.8990858165,326.2287774176,191.3397180281,81.1055756471,89.4276652287,134.294550635,92.279135002,138.7081086659,94.5436721551,129.7432277923,66.6118503733
LSM4,74.4296216506,195.5655032501,121.0106074084,88.9110463364,105.0400739138,135.4259770365,51.9635452277,143.8925285456,55.3230303024,85.9457704618,85.2426378702,126.1834738155,192.3552093861,205.8875006807,105.7842736523,164.2053758007,88.9842759594,37.4394991108,48.3169595323,144.0889733205
MAG,17.7160448053,28.7722583452,19.3801095161,21.7322179625,16.0628752277,15.454430201,17.8779383568,23.5199663422,19.9122098014,11.2290277297,15.0475978752,23.2007309517,14.5154885399,14.0177553749,20.058850384,17.0404277489,18.9625577006,22.2612140915,11.0899223771,78.9793629669
MAL,21.9808204729,17.0057041426,320.712587198,24.3683399639,16.5061362105,182.8970995333,52.7338340479,20.1036417656,16.4261504969,127.5461841821,29.5129721864,13.0653044798,16.0233966101,24.7806588111,22.5895837932,20.9816107304,27.710858196,34.5127406518,52.9614502337,16.4549114515
MAOA,17.5277635359,10.6377987107,16.0434572258,14.3507425028,11.88497491,13.0262328351,77.0678690893,33.6298064216,17.1125093214,15.4162097484,19.2534360335,46.1150768754,70.411593476,476.2210648424,12.7671080364,38.9456206209,10.3992044419,18.2684522663,10.4844398664,32.3259350459
MAPK7,55.6795403455,85.0400534734,38.5306434913,35.1941458997,34.3784927542,39.0413524179,34.2800906614,45.2114050616,23.5836249472,33.1553303668,26.7016645047,32.3665607077,51.4132847539,48.9833906054,32.9707032075,38.1325301327,33.7319444436,33.501139608,30.2712052226,29.1336071412
MAT2B,148.0282412085,132.7647892985,169.0684473358,206.9148486833,189.5613969021,252.7013478024,200.8882764299,181.4001369832,1094.0705752858,170.0011352941,115.8080766366,72.792610848,130.1285400089,175.1308713699,610.1014731474,160.8586724911,693.2130968964,153.0522143602,436.9611497057,61.9286439329
MEST,26.5473974179,18.464747051,22.265918923,20.0602544587,16.2470981874,27.5613998737,17.6239424638,12.1342179133,24.6300710877,19.7937989038,441.4729701629,24.1013089776,11.403056338,11.1887163599,24.2434026101,17.8090224374,26.6982874025,28.1983436748,39.5454807782,31.7010497771
MME,20.1958801927,15.7194224783,16.0194742332,13.8679105128,10.2214851317,13.2275229603,20.8923516087,12.4994240326,29.7855100061,8.9460196585,35.4552856252,22.8386454786,16.5750133656,15.9570777943,16.6613820275,14.4573326335,17.1672555293,238.5493594872,20.9470286663,32.5557919151
MMP25,54.898415969,33.7144977223,35.6535518854,38.6301523964,26.5072330944,37.0141260431,29.0375086847,275.048951111,63.35344234,42.2265898748,29.5675959268,27.6165776254,49.6813949083,41.1621434053,24.159922732,53.9255947263,27.8877984022,167.1530173588,47.0264026927,29.0559982381
MMP8,15.0378252031,10.1788303137,13.5634539955,16.5892246468,9.3184029167,11.4049193073,24.059478685,9.9976690837,23.8202296542,14.0039804409,17.5361665396,44.5721136502,7.3942636247,6.9489408999,14.4653812578,11.9729798583,17.1989056655,41.0690095559,35.7900451056,22.4524927319
MMP9,71.0484368035,19.1212846602,31.3060449814,41.192762208,30.5656117437,24.3290454383,43.2579799961,14.5340427906,29.4517138077,46.0789566516,40.6370504946,1082.3754740401,3825.4047777896,2402.5626296511,22.4605790357,213.2150889641,22.020235173,479.8010018228,80.7830356205,40.1735353792
MOCS3,30.8244457069,16.5814699279,33.9931103546,25.9930569056,19.8576293756,24.9693694314,41.4832126119,18.8698645061,14.9272107046,37.8875123397,23.7831138844,38.8031139227,25.0690812376,27.3408569849,24.2996188833,18.7896313408,28.7616058098,32.078835702,40.2053804672,24.591459285
MPO,43.198404176,34.880546832,23.4473478443,29.2135622407,16.0464284977,16.6351422302,27.9580055053,72.8887001027,30.9786053665,15.1133186124,879.9229546951,45.4792351074,45.8559221305,42.880359437,13.2390239007,21.3278088533,14.5669608816,41.1590176141,23.4789772368,21.2116383992
MPPED2,10.3050056424,12.2570293217,15.0692211197,20.841707483,13.9726975964,11.9196340196,17.5708144863,9.555447093,16.9797265043,11.3464681276,27.6956889727,15.5946945838,6.6577598073,6.7693452496,10.9938966314,14.5473550652,14.5019206886,16.8762077099,11.1646898273,25.8456479106
MRPL3,148.0956751722,236.4708621895,204.3076218395,145.3158348174,148.6067667823,207.7236982914,309.6076601632,63.4051569187,74.057516692,903.2884687089,816.3408027526,100.968762464,111.3596920858,165.7341037449,342.3912238447,170.2310267123,255.0718646496,45.6348842091,446.7543264736,79.4564468924
MRPL4,39.6126157609,41.8043539512,53.7459494831,34.6765421122,38.0976908113,60.7536003979,90.724336089,20.6995273365,11.3090065198,87.9012977881,50.0557278848,45.0060934426,43.6571428558,45.2362354734,53.5109069005,33.4111452901,48.4910991994,17.3265454148,92.4402335648,31.3062312357
MS4A1,23.6248981361,16.3731515511,25.6870311982,23.5991036088,17.084304934,29.0936296735,15.7812207623,24.8858140892,57.1741616589,19.7543486929,19.0395103857,18.1773367826,12.4353970554,13.6263760534,1425.9596729812,19.2408377484,1518.5427334456,31.438092249,78.4635246776,14.1089211603
MS4A6A,446.0485563294,285.9098531193,62.5119524065,39.2291496514,22.3223398112,19.8563611999,36.4731713867,216.2270205073,38.8957135756,13.1425940133,84.6410986479,110.8129236849,84.4535343138,675.7509150819,22.1660887426,161.1051483155,23.8405806639,86.6045650395,32.1173805665,43.9086388878
MT1X,149.8094743389,185.1021295145,132.5304833812,68.8906170646,103.8741230347,162.4430448332,201.1852501331,60.4116701496,67.6386408695,221.9997428648,119.8736835055,199.5262067377,624.8495023069,146.6020721506,72.1404668704,79.4383752375,43.6180816854,86.1766727021,69.0725366699,37.5660483848
MTMR11,179.5649807263,194.8768011647,37.9217295591,27.4890129494,35.2765430878,23.2317249251,25.9858216965,35.9950761186,16.3425806903,16.6340576319,23.3840399957,47.218555883,45.0612383744,33.3560509309,18.3826796614,52.5847331323,20.3520259775,32.2978521248,39.6320039572,28.6791726754
MTSS1,67.8957160685,199.6556970812,45.3101353482,134.1263521226,122.4464250571,41.4567775761,73.7917744888,47.4199027259,31.833962591,27.8577604679,35.8248879605,51.2246045424,53.5153048994,86.2517739178,110.1000478684,104.3038787434,136.8338525693,30.1073676952,25.862017819,45.0516172077
MUC1,24.3094477843,20.3595607905,31.9241941791,16.5191761178,25.7889290097,29.0186326481,33.5833770964,29.6947785818,24.002278517,31.1380812603,43.8836542198,27.3252796296,61.0291056216,27.5726835475,25.3601439152,38.7046104426,21.159409531,31.7979834554,31.1504578921,168.4478729438
MYLIP,97.701217413,307.9021861292,150.0150301051,131.5082242406,225.3320847559,131.2137904143,45.3554302432,684.6693635296,123.0912130735,84.5422296726,126.1833165072,49.4498692472,105.4791332796,111.7434397906,118.9164170015,196.0252618786,131.3911024799,266.9578081505,40.0185743005,37.0446775308
NAGA,193.4523314189,253.9119605848,53.5725992182,40.0458860201,44.3292535553,40.3082889298,164.8621681017,31.4466624246,29.9040594634,65.5068922698,82.7044499593,103.2735677361,82.3019476501,150.593304846,64.6415309871,99.476183174,56.9180861478,39.6781419337,77.7584406506,68.6149227363
NBN,87.1834030823,73.5955845343,64.7796919652,102.7631609464,169.8097567461,81.1740627424,61.5490860724,57.8561739698,178.2442918871,92.4364431876,114.3973441221,75.7572301005,107.3839160174,69.55819286,105.0491687915,79.7406348148,71.558353328,169.7808263853,50.5505485182,28.4816230679
NBR1,63.4784116402,21.8699243403,58.8106942593,54.0153448344,73.0914479364,69.5827310717,87.7308896362,26.120039729,128.5778845499,87.3933569302,35.3747238386,35.0080704308,20.3010840024,32.9977681656,66.6063615966,27.3527915344,61.0799005409,71.6266570127,129.494634852,28.1717675496
NDRG2,26.9403765932,27.4015921807,39.6122607434,31.9047019505,29.6999487027,26.8145684143,37.5518116967,27.179903038,28.7322580061,19.0041542916,23.7141841642,41.411620146,48.4615790567,52.4306717417,26.7308550583,97.854022457,29.1725599024,32.0372920289,32.1550325349,37.3800185453
NEFL,13.4644492303,17.563712339,29.2476967536,13.7233336806,14.7562355089,14.1920709434,40.6386638589,19.8606702627,13.8183414015,12.5553510475,8.7453819439,18.3267312508,14.4948031298,13.2782585241,14.1005009328,18.8451213012,13.4126695627,24.8321251161,9.9336534252,20.6265909434
NGFRAP1,45.9034399391,39.2656349661,95.3707522111,32.4634148483,27.1235039441,85.7695014998,329.1389036343,44.1028577692,37.1031877688,29.2525573995,1322.7003884438,77.2354358448,55.0732177653,71.0260706028,28.737754291,74.6223776315,23.2582616693,40.0886175704,87.7249828607,18.9794831352
NME1,82.8686148124,123.7898164104,110.4531212936,54.0026612192,53.0567514697,121.382950685,351.918976171,40.35959092,38.173911056,454.4322734111,636.1541749264,135.4819185229,91.8665510783,106.0579618853,233.528189553,99.9245619981,176.1862466624,43.1976045951,509.0722502552,285.7921777031
NOTCH4,30.0339226297,82.350659831,26.0492633332,27.0091715081,40.0253695213,22.2450776064,31.5167063075,21.5020195735,27.5909544437,17.9584548049,24.7979511128,22.8373663842,25.507939871,16.4573323582,29.4469327285,20.0983258304,35.3861035796,25.0042612398,27.6104723618,29.0777003033
NOV,18.1895401248,22.7539841712,18.7260195887,15.7963596836,20.2722674565,14.6829381032,19.4697762287,32.7116421109,45.3278159021,14.8962481621,23.0938950509,33.4281370063,24.6213233429,28.3460764378,13.5932615821,19.122639111,18.6857987851,116.4208383048,16.9499466136,22.8498506362
NPEPPS,81.2540980404,70.5836773796,80.709665122,61.6176030472,241.1978711861,81.3194269887,54.3692388977,129.1853597887,140.2037988463,106.969532119,82.5331662242,31.2462526638,59.8711673658,74.8799305139,77.2394001524,102.6086012469,70.2679603411,113.2371581604,42.2821474629,33.2236216894
NR2E3,16.8625043393,14.6254432227,18.5704127393,17.4038977286,27.860255969,15.0325060447,11.6880241591,9.6246998204,24.849720402,12.4918832114,13.4271578792,24.6251879334,10.3507062784,10.2062887313,18.8054038299,14.5869881621,20.0351854827,19.8989924255,12.097324588,20.1684554549
NR4A2,44.3785675468,237.0473623429,97.4808909595,87.9594745966,937.6631015878,170.0973232514,49.6421597255,179.5333547341,103.1894066547,121.0234047889,147.6916230516,19.6206653822,49.3732162184,34.2496536848,60.676807206,112.9270035549,48.2305510518,179.0937792997,69.0975665321,12.6526350852
NRG1,41.9740924419,20.0843216847,18.1965284697,15.0107183552,20.3069576222,16.3653562516,20.2966003535,14.2663141746,17.3261288979,12.0925177033,12.9012727068,13.3085430233,11.2249706395,11.9293724623,14.2977640705,21.6495474505,15.5580084069,21.6911216205,15.2761836091,14.4423131382
NRGN,183.1562184139,129.2336011295,41.3399071671,29.186405951,34.1991554496,29.9020455474,61.2410368942,27.200958091,19.7444340234,22.5556106781,47.9494984713,32.3678386731,24.0883386986,47.5736543775,20.8757548831,27.7379162813,23.0241252236,72.8598999408,33.3527333515,62.3741346786
NUDT1,55.3550016122,129.6974598596,78.8765251147,52.286829299,73.5144650329,86.9446482653,57.0174401038,62.9012883932,12.6611065908,78.9071021622,279.654092201,181.8272432687,40.5867819078,64.728852113,78.8452125987,125.8953968079,69.0775236975,21.4163081356,23.2652848447,312.4891873203
NUDT18,54.2446072408,119.0920061258,56.6508180296,48.6051099988,35.3567860056,52.8554450829,25.2285304739,78.0918005667,21.376223122,50.2200260502,43.9173415994,96.4422957454,105.1662328068,81.7734972137,34.30207126,75.4976606901,39.3210019427,46.2659202016,34.9714651795,93.7256493704
NXT1,93.7728910135,225.2499083089,164.1503967536,98.9993325981,156.1548961262,224.0567431425,79.756476282,155.1276135314,89.8272214384,220.9565384041,243.7954668219,50.3483597402,187.9016481147,191.3591697607,97.1104217314,217.3228601453,116.4704662724,105.7406050209,163.3383388597,79.6005751295
NXT2,64.9470388307,110.436086254,58.7569052369,66.0861245079,90.646293835,59.6484576556,220.7561155264,53.7523610166,29.7597786629,79.5487096905,79.1047570401,35.5261012844,94.3514769416,85.2656045674,70.971961893,93.7968489527,47.1308585096,55.6371049972,36.4438137681,100.7763011054
OLFM1,37.2023752743,55.5957250994,19.5017648162,17.6128246225,13.3920558816,15.3121072029,17.2473708169,11.5026810638,18.0344960578,12.701929448,19.2063854875,23.4782401836,23.8366361129,21.1287976973,13.6035286811,24.9653632552,13.0159122077,18.5558710725,18.2394040848,25.8238207996
OR2F1,18.7656117,13.921443044,18.1424291526,15.2880381946,15.638387267,12.856057756,24.352628566,10.1001942475,20.9229567,13.3512062346,15.1985176275,20.7821099103,9.7270192172,9.9474810621,11.7585450442,12.7617706612,14.7054654552,18.9402820708,18.9596940195,17.3033775607
OR2J2,13.3275987155,14.8639424851,14.1754685257,11.6268981452,7.6450690003,9.6886083054,14.4778087274,12.4292015007,7.9616517982,9.1192873606,9.1340796976,23.9369193689,8.2062247185,8.2621440954,10.8305204482,13.6810185882,12.4820215604,15.812214452,10.8170184582,31.4535873716
ORM1,24.1427618456,22.1961420355,17.5260990159,15.9454088146,12.4992703918,16.9112300634,16.8101258912,21.4901473112,12.7152558436,8.1456584418,14.8878710241,43.1834700914,71.6074991191,15.6340661672,16.1829762928,15.7226776857,15.9225927634,185.8752814716,15.6965992235,50.7615616718
OSBPL10,16.3402691693,11.2294828899,19.3878389116,18.609008877,20.4900864524,18.3711161642,16.2629186087,11.4863943145,22.9771818811,19.3805668158,23.4201945604,20.3640021309,16.2018211503,23.0933570153,104.86993862,16.4732230283,105.2785230146,21.347561214,48.3828619425,14.9385252171
PALLD,52.1107866944,43.4040973616,25.1429924794,60.3961994602,34.0097198554,22.0000184168,59.617679515,660.4177086446,10.1330696753,17.9831175316,22.7582382394,90.7179326183,64.22008231,322.8395318535,25.6490880708,127.0726754045,25.6123871951,20.771899648,14.1709447831,55.3909787271
PANX1,49.1837979869,50.3696546552,46.1991678912,50.0025085333,80.050548401,44.6153408062,57.9197522725,23.5165345119,29.9826790648,63.785534431,36.4783394965,48.9195025561,93.9269787784,38.5361558051,34.6667810385,53.3975965132,25.5423917077,24.1713017604,33.607997958,22.6454554291
PAX5,23.4441257069,15.4584011826,18.6752711586,20.578075183,21.4455640543,22.3466671494,23.5336747968,9.2783382304,35.3188893593,20.027486399,38.7347853453,22.0522076776,12.4321525983,10.2606426319,169.2611703798,16.9724920674,212.0252857136,24.081326062,43.3290565209,40.0094804997
PCGF2,24.9424096249,42.002228085,27.8505905918,23.9077890016,24.7596454327,24.0797379164,29.8830974861,15.0317034546,21.8717801869,28.4744064858,30.2580836465,25.2685746113,54.5211579572,38.4165852328,29.0003302348,21.7540217817,28.8588024614,34.7081638541,47.6277853605,179.9496030909
PDGFB,23.7858012537,19.348624758,23.7937756998,21.254071421,14.802610541,22.1011258415,21.497696082,21.5474931705,18.7980338303,15.1829141489,22.140192108,32.4305764541,31.8521799027,39.577951182,18.2797320778,29.783514428,23.8990412416,21.9189288959,24.1588388408,132.1503550624
PDK4,68.8026999836,123.6134414652,22.0745130367,20.5818434405,15.1846647561,14.7337155242,15.1433744144,19.41077844,125.2055514312,10.2740539712,22.5850626997,26.7538025988,32.039132654,41.8729151754,14.5810636193,32.8007228345,21.1842502042,36.611014964,14.6207215189,23.4581802642
PGLYRP1,26.5287510087,21.3977660947,21.1532056069,20.2761390471,17.987481594,18.5787045226,20.6609282161,30.7031689652,53.2046371517,8.959321575,23.0137811771,45.0774520113,16.9733048906,17.5649387328,14.7484007255,16.8930252018,16.8984760061,169.4718448743,22.0972805438,21.5438993344
PHEX,18.7627019861,15.9330514995,23.6882834948,17.6463536566,14.8053122865,22.5783386913,15.9942777337,16.708633573,19.5016023833,22.0246067413,9.9250409104,16.4550605038,13.0856575364,13.1232024745,21.8654994521,17.8084530641,22.6047145117,30.8425842814,31.3345757969,116.5278916296
PI3,33.5527768049,14.9690027466,18.8127958985,34.3754554515,16.0427117139,16.402216209,15.019608918,12.8681738411,15.9931770403,14.5841909594,13.1281970718,30.7730696752,18.5902680759,12.4918559121,20.6320427205,14.66668139,25.1435673453,486.9529894876,17.4070453532,21.8515523339
PIK3CG,42.0216534994,143.0564555603,58.9787754335,102.4660154646,146.0602812928,50.7120665898,31.6818128328,184.5952155124,66.9416154978,65.6642376074,34.4516109862,36.3715768229,85.420993885,81.7127390551,68.211915224,88.2627671373,73.0946647306,121.6946636015,25.7891712188,53.9722312521
PLAT,12.7671672682,11.0831743198,17.8518732955,18.6301377492,18.9446179579,11.1476674255,312.298202462,16.1723168223,17.5393431578,15.8048915833,11.0814718589,13.3769573507,14.3895542993,11.1570771756,13.0355305806,23.9216333561,15.9115202585,21.2118344094,11.2663138263,19.2974076106
POU2AF1,18.1922977774,9.6927277297,41.1052620775,23.0480920561,22.3530883058,26.7126519333,12.9604194464,17.6527166919,80.29676955,20.443177565,23.8555640598,25.8795454993,13.4418542367,16.7214804045,579.4564008411,14.4425162185,793.3270890625,22.9544476726,1310.106229217,22.6104889421
PPA1,427.7470603625,362.7888701339,369.0317681363,137.4205704003,142.9054878294,423.1915340749,322.1897950993,93.8838271248,123.4163002211,793.8150404259,1293.448964331,241.3422967498,883.8645712364,284.5844176291,419.2890919863,890.925261482,277.6064136924,69.6937820223,802.6122966881,88.079506316
PRKCDBP,28.7423319986,14.3224731549,28.4017009603,21.20868645,23.9867813724,19.8585874808,14.1273478012,25.9136598279,33.7452777141,19.7129611848,10.9638711425,62.9638251671,86.782184285,61.9677625558,13.2532074372,81.667445446,14.3270485051,21.074361278,17.8627544596,43.0948771081
PROM1,12.4050490972,11.005327873,17.0483903366,20.4237554296,13.1831782576,13.7756883796,16.3859680957,50.3032461202,39.6722477474,16.2933289126,482.323548131,20.7632792366,8.9046866467,12.9749650499,12.1365548938,14.4047140891,10.9997488103,25.8065338941,12.7086727534,22.2982429526
PRR5,24.5899360528,48.4788077382,53.4617840424,53.6129555492,56.8997547643,103.0902470691,25.9099215261,22.2870930417,16.698144317,52.2410204913,68.2068745769,30.9443901323,39.218155769,35.8926020988,40.2804458236,20.416525524,26.3698590486,26.1590010567,53.6689155771,52.8082479214
PSAT1,25.6918575073,13.4420995095,47.4081750113,40.8473356496,14.3895296365,46.8931408431,159.275684548,13.2727098586,15.190059511,168.1741602956,28.7146306063,51.9048923664,27.6171244802,24.6517047273,57.121704616,19.2540963369,30.480607634,24.810619257,207.3784957271,39.0056604482
PTPN13,11.9274130141,27.8048782415,28.3516348625,18.9355445098,18.4042091461,9.5171586086,9.7723160028,13.2680101146,25.724642289,13.9572835827,9.7407820488,29.5697039696,10.5964479605,11.9772099821,13.4450712101,17.116206661,11.1630195896,18.8316152403,7.5036600496,15.6794629748
PTPRK,11.0419736413,9.9163789792,19.6879845826,15.2737182528,9.662547653,33.0911658421,34.8772991277,13.7701522079,39.1243572482,14.3317484695,10.062623124,14.1953445158,9.3482261967,7.0119893111,50.5643772475,18.4687390965,83.3268930972,19.1953158894,43.8442648791,16.0342334831
PTPRS,20.2108582654,20.141727283,19.6772603876,17.7558434778,19.4100668959,17.8988168156,16.8589685981,24.1304061882,12.6153279545,13.2397311462,20.9189083419,26.28942443,14.6240338435,15.1166176288,20.3165183883,21.051771152,17.8270928054,24.4306264977,13.9350244053,91.5595409866
PTTG2,13.2410065653,13.2117934292,27.9064845841,34.9448261794,9.3379618323,26.1508580787,18.6406306076,25.4424344839,12.8229007141,17.9851433804,8.5462233918,23.5415269281,47.7059212795,43.3867174763,17.3330566686,20.5478194653,20.322344387,26.94273621,9.5510347202,45.2140469582
QPRT,26.07350879,56.5707047869,28.5047683306,28.995796252,28.56441514,26.6474526056,93.1780836932,29.6011487742,17.2496999567,29.609979778,82.6807979585,41.0534920133,47.8285895274,262.2195692128,20.0687411406,43.4043987269,16.628458771,30.655330909,100.2792326287,71.9152789118
RAB9A,202.109962578,230.459045931,115.5462833462,164.4978571059,193.0434134708,168.4145525242,94.8180035305,231.1462732423,142.7202765678,213.0015104754,213.2617836289,210.0232278445,334.0773053886,314.4834704454,117.6899621107,759.2464685904,112.656082878,136.1018168323,198.7262440835,159.4117157183
RAMP1,27.5663167781,20.2362754687,30.1639723814,60.1460050935,48.186293068,29.8386142247,29.2072100045,15.5241459982,22.904495245,43.1231342011,42.5370094711,33.5863929231,22.1384706785,192.5926090891,22.0824958985,149.7213396495,20.7638077039,35.9037090293,44.5922728846,124.1676548203
RARRES2,17.3661980316,24.3261632517,18.2510940451,13.9372809437,26.5487260256,14.9385403279,9.3046410757,18.6040197242,20.6626307335,11.145489528,19.9575533509,22.8004139029,17.2302264054,14.7752976425,21.000169012,23.1060296376,19.1519989805,36.1118420979,13.3930145017,265.7376513663
RETN,89.125021597,76.8064368757,30.156368845,23.9156844069,24.1284852813,23.7979830692,22.3853710512,24.0713145862,15.5515117904,18.6093325636,30.8080570662,25.8334407807,15.7025327083,13.8078235381,17.0786142421,24.3272347925,15.5290691722,41.769624601,22.4010266632,31.9637174918
RNASE1,22.7834296552,20.3652566555,20.1951375551,16.3624903977,19.8105012122,14.8343571058,18.6368317185,16.3981199987,18.8808899594,12.9934631731,25.7584810801,535.9002635194,98.1899929365,293.2965945601,14.8628701632,54.1493810935,19.0777296796,21.7830919957,19.0995384082,48.5273553357
RNASE4,71.0216946956,28.6183543016,24.3212779362,16.6377855301,17.1255564348,14.1252288854,12.0807421771,22.2150306205,8.2834444732,19.9459305777,20.179160307,34.5530437729,40.4942571319,42.0100047742,34.9804062303,38.0324011403,15.3066517638,19.3383864099,39.5869518671,22.3222936413
RNF122,54.7155638554,121.3380481634,38.8065487052,39.7270658487,39.7272343194,37.6399754401,35.3669363459,52.9428588512,62.4067690853,35.7851097377,38.8280647855,60.2005426291,33.3375480591,31.9262276977,33.3194471184,41.3278671266,48.4696589122,92.6941580921,148.0699682088,32.2102100466
RPL7,164.1361825043,248.2016049483,393.3765808705,96.4898514774,852.59508735,420.372668568,126.8657873962,298.8231917557,98.3391921767,118.7687504686,330.1201538103,63.0558881513,121.9572101664,185.1928810156,504.558697277,388.1344989685,1033.5746325825,87.5062763611,217.9953439871,79.7605861827
RRAS,108.6019515103,388.5406402521,73.4113872911,41.6367761643,43.2836451033,38.4275171193,37.1950314429,44.8692550256,12.8420608229,31.2351431131,34.6717219983,129.8714139341,271.2748251768,203.6275942059,21.4621547583,99.0314457315,27.64082708,21.897825288,43.1669350429,102.0122779364
S100A12,655.9390706319,103.5363810713,46.0308480095,71.4796776086,29.626233464,27.2597006303,20.5600174438,19.9815760769,43.8215957546,14.7543004335,58.425356148,20.0165160954,31.0956488492,13.012203543,14.8213363109,39.9950359002,14.0445528413,617.9793152161,123.8185102889,11.8343221178
S100B,9.6015375566,10.4524263399,11.9424836045,34.3565984339,18.7901786891,22.3286545094,11.8738991625,9.7625086217,10.5035542756,9.2719489434,8.3891091207,20.2388008706,10.358642534,11.899716531,10.0430272766,29.6743107414,9.9715370071,11.6567432912,10.1056810774,15.5141533116
S100P,117.6682209257,91.2276348803,34.5113342803,28.5515154499,25.2312240656,28.0683051986,43.5865506412,702.5883217972,1026.4920390697,25.0519459419,46.2706195448,30.9200705134,27.5295918658,20.798301493,17.9618124676,16.1208751007,15.494394912,741.1481276098,35.4236328902,16.0952042455
SCRN1,85.1375685855,225.9672476861,33.9151585953,67.6891444526,141.0246584477,43.2388251741,33.3141775388,99.0209042473,84.3181158307,30.4010791391,196.3909824509,30.8746284989,73.293637017,90.3853344693,230.924320377,134.7837020414,126.5826759198,42.8154614768,168.3179439828,114.8149179144
SDC1,20.626485745,24.6039692738,24.6051423905,16.4028894274,23.5205029361,19.2197570324,19.1065548811,28.0420808985,16.316514681,15.8329750828,21.8616877172,37.5332700851,25.5544591325,31.1272489961,24.5569892371,31.5590533748,24.7988753578,26.7896650759,996.5638323171,47.3893212348
SEC63,52.2043474606,64.6492069849,77.7309726878,53.7708767126,227.4743361207,78.1760379293,61.1427572891,65.9503753932,80.9204448735,70.5020980716,78.2171855868,40.254247235,39.4664440946,44.3402711154,95.050500305,65.9382005692,101.0408738271,55.6338199414,149.4175286785,63.673806271
SERPINF2,22.7179279983,18.7168372609,20.7661679413,23.0710057433,15.7536272111,17.8234781163,24.2516847625,15.2701620878,8.4189590368,16.9233749104,20.4842420254,26.4270749721,22.9689836138,27.1004630417,19.522715298,37.7837583805,25.1654072495,21.0277731241,29.9153224587,178.7805911899
SETBP1,25.1255142859,79.1807274836,28.0889249918,86.325128297,140.0161993192,36.941034389,11.2999734112,32.2871000155,31.0129325747,67.9032980659,45.5551319653,21.2440053655,17.2059778325,20.8123126979,157.685031215,27.9384703155,149.4771372688,26.2269044857,77.9559593166,62.1369964007
SF3A3,109.4477110786,273.0136464336,191.0306860703,106.430659574,188.1798452012,191.0686657101,76.5654121514,263.9163199702,70.5365348905,165.7063708056,220.032351828,115.0015053278,146.5464828826,184.9975743111,95.6006585343,221.1218099715,96.6583586139,90.5625119689,54.3154928135,77.4522236644
SFTPD,26.135152073,111.0084148655,19.814971301,15.6863971031,27.5103497515,13.7365666649,16.9312023572,15.2497737263,10.3207703857,9.6961785196,13.4081057205,21.637850909,11.7608540267,17.6792070881,10.9541358806,32.9134682399,12.1158797933,21.0069756076,9.9814067472,25.8940582705
SFXN3,79.386929251,104.4240825024,62.7997599999,65.4576732518,146.8795384768,70.1371737789,140.5627140397,52.2150665512,77.0727744845,67.0042591335,59.2824615845,163.6813683468,49.6750807188,52.5494577708,32.319372861,60.7843149474,22.7317235217,59.4115488538,26.1678219262,53.8256617694
SH3BP2,61.6090323313,78.3142549509,42.0223167361,73.5103077411,77.2912728083,46.301601467,25.0276186096,24.3187856057,64.2292616963,37.3746721352,25.4385035659,34.9419523108,29.5625660337,28.1842690768,44.2139935253,36.8881831011,78.1684329592,89.6996589736,26.6563633601,28.2509880665
SIDT1,23.9327604304,30.6017107792,80.3337202105,65.2425293618,141.0752991531,87.9541974211,17.8658606397,50.3329630147,34.0996006128,120.1096966187,54.5811677808,40.8384130567,14.0486354245,13.8906268433,167.5136467376,27.397941372,252.9932428693,37.560113696,66.1333142076,56.1918393513
SIGLEC6,22.0111765145,30.1714699322,27.619728355,28.0861524482,28.7529300748,21.3414742855,149.1954657489,39.9843240981,27.3151621121,21.0184300096,14.9577679402,34.5167315343,17.2076567795,20.7425562362,65.9137513981,22.4868878285,31.3811657348,33.3182282029,18.9462169287,77.8289725418
SLC12A3,21.1323579278,26.6807296745,19.1611441654,14.6539285075,16.3081771533,17.7212051515,19.6686117954,13.5849495336,15.883879019,13.1076826771,20.4777827721,24.5230419166,11.6213122784,11.1007208934,22.5019706835,17.9575391615,18.5733627806,24.8925894556,22.9176796181,64.9354782158
SLC15A3,258.0951100697,457.1806370875,45.33917472,29.0927985047,40.4139795523,24.4990450989,28.3751642066,31.6511783315,17.1880376164,10.0732511264,54.4501423747,550.0792844484,1508.4146745724,1224.5079162148,68.7147930859,371.4928174818,86.7748669362,331.8926128316,50.3409334316,47.5473336638
SLC17A5,52.4115996107,55.0744099063,53.2764510583,33.7602552214,44.4319642878,40.9128307233,62.5905417155,18.6669906929,28.4071417723,53.9786676789,58.7379104475,204.9202752322,23.0112729268,37.038666066,44.3698691148,36.0645038502,42.4173103997,70.2530470542,105.0966430325,30.6566591855
SLC1A4,40.3256977311,74.9006715768,37.7764114853,48.3557075439,55.3191011099,40.8873703519,61.8466740183,88.1757623261,31.8844375746,134.1914707503,75.4165303941,84.8798770389,117.3956521186,53.0885368299,80.5525565936,62.4831961781,68.9406537208,34.5222467983,392.2194169898,100.4738568526
SLC38A1,28.9473144543,24.7092062497,310.1665763085,139.4567177774,377.6814612262,424.8822756778,40.4020333838,67.8236308631,224.9806248989,264.4554387912,153.1676681621,24.9556681528,21.8265774346,21.1531764652,298.4439710709,104.8000415458,488.0248688765,62.9613999411,306.882128779,71.1997803458
SLC4A1AP,72.0420718671,54.3338145739,77.1160886881,66.8354748355,250.10063077,92.1813890018,48.2552198135,91.5972228512,57.7127903686,105.2142122196,71.1211724376,69.7516024697,73.5290139611,71.1015567677,84.0798263247,66.3374413252,83.4689213572,72.0946285993,64.3932941644,27.3635156972
SLC6A13,28.7714767144,22.954601599,25.7696105639,36.7278114469,20.9804873805,26.8406653914,33.8439042299,35.264913653,26.5296149037,25.0379851723,15.4941011244,29.1926452909,41.5794298033,36.1146884094,24.5696721108,19.4379595142,20.435571061,33.0853618338,75.4196905035,123.9946538707
SLC7A7,1028.398024382,1426.3528206839,71.8339935337,55.3557872189,59.0445889942,30.8227214581,47.5934651026,33.2857826542,39.2079445056,21.6476256936,97.776392731,209.8148734705,1257.3009770479,647.2501265283,135.1840478465,161.7636613784,169.2379733549,181.1256904883,275.0393351343,16.8207414475
SLC9A3R1,156.9022663085,398.128084572,267.3826495414,248.7955009233,225.6541486878,345.9535606953,87.5844683765,652.3208140892,249.9117764126,366.1769560506,149.0533337997,55.5251864864,115.4442624986,97.9443469317,90.7157952521,100.5642059771,83.4075849923,240.0971137557,196.4708115171,20.2571293504
SLCO2B1,22.3315283104,24.0669256618,17.7445885262,17.7577018477,13.8595782499,14.8330888056,66.4114310352,18.1155649307,17.5873669836,16.0216242984,28.0210231989,357.9874635679,144.3793028456,353.0585678475,14.8006006074,39.6336404508,13.7286119815,24.2805276102,25.3927150712,31.1588485864
SMARCD3,75.8848379123,51.7634154785,34.8505065118,22.967104502,30.6551008303,30.1882187863,36.3284428456,21.4046600711,13.8458679475,17.4448014116,32.2335120294,19.716190059,38.1950704674,36.7577179123,19.6657200801,23.8970480413,18.0179341988,33.6302494407,19.4542020983,29.0632070811
SOCS2,20.3634827953,16.4890475832,64.0103896904,55.1339237794,66.6358630902,41.6919539181,71.3524917429,1285.0608025694,54.2990960339,114.5561208304,119.3934799123,27.1580964471,51.8944701697,30.6629617457,25.2267074351,46.505507821,19.5382015113,40.2458249275,38.5043352763,17.148115828
SPAG4,15.264936379,12.157390328,20.4866638198,19.8345790579,19.1584380533,19.6692955548,39.7078111488,28.4516239148,14.2497346859,27.3984507787,19.1433346686,24.2499007723,21.6151678849,18.6067781529,11.4785983811,17.2408591908,11.3257254154,28.8121741217,371.1807180533,35.8677104773
STAB2,18.5407498852,22.5286093901,19.7682593534,13.7136160142,12.8495387128,14.3923143156,18.5867731971,14.8697155216,17.7912541597,11.6034721918,19.2657536901,26.6212055609,9.2101468872,7.1475356144,15.571111002,16.8427198734,18.3063288497,17.7718783804,29.2512014651,28.8270138758
STEAP4,36.0846401147,16.2014240057,14.1493873701,13.5362779519,11.6472939588,10.4754746772,15.9564558484,20.3724948279,13.2621407989,10.1647014358,9.0085936552,15.4953610531,12.7813172168,13.0298120503,10.5765404008,17.8268633857,9.1191412127,197.0155245139,5.9821496353,15.1729199669
SYNE1,17.8183469668,13.062744784,23.5586851045,39.4971488441,163.1145958179,40.1150463052,17.4266933032,16.3427847355,192.2720732408,21.1286586398,14.2567632145,18.0850114759,15.6416582992,19.5582294386,40.6319927009,19.4517262,69.6829796379,27.9037771558,21.1661035811,17.017514587
TAGLN,48.9930519655,122.8996578567,28.8725171491,30.253449157,29.5419609782,22.6342310162,23.9309937618,51.7778570433,29.1399708691,26.5308002864,27.3897366843,23.9471121276,47.473968296,43.97621193,37.7099293737,38.5943791214,48.6469362134,36.827382381,25.703237042,28.3266110626
TBC1D8,73.2445696705,184.5374777987,32.1559919015,28.4844604791,40.4352913655,22.7486506348,41.9387514341,38.6526980843,34.0793690993,22.8392444931,29.3049073674,47.224905166,89.9754404774,75.5850879874,26.3022643331,122.218009878,27.2540785621,41.4148448165,22.5297196291,31.0289541677
TCL1A,27.0888358883,20.9584073365,30.9781104748,22.5362612009,15.0894985618,26.9656161294,18.9748992484,16.7905436525,34.2385718695,22.2899495606,51.3043794747,26.7614260287,14.6269836495,13.3429630158,67.1926973081,18.1870602774,793.8900315226,35.2503000376,58.3929452022,257.2627460896
TFEC,85.9693849378,24.0011958963,15.6307998389,22.6955694802,13.3963332021,13.6959219919,14.9405363428,15.1007722039,16.8800910656,17.1010148256,53.5900113518,54.2977031234,44.3744565745,53.039232732,34.2739171136,49.7800441822,15.1464782833,29.9024702084,13.1997000471,54.6337441333
TGM3,20.7845676768,20.9062195909,18.1101542015,17.6013214008,16.1651352252,19.1683343326,19.6022737256,31.5275704101,18.4593723188,20.6168263516,13.5606102153,27.6960138105,18.6434154884,15.8494890757,16.3006335419,24.3911997892,18.6720024435,155.5047554686,26.3551501709,37.6076960035
TLL1,8.5709436462,13.9319627322,11.4463122429,11.9612602217,12.2067787596,9.1656934672,8.211164121,14.3111246502,14.5981818271,11.2993882237,5.5518382919,12.4529520117,7.3362035401,7.513473094,9.8538944853,13.3383756292,9.8061588609,19.5298723713,8.0114060341,95.1103661265
TLR5,131.5470643165,130.5966791118,40.4477328767,29.1729263507,23.757186047,23.7139759607,21.4337387152,16.3665587814,24.1873464895,21.2850876571,22.2544579971,89.1178511951,42.207720278,96.719577212,17.4607716003,39.3063362088,19.8431742887,95.8330173573,22.1796017946,19.809177824
TLR8,213.8319908868,197.1090525738,25.793748956,31.4814977666,24.1885231636,12.2534031209,12.3906287337,16.0699978171,14.2681546473,12.1038411028,19.1985042705,69.9545814102,160.354789216,88.4265375438,10.1970707437,82.842295969,9.3266441709,292.4206308454,10.6454647791,22.7995403565
TM4SF5,16.7956390894,13.7543382928,17.0531587088,10.9512447164,14.8928319754,17.3652419907,21.415563764,8.3251647594,11.5533841209,13.4775097833,15.1826601312,18.9414266706,7.056286677,7.1458072873,13.5144633406,16.9866160213,13.1442807492,19.0709969858,48.5767642403,22.3797220296
TMC6,76.3832897823,219.0220998718,151.5296969403,145.3284357571,75.4769476931,143.6807561375,67.4419820801,119.9789094432,68.3202546698,80.4486308439,54.3814468354,115.2101893274,141.0648619627,189.3974561429,112.4773438654,105.8935472001,156.0082140998,69.311177404,69.4946165823,80.2301441192
TMEM9B,262.3187706117,521.7194662259,173.9289962911,166.9378872366,362.0249887886,182.8089030007,165.6579102481,397.3707828967,319.5457695043,211.2558294072,153.463967304,378.3296861799,338.7091206487,403.5909339576,228.5730277903,343.477066294,293.1013467941,131.5888342123,237.8066604632,81.1253671873
TMF1,61.0900158373,47.0311954311,80.8172430701,67.2536782337,268.2541723297,78.4845707628,42.7841687116,81.4606932053,65.8901759023,83.9213509646,83.0764193757,45.2944189692,45.7483507651,45.8171849328,60.7064115923,60.8104352328,70.6251211718,89.3524960687,48.9656966702,44.2313814298
TNFRSF10C,33.9684150381,32.9600097702,21.2275085479,22.2453747309,13.2433937516,18.5835655803,27.0545521008,37.3859619833,52.4894197406,11.9248325054,21.0496892267,22.5564637263,29.8333377178,28.7217459728,20.5374743013,23.6720793767,20.977881112,134.5211504524,12.0316918784,33.3206050042
TNFRSF13B,33.1073582011,23.6494365768,29.1258572638,31.2111701336,40.9353461467,25.7527608886,21.1718953455,10.1038296441,21.0922949305,29.8902411222,37.1806512181,30.7301621226,16.4063384785,15.6274862429,338.8951923001,20.3473011113,124.1332068398,34.0231143735,179.7140100303,28.4442216816
TNFRSF25,28.8646167506,33.1567788811,216.5732473755,47.5081622637,52.951485186,131.3810494818,17.9189929861,13.1883715522,10.2602102721,66.3917571381,37.763778547,20.8027441043,13.7575001411,18.546813895,17.4518471188,26.4435887551,18.995314436,29.2507100916,19.7234711415,31.9929374099
TNNI2,32.202722513,89.5708101549,19.3723966863,15.3851392948,19.9390479269,14.1472838469,15.4702328678,49.5494432525,17.239502706,8.2434012127,30.3545574822,75.7729954977,36.8514024685,42.3402093439,16.359423911,34.952897042,16.102058675,62.8862198215,13.2576981133,90.9981023591
TOMM22,98.1826432027,283.9785378491,129.3696591346,110.3852090423,92.0578827494,112.3008104735,97.0048747735,89.9808783663,18.947198613,116.9327930161,133.710210848,64.2176112304,126.5062287464,134.6982807898,129.3724564239,204.7090708366,100.5764343391,50.8226144585,103.8872667276,57.7878750397
TOMM34,71.8725391518,117.2705547774,88.1499336438,50.0466564473,33.6652724747,77.7459138939,86.6040143608,130.4273540089,39.1877589962,125.4198410857,100.2688021248,86.3741660102,113.7891705973,97.6933573224,59.490119325,346.5091972591,80.3794474163,70.4067951378,133.8835247875,68.1936091057
TRAF3IP2,35.0819024634,15.7480947991,48.6399924285,30.0060938758,37.0403228734,35.1323648718,27.0269357309,62.7922906582,32.1835527701,25.5409916822,32.5230098378,31.097800117,53.077523181,29.1473134921,60.2158609221,45.1462534225,76.053841353,39.1078440744,22.8670234194,25.9295898329
TRAK1,71.061341419,128.5234177508,53.6415040682,54.6498546529,80.6910112374,51.1514585529,37.6415730373,77.6448162378,45.8340563547,47.2653148041,72.6539788667,79.8175285389,95.1512921556,93.6529840299,109.6521488215,102.7326588281,154.9530298015,61.0969387807,71.532558598,39.4350032436
TRAT1,12.3783200593,13.7524998304,233.6199017095,29.1390722305,16.3825998799,167.2247739147,7.9087500574,85.3481098739,21.431439963,204.1391241208,8.3278366749,22.3328634507,13.8460215159,10.4028619811,10.1795320426,17.8318769009,7.6020235545,34.0520082478,13.5865664296,45.7786196757
TREM1,189.0386584069,138.3063717321,27.5856412407,26.9045890287,16.8573789351,22.5725200505,21.3728036583,18.4334631009,31.0773280875,13.0675608556,36.3398805441,21.7319063742,60.2397994086,36.9834244516,20.0215367461,72.9677392622,30.0796876125,769.9501437034,29.7099649474,31.5841051235
TREML2,30.8800669626,38.2131872142,27.6124684664,26.3638512988,17.2966125245,24.3405328833,26.4842591061,52.6311721074,61.2411021492,25.736810678,30.542854331,22.5178446908,24.9943371313,30.2835198908,33.6225685979,22.1255796131,59.047039508,164.5609373459,31.4550275154,33.7727786664
TRIB1,121.4633861975,206.8125086733,72.8552546615,27.7401699791,36.19840256,30.5395714099,90.7217003627,147.0583983158,587.5310684505,36.7567869934,35.7249981932,80.2626264174,351.0651421098,440.9922672312,35.5330923037,249.7538196789,25.6028137047,145.0829251964,1094.1122874789,127.108802769
TSPAN7,11.4787650558,15.3294218497,17.0023204252,12.5029289104,15.3375925332,14.0554313041,17.7928212346,13.0945691205,21.4338908079,22.8532499091,40.9304524996,12.8122729366,10.3898174239,42.6868416126,11.8470360301,17.2152140204,12.9813021487,28.0798958108,46.6908058834,20.1785091948
TUBB6,84.6528715724,56.6153635601,33.2058379027,29.11667778,47.4798173097,32.2264328587,172.2226949614,25.1691703941,24.1102479631,32.4973255108,170.8818425854,103.7500098079,174.303104618,203.2043101561,81.3675215242,175.1226667511,49.5408706118,24.6815938018,50.8358652564,125.3870006593
TULP2,25.5257522765,31.4763975912,20.521699754,13.9309487527,22.2281076983,16.0248828867,18.8500738283,10.5110641256,18.5302294534,19.1933739127,19.3414525353,34.0227823379,8.4864311911,10.022635476,21.1184089679,14.9383876735,38.2894844537,35.9257519876,26.3132811328,45.6711657393
TYRO3,21.3015923818,12.4102382096,19.3190119716,16.9513651547,12.9491995357,15.1284924286,22.0065795734,15.922710419,10.2523654686,15.9323456393,17.7119737609,26.9418828543,21.3456895144,18.5379862889,13.5644134125,17.04277939,17.4351122155,21.0015763141,23.1434973824,39.3163325638
UBE2J1,133.7828720363,365.0697934188,98.3984443009,92.6584110828,196.0476083065,96.2461872222,93.3907083098,289.3464782152,119.9071041742,94.232789099,158.8062130997,70.8935360289,225.3800837241,187.8770260489,316.4862677665,162.939558201,168.2494471776,142.9084529624,755.3961367342,92.266391383
ULK2,34.8462745359,105.2756955566,33.9002961051,42.807535656,63.0113890801,32.038608043,24.0667748779,42.1407107126,25.3512108491,22.748980844,27.0007541005,21.9780490278,43.4458317271,37.4281742412,18.548793175,42.9289654943,16.3826090719,27.0772871881,16.1247158673,30.017961401
WEE1,18.3155315775,16.8983476278,43.8903613358,45.8969399786,52.7142244597,52.2143718615,104.0608245624,67.8902950979,88.5031802955,110.0918455155,123.5622923217,27.5844764606,29.4939183927,22.9059621441,162.4926037871,37.6317516351,70.3753519531,40.3949701048,36.6929713918,24.3067551009
YTHDF3,137.7057601933,178.3100203525,107.5264164437,93.153564547,448.823763203,105.5709978871,92.3685093125,138.9261545012,152.1381500457,195.4109530534,127.9294896209,117.0376528163,96.0371273927,98.9436231437,106.9180513716,147.1427163523,89.4916497388,199.934036932,54.0707670651,74.9771083063
ZC3H12A,76.6062324695,85.4412896803,90.6226883645,101.9730179457,93.6169987918,102.7194459654,53.0903217811,146.3930147723,27.3508032174,110.1094516239,32.2538774471,93.0984215277,324.6611914954,132.9781256965,72.1806316321,103.5675780929,92.8736222451,215.8209126946,135.9857057718,48.2720528439
ZDHHC13,25.5841187077,26.4539105306,47.2751073164,44.3164249019,49.2929336599,53.7469345902,47.1821259567,47.2638167416,130.803086296,48.4727291084,31.561259147,29.5814469127,44.3267292221,37.3778748828,46.4376120623,54.6534961096,48.1392169532,44.7596529315,32.5606963781,36.075263885
ZNF180,42.6840865333,29.3860680823,37.4903839551,28.4626332015,48.3761869725,26.0460024951,42.5096754997,13.8993264623,38.8097498629,54.2853327708,41.7489697728,44.6697623933,11.1598993498,10.3636904125,23.6720592925,21.2496471169,21.9479547047,36.9448211874,15.4870634227,15.1017200388
ZNF189,67.0202948939,32.6841239116,48.392426035,49.6419242128,44.1430786814,41.5991721091,67.814207993,64.5275454822,48.3197120154,103.4665381148,145.8562104294,52.9262440872,51.8752131748,47.8745994295,52.4312550199,65.0419424745,50.6135826406,71.1670587378,49.1400347201,38.5482245122
ZNF34,37.692188732,86.5182371771,35.8392760812,42.7391998351,35.5281305961,34.6931686583,26.2728829382,86.3707009927,12.8547950726,36.1276241237,34.8583067818,57.5161478241,42.1272018808,48.465927876,21.9309319561,46.6044822932,23.0907662064,33.7378552088,25.2918551185,20.9670108741
ZNF552,29.8275234835,25.6118683586,38.8255433987,38.5245917708,44.5225056114,46.3936982053,29.4272768746,37.8810230964,181.4223655459,27.5581308609,25.5523836837,25.0466786103,21.1359237774,18.7150375477,52.5760107129,26.7631971055,54.9073886357,31.5171250646,29.0384168287,35.4070142131
ZNF593,54.503882458,155.782646073,77.2470550195,37.5698880804,51.3974721095,77.2655046931,69.7590195812,58.616339686,10.9445331955,83.1256499211,75.5466266253,63.230451571,113.0783291759,95.5995428756,57.6275382435,98.7865851595,45.7270839269,24.8223340797,127.3755952188,64.5873924459
